subject,session,unit,n_spikes,kernel_fwhm_registry,grid_fwhm,interp_fwhm,temporal_spread,pulse_fwhm,pulse_spread,kernel_peak_t_recompute,kernel_peak_t_registry,base_hz,change_on,hit_ramp,fa_ramp
BG_031,BG_031_01052025,3,126570,0.0,0.0,0.0677719829276668,0.4486487088299915,0.1190939917390339,0.2035933588268984,0.2,0.2,13.84366576819407,-0.032345013477089,4.2540880503144685,1.6111111111111125
BG_031,BG_031_01052025,29,207679,0.0,0.0,0.0704155397421245,0.4207748697741765,0.0547523566250905,0.2418149892494625,0.6000000000000001,0.6000000000000001,21.47708894878706,2.341778975741242,7.881761006289306,7.0
BG_031,BG_031_01052025,43,164099,0.0,0.0,0.0622002881367111,0.3858244757829455,0.2279770247051723,0.2249206350212558,0.35,0.35,14.73854447439353,0.95956873315364,9.891823899371069,7.499999999999998
BG_031,BG_031_01052025,61,429544,0.15,0.15,0.1940905610978364,0.3979668271318679,0.1422489473654192,0.2184636990994514,0.35,0.35,44.40970350404312,1.069541778975747,11.401257861635225,18.666666666666664
BG_031,BG_031_01052025,74,256575,0.1499999999999999,0.1499999999999999,0.2157346756621199,0.4114557258143095,0.2093781416319243,0.2451183782968365,0.35,0.35,27.91374663072776,1.0673854447439377,28.08301886792453,21.194444444444446
BG_031,BG_031_01052025,83,158722,0.0999999999999999,0.0999999999999999,0.1246691201844107,0.3907516406642001,0.0599012040187321,0.2449646073782757,0.2,0.2,15.40700808625337,0.562803234501347,-0.6968553459119473,4.083333333333334
BG_031,BG_031_01052025,96,70009,0.0499999999999999,0.0499999999999999,0.0992952162877804,0.4237964536049216,0.1189076833330447,0.2372356755026471,0.15,0.15,7.266846361185983,1.6840970350404325,5.632704402515724,4.208333333333333
BG_031,BG_031_01052025,114,41891,0.0,0.0,0.08490211087296,0.3826551831485715,0.0708184443209898,0.2299180080179833,0.55,0.55,4.840970350404312,-0.5239892183288406,-1.3660377358490567,-1.2638888888888893
BG_031,BG_031_01052025,167,206096,0.0,0.0,0.0834183141937152,0.4175792941469559,0.0881085048039549,0.2026628402790256,0.25,0.25,20.36657681940701,2.0938005390835563,17.620125786163527,24.652777777777786
BG_031,BG_031_01052025,192,249035,0.2,0.2,0.2576574445880602,0.4423887747696925,0.0638272475287159,0.2599513026030319,0.15,0.15,23.849056603773583,0.3924528301886809,7.18490566037736,7.388888888888889
BG_031,BG_031_01052025,240,21195,0.0,0.0,0.0644524510063481,0.4327267770414343,0.0601033418002213,0.287339490996445,0.15,0.15,2.1563342318059298,0.002156334231806,-0.083018867924528,-0.0555555555555553
BG_031,BG_031_01052025,347,115363,0.05,0.05,0.0822383196545088,0.4491354786079075,0.0633374638789639,0.2828250437937227,0.05,0.05,12.021563342318055,0.9293800539083588,7.69308176100629,7.069444444444446
BG_031,BG_031_01052025,373,19413,0.0,0.0,0.077103424761168,0.4526315658615292,0.1300125511860456,0.2749519766228095,0.55,0.55,1.908355795148248,-0.5196765498652289,-0.7622641509433963,-0.0277777777777776
BG_031,BG_031_01052025,417,123759,0.05,0.05,0.0859816892423645,0.4047752253744695,0.1033528668956413,0.2683937135679663,0.3,0.3,14.619946091644204,0.6706199460916444,1.4641509433962252,3.388888888888891
BG_031,BG_031_01052025,506,109627,0.0999999999999999,0.0999999999999999,0.1571997830077549,0.4326644873876986,0.0912979889748919,0.2467006575373773,0.45,0.45,9.520215633423176,1.8156334231805964,11.255345911949687,13.138888888888893
BG_031,BG_031_01052025,508,91419,0.05,0.05,0.1350969846884849,0.3591351761075431,0.0727865923017588,0.2182040104419816,0.3,0.3,14.177897574123987,-0.1099730458221017,3.549685534591198,3.180555555555556
BG_031,BG_031_01052025,536,84480,0.0,0.0,0.062084145552728,0.4036083444493774,0.0612998660517459,0.2434983728042779,0.4,0.4,9.358490566037736,0.3622641509433961,3.1874213836477985,0.916666666666666
BG_031,BG_031_01052025,609,71168,0.0499999999999999,0.0499999999999999,0.1102491740737088,0.4325541691026004,0.1960770872638778,0.2180571035922858,0.3,0.3,8.91644204851752,-2.229649595687332,-3.3811320754716983,-4.694444444444444
BG_031,BG_031_02042025,18,180286,0.0499999999999999,0.0499999999999999,0.1143565123029019,0.4172999195226463,0.1652997614683989,0.215988034529841,0.3,0.3,16.806722689075627,0.7462184873949624,2.705882352941177,1.2450980392156872
BG_031,BG_031_02042025,79,124787,0.0499999999999999,0.0499999999999999,0.1012902055223125,0.4535625993367032,0.0914363669487571,0.2311390423968926,0.2,0.2,12.089635854341736,-0.7014005602240889,-1.9869281045751617,0.014705882352942
BG_031,BG_031_02042025,80,175212,0.0999999999999999,0.0999999999999999,0.1402650309399696,0.4062273799345871,0.0751096645340628,0.2722919003242833,0.2,0.2,15.540616246498598,-1.4229691876750683,-2.3320261437908503,0.6372549019607874
BG_031,BG_031_02042025,92,147909,0.0499999999999999,0.0499999999999999,0.1178673621530695,0.428399730201404,0.0547395593054285,0.1919203506416343,0.25,0.25,12.638655462184872,2.29467787114846,4.386928104575166,2.245098039215689
BG_031,BG_031_02042025,157,395250,0.4,0.4,0.4647787810797734,0.3321930456291708,0.1207010579899177,0.277343621969657,0.6000000000000001,0.6000000000000001,32.11204481792716,3.49579831932774,3.252287581699342,2.32352941176471
BG_031,BG_031_02042025,269,237415,0.15,0.15,0.2389344787686685,0.3684854417054797,0.1188942320906942,0.2380081509315663,0.25,0.25,21.23249299719888,2.892997198879552,8.873202614379089,10.475490196078436
BG_031,BG_031_02042025,312,99454,0.0499999999999999,0.0499999999999999,0.1134311801460594,0.4372666358798098,0.0637620592448287,0.2440999577500577,0.35,0.35,10.834733893557422,1.7142857142857153,6.993464052287585,4.975490196078434
BG_031,BG_031_02042025,327,226697,0.0,0.0,0.0679392633157298,0.4341019367712422,0.0666465707610505,0.2508728970017965,0.25,0.25,20.5266106442577,-0.6521008403361321,-3.8405228758169914,-4.3578431372549
BG_031,BG_031_02042025,388,13720,0.0,0.0,0.0829905836627753,0.4567817223112005,0.0729434641404083,0.2326575074845631,0.2,0.2,1.7815126050420165,0.7910364145658269,2.169934640522876,0.6740196078431375
BG_031,BG_031_02042025,417,438894,0.5,0.5,0.54662192512881,0.3488223739369475,0.082648898463277,0.2354499971335087,0.5,0.5,35.081232492997195,4.244257703081239,13.367320261437918,13.034313725490197
BG_031,BG_031_02042025,425,259373,0.15,0.15,0.2181236477637207,0.4259063538686327,0.1024505130026304,0.2326553067018338,0.4,0.4,22.621848739495796,2.6330532212885203,3.3045751633986957,2.274509803921564
BG_031,BG_031_02042025,461,226323,0.1499999999999999,0.1499999999999999,0.1657604740291283,0.3699606123641956,0.1194382347953182,0.2158844123677288,0.4,0.4,23.787114845938373,-1.7792717086834706,-0.3581699346405216,0.0612745098039191
BG_031,BG_031_02042025,524,176879,0.0499999999999999,0.0499999999999999,0.1263124007896344,0.427466995002396,0.0628067111334764,0.2540518423185116,0.25,0.25,13.725490196078429,0.5490196078431406,3.665359477124184,3.2205882352941178
BG_031,BG_031_02042025,525,327010,0.3,0.3,0.376586132686772,0.3874680931515061,0.0957202800905338,0.2236104297523373,0.5,0.5,28.57142857142857,-1.4969187675069977,-6.58300653594771,-9.656862745098037
BG_031,BG_031_050325,305,25980,0.0,0.0,0.0728308778061258,0.4113895699415237,0.0916880401834469,0.2675784740364803,0.5,0.5,8.048289738430583,-0.7243460764587519,0.4319248826291071,-3.153846153846154
BG_031,BG_031_050325,610,20995,0.15,0.15,0.2038950134398875,0.4140555690199849,0.0681513783724052,0.2198005045108949,0.4,0.4,4.788732394366196,0.4507042253521138,1.530516431924883,0.5897435897435903
BG_031,BG_031_070325,170,211731,0.05,0.05,0.1017612224469115,0.3511201093689511,0.0612752701867731,0.2055498156417803,0.25,0.25,18.050734312416555,1.5380507343124172,6.563862928348911,4.057613168724277
BG_031,BG_031_070325,243,495809,0.05,0.05,0.0714070895518386,0.4471461087915941,0.2023517908288646,0.2334126864454374,0.0,0.0,45.70093457943924,2.2803738317757123,8.626168224299072,9.453497942386823
BG_031,BG_031_070325,394,103367,0.0,0.0,0.0670988325926413,0.3958567376863829,0.3192761631683917,0.2528273854800253,0.5,0.5,9.86648865153538,-1.0253671562082758,-2.3676012461059184,-2.023045267489712
BG_031,BG_031_070325,430,215311,0.0499999999999999,0.0499999999999999,0.1043141321494125,0.4305616484783571,0.225418869182934,0.1880996836374922,0.15,0.15,17.583444592790386,2.248331108144193,5.666666666666664,0.3061728395061713
BG_031,BG_031_070325,497,244362,0.0,0.0,0.0830980009910857,0.3792242675839875,0.083065695806238,0.2282363804563031,0.4,0.4,21.81575433911883,-0.8437917222963982,0.6542056074766371,-0.7687242798353893
BG_031,BG_031_070325,500,22243,0.0,0.0,0.0277942331070682,0.4515733757924443,0.0706335152964686,0.252822904289827,0.0,0.0,2.002670226969292,0.4085447263017361,0.0373831775700934,-0.0345679012345674
BG_031,BG_031_08042025,51,164013,0.0999999999999999,0.0999999999999999,0.1706711071018302,0.3962034688902717,0.1014019250526168,0.2315297402506494,0.55,0.55,14.241758241758244,3.942857142857141,3.348717948717951,4.081095313322802
BG_031,BG_031_08042025,74,180870,0.0499999999999999,0.0499999999999999,0.1093665213726582,0.4333771498034187,0.0584404214454005,0.2342721646416619,0.2,0.2,13.296703296703296,-1.358241758241757,0.9846153846153848,0.2864665613480781
BG_031,BG_031_08042025,94,171756,0.0999999999999999,0.0999999999999999,0.1547973600987614,0.3066306399870816,0.1142493168489934,0.2661435021897371,0.7000000000000001,0.7000000000000001,11.8021978021978,3.090109890109892,3.3179487179487186,3.6292785676671935
BG_031,BG_031_08042025,111,198328,0.1499999999999999,0.1499999999999999,0.1986345755736389,0.3940785299244285,0.0762252081113264,0.2604337787727869,0.45,0.45,17.098901098901095,5.054945054945058,3.3128205128205157,3.558715113217485
BG_031,BG_031_08042025,148,222349,0.0,0.0,0.0276024100064292,0.4684411955057035,0.0962224831137443,0.2459187420554931,0.0,0.0,17.736263736263734,-0.659340659340657,-0.8974358974358978,-0.7814639283833564
BG_031,BG_031_08042025,203,171540,0.05,0.05,0.1094001584771074,0.3790761205221081,0.1109764685878218,0.250082794095804,0.7000000000000001,0.7000000000000001,14.571428571428571,0.4439560439560441,2.68717948717949,2.2032648762506586
BG_031,BG_031_08042025,217,130247,0.0,0.0,0.0591453448852394,0.4313813076934628,0.0845949636662293,0.2227458055573057,0.45,0.45,11.340659340659338,0.93626373626374,4.333333333333334,0.9636650868878344
BG_031,BG_031_08042025,239,180095,0.0,0.0,0.0757906089390168,0.4629334322205158,0.0959534231616484,0.2319520437663911,0.15,0.15,14.967032967032964,3.432967032967035,3.420512820512821,2.0863612427593505
BG_031,BG_031_08042025,261,162257,0.05,0.05,0.1394763920123549,0.3908336994206628,0.0352658269139619,0.2559490751014036,1.2000000000000002,1.2000000000000002,13.47252747252747,0.8659340659340682,0.9641025641025642,0.907846234860454
BG_031,BG_031_08042025,316,70417,0.1499999999999999,0.1499999999999999,0.1908703880668951,0.3846697729490493,0.0641547209303028,0.2376052310049356,0.6000000000000001,0.6000000000000001,6.021978021978021,-0.1142857142857129,1.0820512820512826,1.3417588204318074
BG_031,BG_031_08042025,360,219656,0.0999999999999999,0.0999999999999999,0.1545475580243067,0.4123093351443374,0.0797408694380259,0.2427822754073864,0.3,0.3,20.285714285714285,2.052747252747253,6.492307692307691,2.067403896787788
BG_031,BG_031_08042025,427,241507,0.25,0.25,0.2917624148150122,0.3638822145275655,0.2254023653786375,0.2062280413373547,0.6000000000000001,0.6000000000000001,19.208791208791208,3.43736263736264,0.7128205128205174,4.71195365982096
BG_031,BG_031_08042025,438,26525,0.1,0.1,0.149945811029487,0.4412164481924926,0.0873492249299202,0.2103912519757659,0.2,0.2,1.3186813186813189,-0.5802197802197802,-0.9076923076923076,-0.3854660347551344
BG_031,BG_031_08042025,498,136778,0.0,0.0,0.0737127123941312,0.4590862441162364,0.0272192145512361,0.2929687521978389,1.0,1.0,14.65934065934066,0.8175824175824165,-0.651282051282049,0.2043180621379683
BG_031,BG_031_09042025,35,321426,0.0499999999999999,0.0499999999999999,0.1037954917684458,0.420943817025258,0.2134510732903259,0.240162061813371,0.2,0.2,29.79822437449556,2.9249394673123525,4.719397363465163,2.570105820105823
BG_031,BG_031_09042025,37,79545,0.0,0.0,0.0604255979365284,0.4085343229844155,0.1534494728050333,0.2625560009624724,0.55,0.55,8.135593220338981,0.9039548022598892,1.634651600753295,0.5820105820105823
BG_031,BG_031_09042025,73,242787,0.0999999999999999,0.0999999999999999,0.1648831874504943,0.4306661045682802,0.0518963205855378,0.2665569573399675,0.45,0.45,25.37530266343825,0.3196125907990357,5.732580037664782,6.985449735449738
BG_031,BG_031_09042025,74,186858,0.05,0.05,0.0964570514699754,0.4668836501361995,0.1710862079493615,0.2304499908104492,1.4500000000000002,1.4500000000000002,17.14285714285714,1.1396287328490755,0.5047080979284395,0.093915343915345
BG_031,BG_031_09042025,113,81117,0.0,0.0,0.090414276973912,0.4244017171565115,0.1342838187052119,0.2514637435496523,0.45,0.45,6.408393866020984,2.6085552865213897,-0.6064030131826739,0.6309523809523823
BG_031,BG_031_09042025,125,137128,0.3,0.3,0.356753416239668,0.3885614656659888,0.0996615166499327,0.2120479098916065,0.3,0.3,12.058111380145276,6.179176755447944,4.259887005649716,5.555555555555557
BG_031,BG_031_09042025,155,203773,0.15,0.15,0.1707898659842208,0.4147167034642084,0.0636185340879944,0.2752527727893539,0.15,0.15,17.853107344632765,2.9152542372881385,0.9868173258003772,0.472222222222225
BG_031,BG_031_09042025,187,179801,0.0499999999999999,0.0499999999999999,0.1006848261671786,0.4076628788284713,0.1077567451166871,0.2326356840736558,0.2,0.2,16.01291364003228,2.3599677158999235,2.327683615819208,3.411375661375658
BG_031,BG_031_09042025,266,5624,0.0,0.0,0.0569546605998865,0.4502267958300915,0.1792071256595211,0.2604179130893078,0.3,0.3,0.7102502017756253,-0.0774818401937043,-0.1694915254237288,-0.1203703703703703
BG_031,BG_031_09042025,365,11413,0.0499999999999999,0.0499999999999999,0.0880374151485612,0.3764309487599659,0.0866614826109908,0.2283636302759728,0.2,0.2,1.7917675544794187,0.6941081517352707,2.16195856873823,0.5502645502645502
BG_031,BG_031_09042025,376,67341,0.2,0.2,0.2397058480186632,0.4094473917490213,0.1038449884201744,0.2730459775136992,0.5,0.5,8.167877320419693,1.594834543987087,3.178907721280602,1.9523809523809528
BG_031,BG_031_09042025,423,154846,0.0,0.0,0.0701462238744292,0.3577965278444377,0.0534139674127444,0.2567293491125767,0.15,0.15,14.995964487489909,3.2639225181598075,6.7909604519774,2.343915343915341
BG_031,BG_031_09052025,8,129149,0.0,0.0,0.0710121626490603,0.4406128567161576,0.1089922685827899,0.2293947397073041,0.7000000000000001,0.7000000000000001,16.995073891625612,-1.8916256157635427,1.080459770114942,1.744791666666666
BG_031,BG_031_09052025,19,137424,0.0,0.0,0.0730802826811215,0.3776480746528702,0.1055036806555166,0.2400424009007403,0.55,0.55,15.24630541871921,4.270935960591135,1.0689655172413772,0.0885416666666678
BG_031,BG_031_09052025,27,52834,0.1499999999999999,0.1499999999999999,0.2442574031648642,0.3562373551881425,0.1160616773072335,0.2435539796801724,0.3,0.3,7.192118226600986,1.7733990147783238,1.626436781609196,2.281250000000001
BG_031,BG_031_09052025,40,169860,0.1499999999999999,0.1499999999999999,0.203590978359022,0.4512681089997779,0.1326247062770922,0.2083676690959278,0.35,0.35,20.763546798029548,3.891625615763555,2.936781609195407,2.649305555555557
BG_031,BG_031_09052025,66,241599,0.3,0.3,0.361969579589983,0.3611598140029474,0.0645720344959339,0.2702377482192743,0.3,0.3,33.07881773399015,3.334975369458128,9.258620689655164,12.979166666666668
BG_031,BG_031_09052025,84,69763,0.05,0.05,0.084675423464722,0.4072811822687249,0.0655496183883965,0.2628565306235941,0.05,0.05,8.52216748768473,0.5123152709359609,1.614942528735634,2.145833333333335
BG_031,BG_031_09052025,88,200423,0.1,0.1,0.1772967658861888,0.3564733901796583,0.1069155277273801,0.2395658454880345,1.1,1.1,24.778325123152705,-0.6059113300492562,2.2241379310344875,-0.0520833333333321
BG_031,BG_031_09052025,108,172460,0.0499999999999999,0.0499999999999999,0.0898727638181183,0.4360876527262753,0.0642880795018248,0.2633254854376915,0.15,0.15,22.783251231527093,3.0098522167487687,9.448275862068964,-0.7256944444444429
BG_031,BG_031_09052025,131,87532,0.0499999999999999,0.0499999999999999,0.1021497459062564,0.4179821450271488,0.1111041422938245,0.2475943593532753,0.2,0.2,11.798029556650247,3.0640394088669947,4.063218390804599,3.1944444444444446
BG_031,BG_031_09052025,148,248566,0.0,0.0,0.0258321865365055,0.413720028805643,0.0282877380334997,0.2665590783966422,0.0,0.0,32.463054187192114,-1.73891625615763,3.1436781609195457,2.215277777777782
BG_031,BG_031_09052025,177,132219,0.15,0.15,0.1908438857091385,0.4058496024253267,0.1141260668078111,0.2450068880554672,0.35,0.35,23.004926108374384,2.236453201970445,9.402298850574716,11.727430555555554
BG_031,BG_031_09052025,368,6414,0.0,0.0,0.0896737413206021,0.421914791467521,0.0701454905202549,0.2309914709327979,0.2,0.2,1.45320197044335,1.3399014778325122,2.471264367816092,1.2083333333333337
BG_031,BG_031_09052025,415,65648,0.0,0.0,0.0596287667067816,0.4350387900085673,0.0337419167265778,0.2686921887305437,0.3,0.3,7.9064039408866975,-0.4581280788177322,-0.2643678160919549,0.7465277777777777
BG_031,BG_031_09052025,425,93480,0.15,0.15,0.2042783198123766,0.4001493194712568,0.2814892713169454,0.2296339847555105,0.3,0.3,19.67980295566502,2.9408866995073915,9.500000000000004,12.086805555555554
BG_031,BG_031_09052025,452,60272,0.0,0.0,0.0662111530496244,0.3873032008476506,0.0254452882077116,0.2952436708223641,0.65,0.65,6.625615763546797,-0.2118226600985213,1.0229885057471266,2.520833333333334
BG_031,BG_031_09052025,473,127555,0.05,0.05,0.1070669530993928,0.4026531747832365,0.1069673569494042,0.2544074648673573,0.8,0.8,16.25615763546798,0.8817733990147794,2.5229885057471275,0.9982638888888892
BG_031,BG_031_09052025,479,142028,0.15,0.15,0.1939865381568659,0.3885283349062793,0.1119056287189267,0.2335551198468068,0.4,0.4,18.07881773399015,-0.492610837438427,0.1666666666666643,2.65625
BG_031,BG_031_09052025,482,25580,0.0999999999999999,0.0999999999999999,0.1420309307096882,0.4170256503911002,0.1000700604691083,0.2392641066263666,0.45,0.45,3.719211822660098,-0.4778325123152704,-0.7988505747126426,-1.7447916666666663
BG_031,BG_031_09052025,531,94166,0.0499999999999999,0.0499999999999999,0.0874535507010491,0.3862168403032232,0.1853722218814634,0.2054347124251985,0.2,0.2,12.093596059113302,0.2857142857142829,0.2011494252873582,-0.2361111111111089
BG_031,BG_031_100325,58,142655,0.0,0.0,0.0643030464762347,0.3835099130365359,0.0844620191766891,0.259432400192375,0.2,0.2,12.687880839539606,0.6580907244414362,-0.48341232227488,-1.168124392614187
BG_031,BG_031_100325,75,24163,0.05,0.05,0.0936776060716673,0.4234384838461635,0.0339291505711015,0.2520516382294612,0.6000000000000001,0.6000000000000001,0.9614082599864592,-0.3168584969532837,-0.2180094786729858,-0.8046647230320699
BG_031,BG_031_100325,113,94656,0.0,0.0,0.0787397077453767,0.3717670632214148,0.101003536480936,0.2533431964695343,0.4,0.4,9.803656059580227,1.684495599187544,5.766192733017379,2.886297376093294
BG_031,BG_031_100325,380,41022,0.0,0.0,0.0782917624622591,0.3597426190622633,0.0977964028262574,0.2142285835351074,0.65,0.65,2.423832092078537,1.159106296547055,1.1563981042654028,0.6258503401360547
BG_031,BG_031_100325,426,12425,0.0,0.0,0.0720716558254648,0.4237957174991841,0.1379412451227202,0.2230111716524107,0.55,0.55,1.0155721056194988,0.1597833446174679,0.2022116903633493,0.0291545189504376
BG_031,BG_031_100325,556,77722,0.2,0.2,0.2385202268196757,0.406510196809323,0.1151227255225898,0.2276935382434694,0.55,0.55,7.935003385240351,3.4583615436696027,5.712480252764616,6.2468415937803705
BG_031,BG_031_110325,34,104820,0.0999999999999999,0.0999999999999999,0.1562986193386817,0.3798825974475273,0.0808064552156355,0.2429228779207406,0.4,0.4,11.316770186335404,0.1267080745341608,7.272463768115941,8.93270735524257
BG_031,BG_031_110325,376,153436,0.0,0.0,0.0738263107832803,0.3918917237669584,0.0601881032159892,0.230794780032268,0.05,0.05,15.527950310559008,2.159006211180124,7.182608695652172,2.782472613458524
BG_031,BG_031_110325,438,194814,0.05,0.05,0.1158570462862322,0.4710792687251623,0.0595087955585565,0.2721761559196415,0.25,0.25,18.322981366459626,-0.2012422360248429,-2.7014492753623163,-1.1079812206572797
BG_031,BG_031_110325,496,51315,0.05,0.05,0.0786597152408619,0.4658695708039865,0.0673319253218333,0.2866217313062252,0.05,0.05,4.645962732919254,0.2583850931677025,0.2811594202898542,0.2190923317683868
BG_031,BG_031_110325,518,38124,0.25,0.25,0.2841202986609644,0.3561495936409446,0.1161669785405778,0.1850638727823333,0.55,0.55,1.8633540372670807,0.8322981366459627,3.0840579710144933,2.4162754303599376
BG_031,BG_031_120325,0,301796,0.0,0.0,0.0786188724393826,0.412304473314464,0.0754011710999864,0.2408556760462367,0.15,0.15,28.52961672473868,-0.7247386759581893,-1.6878048780487802,1.1031307550644591
BG_031,BG_031_120325,6,231355,0.0999999999999999,0.0999999999999999,0.152843790148157,0.4120616594712213,0.1765761963124926,0.2500572042069979,0.6000000000000001,0.6000000000000001,18.55052264808362,0.5128919860627192,1.1252032520325166,1.2062615101289111
BG_031,BG_031_120325,45,308358,0.0,0.0,0.0563307651139266,0.3830116787434449,0.0887975656359967,0.2566563819009032,0.4,0.4,27.233449477351908,2.0738675958188253,1.895934959349592,1.5377532228360984
BG_031,BG_031_120325,114,353663,0.0,0.0,0.0732594982627888,0.4090542818500446,0.2998117319628683,0.2157187195242852,0.4,0.4,25.86759581881533,2.503135888501742,0.6991869918699187,5.471454880294658
BG_031,BG_031_120325,252,449224,0.35,0.35,0.3905527160881072,0.3691825606633332,0.0866197481417445,0.2578425035276515,0.65,0.65,38.38327526132404,1.8313588850174227,12.40325203252032,10.68692449355433
BG_031,BG_031_120325,279,278197,0.1,0.1,0.1570989912683219,0.4063016033829548,0.154166491922321,0.2643547106216267,0.55,0.55,22.32752613240418,0.7163763066202087,2.029268292682925,1.1639042357274434
BG_031,BG_031_120325,287,9747,0.0,0.0,0.0556796800350958,0.415013274595628,0.0838620550368597,0.2286788587982575,0.6000000000000001,0.6000000000000001,0.5993031358885016,0.0836236933797911,0.048780487804878,-0.2559852670349907
BG_031,BG_031_120325,340,9370,0.0499999999999999,0.0499999999999999,0.1091131829974495,0.406112502339237,0.0724931750315125,0.2188149872760947,0.2,0.2,0.7526132404181184,1.237630662020906,1.8276422764227649,0.556169429097606
BG_031,BG_031_120325,353,55779,0.2,0.2,0.2751297305025103,0.3723852527677547,0.0274311070146477,0.2658837009886899,0.4,0.4,2.4250871080139373,2.745644599303136,1.3626016260162603,1.5893186003683248
BG_031,BG_031_120325,362,28764,0.25,0.25,0.3335306297640328,0.2509250271484599,0.0712129596197618,0.2367960989600779,0.35,0.35,3.59581881533101,3.8968641114982585,3.577235772357725,4.057090239410682
BG_031,BG_031_120325,369,37068,0.0,0.0,0.0929524846934187,0.4172158585102027,0.1178756913943246,0.2478026453866973,0.55,0.55,4.05574912891986,0.373519163763067,0.9788617886178868,0.2191528545119716
BG_031,BG_031_120325,376,249621,0.0499999999999999,0.0499999999999999,0.1176844675305266,0.3969406377768409,0.1013698397654997,0.2113598599764572,0.4,0.4,19.595818815331008,2.570034843205576,1.837398373983742,4.057090239410682
BG_031,BG_031_120325,388,107786,0.0499999999999999,0.0499999999999999,0.1287661143612706,0.4148231177234928,0.1601912692465614,0.2156874586772595,0.35,0.35,9.337979094076651,1.10104529616725,-0.5560975609756085,0.3867403314917137
BG_031,BG_031_120325,424,258084,0.15,0.15,0.1945636462297003,0.4522614595539623,0.0888110647304418,0.2255254103461502,0.25,0.25,20.54355400696864,0.490592334494778,-0.7577235772357724,-0.7918968692449333
BG_031,BG_031_120325,437,508161,0.1499999999999999,0.1499999999999999,0.2078875935368922,0.3463689740282312,0.1872776937945765,0.235658054398138,0.45,0.45,38.22996515679442,5.535888501742164,4.419512195121953,8.453038674033145
BG_031,BG_031_120325,524,153602,0.0499999999999999,0.0499999999999999,0.1093106266458501,0.3906000853953755,0.07159415090843,0.2290915414473785,0.6000000000000001,0.6000000000000001,12.195121951219512,1.6585365853658534,0.8943089430894329,2.8858195211786377
BG_031,BG_031_120325,542,223848,0.1,0.1,0.1788385236514257,0.3684729669244626,0.1057985491500212,0.2423095839963811,0.5,0.5,18.84320557491289,1.390940766550525,2.7512195121951244,1.740331491712709
BG_031,BG_031_120325,555,313690,0.0999999999999999,0.0999999999999999,0.1913766048704753,0.3569947196162771,0.0775602140655773,0.2335740691760318,0.75,0.75,22.773519163763066,3.645993031358884,2.988617886178865,3.976058931860038
BG_031,BG_031_120325,567,169471,0.0,0.0,0.0650743170134154,0.436782505935092,0.1366550353439115,0.1980706040221853,0.15,0.15,13.073170731707316,2.829268292682928,2.627642276422767,1.8987108655616964
BG_031,BG_031_12052025,6,126347,0.0,0.0,0.0764328287228386,0.4806687127566896,0.0668025779615702,0.2108095238548294,0.15,0.15,19.963133640552996,2.2820276497695886,6.086021505376348,1.6679536679536682
BG_031,BG_031_12052025,32,103128,0.0,0.0,0.0879482760664802,0.3948538831419814,0.0819019643004803,0.2572418967366456,0.95,0.95,12.405529953917052,-0.6635944700460836,-2.4129032258064527,-3.3384813384813405
BG_031,BG_031_12052025,39,139076,0.0999999999999999,0.0999999999999999,0.1493972490369385,0.4075085105161576,0.0850628681130462,0.2596208485130524,0.3,0.3,18.728110599078335,0.1105990783410177,3.741935483870965,1.7863577863577902
BG_031,BG_031_12052025,50,143708,0.0999999999999999,0.0999999999999999,0.1285550589064653,0.422150972423175,0.0261039945584904,0.2428151596981813,0.35,0.35,17.6405529953917,-0.1179723502304099,3.827956989247312,5.616473616473616
BG_031,BG_031_12052025,103,109060,0.0499999999999999,0.0499999999999999,0.1011910980923035,0.3764824865539821,0.1059654588817281,0.2110955871899374,0.35,0.35,16.700460829493085,1.3124423963133651,2.6709677419354847,4.018018018018019
BG_031,BG_031_12052025,327,25305,0.0,0.0,0.0696086299360239,0.4432390487356291,0.058250050402069,0.2338501640298582,0.9,0.9,2.6543778801843314,0.6746543778801848,0.0172043010752682,-0.1389961389961387
BG_031,BG_031_12052025,398,12599,0.05,0.05,0.1075247044828502,0.4611380266296588,0.1562651621280192,0.2314125306135295,0.1,0.1,1.640552995391705,0.0368663594470046,-0.0172043010752689,-0.5199485199485199
BG_031,BG_031_12052025,416,58933,0.1,0.1,0.1313448430932914,0.3693273923314452,0.0895169337603913,0.2224989766554946,0.25,0.25,12.018433179723502,1.7880184331797242,5.070967741935483,5.009009009009011
BG_031,BG_031_12052025,442,42651,0.15,0.15,0.1937549641536262,0.363173528498662,0.0612403393479539,0.2282239269718205,0.25,0.25,9.548387096774194,3.741935483870968,13.350537634408605,5.191763191763194
BG_031,BG_031_12052025,522,118543,0.15,0.15,0.1897175952516486,0.3866829114868251,0.0647320363597181,0.2436552744065475,0.4,0.4,14.08294930875576,1.0654377880184338,0.967741935483872,1.745173745173746
BG_031,BG_031_12052025,527,9382,0.0,0.0,0.0538141321171412,0.4212988015870829,0.0797688679765151,0.2442430903396815,0.2,0.2,1.216589861751152,0.047926267281106,0.2967741935483871,0.1312741312741312
BG_031,BG_031_130325,221,188860,0.0,0.0,0.0627610536881683,0.3858071136011457,0.1281854373202341,0.2194034851250514,0.35,0.35,17.297677691766363,1.5791695988740315,1.52052545155993,-2.45117845117845
BG_031,BG_031_130325,277,186968,0.0,0.0,0.0544596702593693,0.4231463118255786,0.0602504613876538,0.2405468331973776,1.25,1.25,18.52216748768473,0.4334975369458114,1.5894909688013144,2.7407407407407405
BG_031,BG_031_130325,404,11348,0.0499999999999999,0.0499999999999999,0.1029162713024148,0.4119501691784346,0.066700427187192,0.2489501304161427,0.45,0.45,1.0133708655876144,-0.2448979591836735,1.6124794745484403,1.0909090909090906
BG_031,BG_031_130325,441,130622,0.0,0.0,0.0527762183856592,0.3968650424810361,0.0573466220379886,0.1987743050827276,0.45,0.45,12.765657987332863,1.6382828993666418,2.1116584564860403,-0.3973063973063961
BG_031,BG_031_130325,617,105922,0.0,0.0,0.0336064952056747,0.4078610730765781,0.080108630266171,0.2315329064578164,0.0,0.0,11.55524278676988,0.6220971147079535,2.817733990147783,-0.7946127946127941
BG_031,BG_031_140325,70,399164,0.0,0.0,0.0482022862029564,0.4919262794340664,0.1252413119973796,0.2307347783494428,0.0,0.0,31.312897628687104,0.9300173510699778,-0.6963562753036427,2.7577937649880155
BG_031,BG_031_140325,249,315473,0.0,0.0,0.0276853856700668,0.4316229315987369,0.0763804316502599,0.2376850674325722,0.0,0.0,22.13996529786003,2.443030653556974,0.8906882591093144,5.167865707434057
BG_031,BG_031_140325,285,16950,0.0,0.0,0.0718829004149147,0.4183200956100547,0.1504574168394601,0.2293577832150409,0.9,0.9,1.5037593984962407,-0.3377674956622327,-0.7071524966261807,-0.5371702637889688
BG_031,BG_031_140325,295,10910,0.05,0.05,0.1033708850707922,0.456712622755681,0.0719011864872563,0.2171554579440932,0.25,0.25,0.7287449392712549,0.0971659919028341,0.2375168690958166,0.0623501199040767
BG_031,BG_031_140325,379,80627,0.2,0.2,0.2657238865208366,0.3679932764826784,0.1113718374640101,0.2498403869193643,0.45,0.45,6.362058993637941,2.690572585309427,4.491228070175438,5.42685851318945
BG_031,BG_031_14042025,15,176311,0.0499999999999999,0.0499999999999999,0.0977470449730922,0.3949560919327518,0.1061881854597821,0.2540497108777483,0.65,0.65,16.63865546218487,1.7665732959850615,2.9760348583878,3.0294117647058805
BG_031,BG_031_14042025,17,229316,0.1,0.1,0.1491050890445143,0.3914051649018314,0.1210038741216851,0.2670278562973218,0.5,0.5,21.30718954248366,0.3137254901960808,2.108932461873639,-0.264705882352942
BG_031,BG_031_14042025,22,116486,0.0,0.0,0.0355504925601233,0.4497026049114764,0.0634706365059214,0.2301453373798319,1.4500000000000002,1.4500000000000002,11.185807656395893,-1.0158730158730158,0.5620915032679754,0.1372549019607838
BG_031,BG_031_14042025,53,52355,0.0,0.0,0.0891993607251672,0.4111153315265415,0.0573905825118024,0.2889876482191007,0.25,0.25,5.079365079365078,0.6722689075630264,1.1721132897603486,0.2333333333333325
BG_031,BG_031_14042025,71,195758,0.15,0.15,0.1878820800244962,0.3813088748740672,0.1112458409667575,0.2260105037009483,0.25,0.25,18.244631185807656,1.859943977591037,2.252723311546845,1.3294117647058847
BG_031,BG_031_14042025,73,301544,0.0999999999999999,0.0999999999999999,0.1384743958228528,0.3802735300021573,0.1992284309027083,0.2449052940197909,0.35,0.35,27.91783380018673,0.6573295985060774,0.1960784313725483,4.464705882352941
BG_031,BG_031_14042025,101,149156,0.2,0.2,0.2516473223638812,0.4149080262892535,0.0985632481959684,0.2239199528467744,0.45,0.45,11.69000933706816,2.5583566760037346,0.1568627450980404,-0.6098039215686271
BG_031,BG_031_14042025,124,138191,0.05,0.05,0.075378076984633,0.4902865550584878,0.0268898554785159,0.2762070421460058,0.0,0.0,12.791783380018671,0.7507002801120457,-1.4335511982570814,0.8098039215686299
BG_031,BG_031_14042025,146,334789,0.0999999999999999,0.0999999999999999,0.1681930289539851,0.4107489910131461,0.244778581197517,0.1985660837502931,0.25,0.25,28.10457516339869,0.5228758169934657,0.2309368191721184,0.4843137254901926
BG_031,BG_031_14042025,242,623439,0.0499999999999998,0.0499999999999998,0.0847610007291883,0.4422331616121793,0.1086870239191025,0.2445077714796997,1.25,1.25,52.92250233426703,2.110177404295065,0.8017429193899801,2.9803921568627487
BG_031,BG_031_14042025,264,189270,0.2,0.2,0.2370991946039291,0.3719672953975185,0.0779534515280092,0.259846794498201,0.35,0.35,13.239962651727357,2.420168067226891,1.9607843137254903,1.890196078431373
BG_031,BG_031_14042025,308,140271,0.0999999999999999,0.0999999999999999,0.1354480763318988,0.4242958114439445,0.2262827835038512,0.254660339550228,0.35,0.35,8.4593837535014,-1.583566760037348,-0.671023965141611,-2.9627450980392167
BG_031,BG_031_14042025,309,197242,0.0,0.0,0.0308611250390458,0.4842801034691623,0.0672951438174678,0.2149008050255284,1.4500000000000002,1.4500000000000002,16.489262371615308,1.8636788048552797,1.1808278867102435,1.9764705882352944
BG_031,BG_031_14042025,312,254388,0.15,0.15,0.1998111511364064,0.4048898327622032,0.0557538320081235,0.2228990872657913,0.6000000000000001,0.6000000000000001,21.66199813258637,2.9393090569561195,-0.7581699346405237,1.9313725490196132
BG_031,BG_031_14042025,321,19714,0.0,0.0,0.0645351656835883,0.4436826423883536,0.1007072961845341,0.2155171904641319,0.5,0.5,1.4565826330532212,-0.4631185807656395,-0.6143790849673203,-0.0294117647058822
BG_031,BG_031_14042025,410,9141,0.15,0.15,0.1769624118646885,0.4339037224134356,0.0675248592140753,0.2223685779093581,0.2,0.2,1.6806722689075628,1.1428571428571432,1.5511982570806104,0.9196078431372552
BG_031,BG_031_14042025,422,37760,0.0,0.0,0.0301729040328536,0.4511498964382601,0.0837994117577963,0.2279268063146873,0.0,0.0,3.8468720821662,-0.1083099906629319,0.9891067538126376,0.0686274509803928
BG_031,BG_031_14042025,454,370538,0.0999999999999999,0.0999999999999999,0.1504373741443705,0.3707991349389594,0.282990134408664,0.2068193834705505,0.6000000000000001,0.6000000000000001,34.86461251167133,0.3510737628384746,-1.328976034858389,2.774509803921571
BG_031,BG_031_14042025,473,30825,0.0,0.0,0.0809357913637993,0.3939234065137288,0.0968771833045835,0.2416508063430133,0.35,0.35,2.203548085901027,0.3846872082166204,-0.3311546840958601,-0.5078431372549019
BG_031,BG_031_14042025,474,156300,0.1,0.1,0.1774208414748896,0.4154133180451309,0.0769365540804953,0.2665893482097014,0.1,0.1,11.335200746965452,0.5602240896358559,-2.840958605664486,-0.8313725490196067
BG_031,BG_031_14042025,482,435293,0.0,0.0,0.0706989450679908,0.4076698913450376,0.2950686413209397,0.1989820132789363,0.15,0.15,35.83566760037348,0.9486461251167172,2.3398692810457504,3.088235294117645
BG_031,BG_031_14042025,524,144365,0.0,0.0,0.0737624295424064,0.4635936379294296,0.0668492453785926,0.2873535914024283,0.25,0.25,11.503267973856206,-0.7320261437908453,0.5838779956427018,-0.2960784313725479
BG_031,BG_031_14042025,534,190738,0.0499999999999999,0.0499999999999999,0.100780211365532,0.374122626023362,0.0663108111555813,0.2872866303443045,0.45,0.45,16.26517273576097,0.1269841269841265,0.6884531590413925,2.2823529411764696
BG_031,BG_031_14042025,537,265040,0.0999999999999999,0.0999999999999999,0.1505733398357882,0.3688252261834285,0.0951887846719301,0.2104201688573319,0.4,0.4,22.782446311858077,0.0672268907563058,1.2244008714596966,0.3372549019607902
BG_031,BG_031_14042025,546,223760,0.0,0.0,0.0846739565486573,0.4248613821971275,0.0636661689998071,0.2748432922792284,1.4,1.4,19.34640522875817,-0.6797385620915009,2.666666666666668,-0.4607843137254903
BG_031,BG_031_15042025,112,58265,0.0,0.0,0.0605620367133062,0.4568359498042643,0.1070296459114509,0.2462421780246801,0.2,0.2,6.981132075471697,-0.7924528301886777,-0.4213836477987414,-1.801801801801803
BG_031,BG_031_16042025,39,159993,0.0,0.0,0.0569239425836142,0.379500758581856,0.176697923914665,0.2245618126670265,0.65,0.65,20.658105939004813,0.0834670947030531,2.580524344569291,1.2076190476190476
BG_031,BG_031_16042025,153,206491,0.2,0.2,0.237273158648468,0.4061040194408517,0.0671362369326126,0.263249921049642,0.15,0.15,29.10112359550561,0.8089887640449511,9.580524344569293,11.584761904761905
BG_031,BG_031_16042025,223,165585,0.05,0.05,0.1010376217761056,0.3959704946247924,0.0748832454488412,0.2020639622804305,0.1,0.1,20.03210272873194,-0.5939004815409277,0.2771535580524364,-0.4914285714285711
BG_031,BG_031_16042025,486,247130,0.0,0.0,0.0678310505132093,0.400909057488297,0.0317672230607,0.2254420154801155,0.7000000000000001,0.7000000000000001,27.624398073836275,2.0834670947030496,5.299625468164795,4.045714285714286
BG_031,BG_031_16042025,628,137300,0.15,0.15,0.2062721323192216,0.3747261153877841,0.1158909544047562,0.2035458926303016,0.5,0.5,16.13162118780096,0.991974317817018,-0.5018726591760281,-1.8933333333333309
BG_031,BG_031_16052025,4,131581,0.0,0.0,0.0786681063995058,0.4457455447688138,0.0346599646392568,0.2374646066432334,0.15,0.15,17.323943661971832,4.309859154929576,3.55399061032864,0.3013698630136971
BG_031,BG_031_16052025,12,105017,0.1999999999999999,0.1999999999999999,0.2553193807215652,0.4645467096658538,0.0257882110817014,0.2726915543740419,1.3,1.3,14.587525150905432,-1.179074446680081,2.309859154929578,2.465753424657533
BG_031,BG_031_16052025,59,228502,0.0,0.0,0.082614203828903,0.4397524963404113,0.106396733122134,0.2360901484636971,0.25,0.25,26.237424547283695,7.706237424547286,13.65727699530516,10.876712328767123
BG_031,BG_031_16052025,60,106088,0.0,0.0,0.0692420180394923,0.3812445379006968,0.0566432064492728,0.2373629653852868,0.45,0.45,11.730382293762576,1.4245472837022124,1.7699530516431938,1.7260273972602729
BG_031,BG_031_16052025,84,73342,0.0999999999999999,0.0999999999999999,0.1484159030411447,0.4373741630937868,0.2035190598438645,0.2493292314509786,0.15,0.15,8.611670020120723,3.219315895372235,4.43661971830986,1.8477929984779315
BG_031,BG_031_16052025,97,206276,0.0499999999999999,0.0499999999999999,0.0950441804412095,0.4239306753924066,0.0864128510925418,0.2609960615570219,0.15,0.15,23.11871227364185,9.44466800804829,5.492957746478872,-1.7260273972602749
BG_031,BG_031_16052025,313,3648,0.05,0.05,0.0964878670700262,0.4186822083928381,0.065134081801886,0.2161767573480755,1.3,1.3,0.5432595573440644,-0.0080482897384306,0.2253521126760563,0.0700152207001523
BG_031,BG_031_16052025,343,73734,0.0,0.0,0.0586447128349243,0.455876891396582,0.0634747314345274,0.2613657977631082,0.5,0.5,8.812877263581488,-0.6156941649899377,-1.3474178403755888,0.3531202435312028
BG_031,BG_031_16052025,435,35349,0.2,0.2,0.255669055886554,0.3839901133872402,0.2155347337362951,0.2060308752919304,0.2,0.2,7.766599597585512,5.0784708249497,8.877934272300472,7.232876712328767
BG_031,BG_031_16052025,492,41654,0.0999999999999999,0.0999999999999999,0.138840830011038,0.4229289719631372,0.0618023426327324,0.2420232771537556,0.55,0.55,4.909456740442656,0.6961770623742449,-0.140845070422535,-0.2678843226788423
BG_031,BG_031_170325,14,55354,0.1999999999999999,0.1999999999999999,0.2498085432494551,0.3567965118118493,0.2612085889209465,0.1908010590996208,0.75,0.75,3.8253968253968247,1.2190476190476196,1.0592592592592591,1.2013651877133107
BG_031,BG_031_170325,20,47956,0.05,0.05,0.0802045771810722,0.4872057454497642,0.1857199164612043,0.221940500847154,1.4,1.4,4.2222222222222205,-0.1555555555555541,-0.1481481481481479,0.3731513083048927
BG_031,BG_031_170325,78,5912,0.0,0.0,0.065255489252259,0.4445028246586006,0.0652325776693668,0.2451306964053066,0.05,0.05,0.8571428571428571,0.3650793650793652,0.688888888888889,0.7872582480091016
BG_031,BG_031_170325,298,46568,0.0,0.0,0.0721310952513056,0.4131930734897667,0.0617699868323694,0.2454509138724143,0.7000000000000001,0.7000000000000001,5.158730158730158,-0.0698412698412696,0.837037037037037,0.3481228668941982
BG_031,BG_031_170325,303,157346,0.0,0.0,0.0701906933213724,0.4031113280276527,0.2158105261685826,0.2285415926877824,0.7000000000000001,0.7000000000000001,15.333333333333334,1.200000000000001,2.977777777777778,0.1911262798634787
BG_031,BG_031_170325,304,22628,0.05,0.05,0.0973295582258442,0.3965361457136817,0.0738283033858545,0.2780359632915815,0.5,0.5,2.6984126984126977,0.1904761904761911,1.3370370370370366,1.017064846416383
BG_031,BG_031_170325,386,151144,0.0,0.0,0.0796590257947236,0.4255575030302673,0.1064437945949,0.2260360856105776,0.15,0.15,16.730158730158728,4.514285714285716,8.374074074074077,4.325369738339024
BG_031,BG_031_170325,442,153562,0.15,0.15,0.1999133595180868,0.3927636493567136,0.1228824122976256,0.2561501587516414,0.5,0.5,14.92063492063492,1.3238095238095244,-1.677777777777779,1.774744027303754
BG_031,BG_031_170325,522,199809,0.0,0.0,0.0709518358275004,0.4342120866380315,0.1599402479426073,0.2471530231162757,0.1,0.1,21.17460317460317,-0.574603174603169,-0.1222222222222271,0.209328782707626
BG_031,BG_031_180325,101,144894,0.0,0.0,0.0777484795461773,0.4145045187773695,0.1104515339386075,0.2581527603711981,0.5,0.5,15.11045655375552,3.38438880706922,3.704467353951891,4.362530413625306
BG_031,BG_031_180325,114,161058,0.2,0.2,0.229538708270728,0.3080113066014476,0.0703149346152027,0.2160635826478121,0.6000000000000001,0.6000000000000001,15.53755522827688,3.2253313696612658,2.2061855670103085,2.447688564476884
BG_031,BG_031_180325,116,59928,0.25,0.25,0.2783516234388238,0.3945473241666751,0.0660827809810261,0.2353114038080153,0.45,0.45,8.232695139911634,1.5611192930780575,8.773195876288659,4.905109489051096
BG_031,BG_031_180325,226,52606,0.2,0.2,0.2039337936702804,0.4583776986868056,0.0908434651203899,0.2454203639296348,0.0,0.0,5.272459499263622,0.1089837997054505,0.4089347079037804,0.5231143552311446
BG_031,BG_031_180325,249,235883,0.0999999999999999,0.0999999999999999,0.1440017651238164,0.3251723802989561,0.0787841809850486,0.2522997291100776,0.8500000000000001,0.8500000000000001,27.187039764359348,1.0397643593519916,6.178694158075601,6.294403892944047
BG_031,BG_031_180325,341,51407,0.15,0.15,0.2206267017705316,0.4081847860746111,0.0878991763860657,0.2964212037163661,0.45,0.45,5.228276877761414,1.8232695139911632,0.608247422680412,2.0389294403892944
BG_031,BG_031_180325,356,5939,0.0499999999999999,0.0499999999999999,0.127092237892223,0.3915979693015458,0.0485661993476297,0.2554191105102489,0.35,0.35,0.7069219440353459,-0.0471281296023562,-0.127147766323024,-0.0900243309002433
BG_031,BG_031_180325,383,29209,0.0499999999999999,0.0499999999999999,0.0893936555748741,0.4066968889982318,0.1140373525940718,0.2156373987582366,0.45,0.45,2.871870397643593,-0.2326951399116348,0.3436426116838493,0.1143552311435525
BG_031,BG_031_180325,396,159323,0.1499999999999999,0.1499999999999999,0.1846133605624421,0.3992761423480487,0.1016533231040682,0.2038309076592379,0.4,0.4,15.743740795287184,0.2356406480117847,1.2955326460481071,-0.0656934306569354
BG_031,BG_031_180325,398,154695,0.0499999999999999,0.0499999999999999,0.0915635432433048,0.4145049250854074,0.1637972378676679,0.2115286715288105,0.15,0.15,15.69955817378498,4.8777614138438885,6.9965635738831615,2.4233576642335777
BG_031,BG_031_180325,445,314765,0.0999999999999999,0.0999999999999999,0.1537744297645807,0.3798363040152895,0.0962336930444737,0.2438021500840647,0.45,0.45,29.234167893961704,2.1678939617083977,2.869415807560145,0.948905109489047
BG_031,BG_031_180325,452,159942,0.0,0.0,0.0782560176537265,0.4474116419028942,0.1214883422101708,0.2452310233531437,0.55,0.55,16.111929307805596,0.960235640648012,0.5154639175257714,-2.17031630170316
BG_031,BG_031_180325,474,36688,0.0,0.0,0.0686178573483218,0.42174278908185,0.0752680044372929,0.2739420272697802,0.5,0.5,4.270986745213549,-0.4977908689248895,2.924398625429554,1.4428223844282249
BG_031,BG_031_190325,21,58037,0.0,0.0,0.0659778072596228,0.3851720105608611,0.070369762825794,0.2238729756816299,0.3,0.3,5.337200870195794,0.4902102973168967,1.6209813874788503,0.5246913580246915
BG_031,BG_031_190325,110,72816,0.1,0.1,0.1367664193205442,0.3705237724871474,0.0987722147181064,0.2635885807961844,0.25,0.25,7.512690355329949,2.659898477157361,8.58206429780034,3.851851851851851
BG_031,BG_031_190325,113,183934,0.25,0.25,0.3036087545313103,0.3496764993226317,0.1052993869436711,0.224068386760918,0.45,0.45,14.401740391588106,1.050036258158087,-1.1472081218274113,2.5720164609053526
BG_031,BG_031_190325,194,42810,0.15,0.15,0.2193312817000936,0.4077599277170966,0.0532876828622107,0.2574796814527993,0.65,0.65,1.870920957215373,0.0174039158810734,-0.2368866328257191,0.234567901234568
BG_031,BG_031_190325,260,62709,0.0,0.0,0.0689608979702465,0.4035706299893995,0.0559638353942256,0.2246764889895364,1.25,1.25,5.931834662799129,-0.3683828861493827,-0.0033840947546535,0.2674897119341555
BG_031,BG_031_190325,376,160409,0.0,0.0,0.0805430257030198,0.3937749211938874,0.0846254133936515,0.267138514865476,0.15,0.15,14.38723712835388,2.5264684554024672,7.654822335025381,1.8662551440329231
BG_031,BG_031_190325,386,244063,0.0,0.0,0.0742574815993753,0.3950302764908093,0.0611266112500202,0.2284716830704763,0.5,0.5,22.900652646845536,1.8912255257432944,1.1776649746192902,2.222222222222225
BG_031,BG_031_190325,391,144113,0.0,0.0,0.0624080519121024,0.427604278306464,0.0833643228560246,0.2363370909552281,0.25,0.25,11.791153009427122,1.0819434372733865,-0.2402707275803717,0.5246913580246915
BG_031,BG_031_190325,411,154385,0.25,0.25,0.3204518246149759,0.3273442668267906,0.06547380075455,0.2595248531399267,0.4,0.4,12.951414068165333,5.079042784626546,11.032148900169204,11.170781893004117
BG_031,BG_031_190325,493,118242,0.25,0.25,0.3018927170505304,0.3394615285121788,0.0621450813208447,0.2815428819105317,0.4,0.4,11.007976794778823,0.9920232052211748,1.0659898477157397,4.061728395061728
BG_031,BG_031_19052025,35,57028,0.0499999999999999,0.0499999999999999,0.0892194110963823,0.4432244644055639,0.1063987627844343,0.2394779112596667,0.6000000000000001,0.6000000000000001,17.358490566037737,0.0,0.6666666666666679,1.7210884353741491
BG_031,BG_031_19052025,61,43276,0.0,0.0,0.0679201623221275,0.449028161413292,0.2095811716302658,0.2215556512439848,0.65,0.65,10.889487870619943,1.9407008086253388,1.9245283018867931,-1.2312925170068016
BG_031,BG_031_19052025,113,52406,0.0,0.0,0.0370674365124815,0.4512380642457044,0.1138313722650306,0.2464073848377484,0.0,0.0,17.628032345013477,3.881401617250674,2.955974842767297,-0.8367346938775491
BG_031,BG_031_19052025,170,48426,0.0,0.0,0.071660161307838,0.4561001828581764,0.129550899594579,0.2406610319878022,0.1,0.1,15.202156334231807,-0.1078167115902974,-2.9685534591195,1.3333333333333357
BG_031,BG_031_19052025,194,27218,0.0,0.0,0.0822136955753699,0.4723517208321708,0.1080907758847913,0.219150634867558,0.05,0.05,9.056603773584904,-0.5283018867924518,1.1446540880503149,-0.1156462585033999
BG_031,BG_031_19052025,369,9463,0.1,0.1,0.1405948322381699,0.5095660315823017,0.1759268983227762,0.2362635364421741,0.1,0.1,1.940700808625337,0.7762803234501345,0.1886792452830188,-0.5782312925170063
BG_031,BG_031_19052025,581,60073,0.0999999999999999,0.0999999999999999,0.1383582087080571,0.4192259554760862,0.0832360880884244,0.2453384147404951,0.65,0.65,18.544474393530997,0.7008086253369292,-2.339622641509429,0.0748299319727898
BG_031,BG_031_200325,9,100903,0.0999999999999999,0.0999999999999999,0.1568196755807948,0.3873393488746299,0.1325206200513211,0.1864476276248073,0.45,0.45,9.940700808625335,0.0819407008086248,-1.2150943396226417,0.8982035928143706
BG_031,BG_031_200325,38,190858,0.0,0.0,0.0766828357341725,0.3851789457487711,0.0990324108991176,0.2812380371680017,0.45,0.45,16.5822102425876,0.4894878706199463,-0.3245283018867919,0.9540918163672636
BG_031,BG_031_200325,43,165271,0.1999999999999999,0.1999999999999999,0.2757585800056039,0.383308123494156,0.1669561576548832,0.2422107555605513,0.75,0.75,13.83288409703504,0.4765498652291118,3.783647798742136,3.095808383233537
BG_031,BG_031_200325,77,111758,0.0499999999999999,0.0499999999999999,0.1115516069232432,0.4711809141229037,0.1152036560522039,0.1854444643776806,0.15,0.15,10.156334231805928,-0.9638814016172486,-1.922012578616352,-0.3672654690618753
BG_031,BG_031_200325,105,149293,0.25,0.25,0.2761206613933007,0.4247221708101314,0.0666113496796827,0.2109172463472161,0.25,0.25,12.668463611859837,1.4296495956873336,4.0,4.894211576846308
BG_031,BG_031_200325,117,229323,0.2,0.2,0.2465102359764129,0.3595529668950941,0.0816959725017455,0.1897085024565619,0.45,0.45,18.99730458221024,4.7309973045822105,0.2113207547169793,0.233532934131734
BG_031,BG_031_200325,165,145396,0.15,0.15,0.1700480473837172,0.4427057406042252,0.0586539779798398,0.2110532533408727,0.15,0.15,13.87601078167116,-1.6345013477088948,0.5333333333333332,2.0918163672654675
BG_031,BG_031_200325,307,81358,0.0499999999999999,0.0499999999999999,0.113205552498093,0.3585992768977548,0.068980930620945,0.2370317921685898,0.6000000000000001,0.6000000000000001,9.056603773584904,-0.211320754716981,0.2691823899371055,1.984031936127744
BG_031,BG_031_200325,392,140968,0.0,0.0,0.0688697249351623,0.4330692047894348,0.0892937286598136,0.1970068540649589,0.4,0.4,12.37735849056604,-0.905660377358492,-0.3949685534591189,0.2415169660678664
BG_031,BG_031_200325,395,139921,0.05,0.05,0.1024611623859244,0.4400103281437847,0.1032059091802757,0.2380467046813233,0.1,0.1,13.218328840970347,0.0646900269541816,2.130817610062895,0.4730538922155691
BG_031,BG_031_200325,417,491192,0.1,0.1,0.1187157776265428,0.411712159420678,0.4075102380004216,0.193590168756182,0.05,0.05,38.65229110512129,3.491105121293799,3.1622641509434004,4.7185628742514965
BG_031,BG_031_200325,434,99618,0.0,0.0,0.0533862257651902,0.3975089316915213,0.0585897653126853,0.2872451422199319,0.55,0.55,7.741239892183289,0.6814016172506729,3.179874213836479,1.7664670658682642
BG_031,BG_031_200325,457,204929,0.0999999999999999,0.0999999999999999,0.1528610089086589,0.3997993900533824,0.0506952728096011,0.2543391618145909,0.4,0.4,17.811320754716977,0.4075471698113233,-1.4666666666666686,0.5728542914171619
BG_031,BG_031_200325,476,27712,0.1,0.1,0.1547215933314865,0.4795768900269065,0.248489116840628,0.2133322635421791,0.2,0.2,2.544474393530997,-0.0840970350404313,0.4905660377358494,0.5688622754491015
BG_031,BG_031_200325,500,205189,0.1,0.1,0.168489018627457,0.3500284938531873,0.0571334257532199,0.267823927526549,0.55,0.55,18.350404312668463,1.800539083557954,-0.3245283018867937,0.5748502994011986
BG_031,BG_031_200325,532,175766,0.0,0.0,0.0756716493079291,0.3763023582183469,0.0526534070467342,0.2577527834106941,0.4,0.4,14.857142857142856,2.773045822102427,3.3786163522012598,2.0918163672654675
BG_031,BG_031_210325,8,56108,0.0,0.0,0.0614141142395359,0.3956680062727198,0.0631849399528378,0.2491874989644521,1.2000000000000002,1.2000000000000002,6.227106227106225,-0.6593406593406579,-0.6202686202686216,-0.614583333333333
BG_031,BG_031_210325,42,267141,0.05,0.05,0.0700653724520169,0.4322422542399339,0.1346541613003581,0.2289315875140047,0.0,0.0,24.45839874411303,0.0983778126635286,-0.7448107448107457,-0.7854166666666629
BG_031,BG_031_210325,46,68468,0.0499999999999999,0.0499999999999999,0.1126375157600676,0.4246463804754016,0.1329271719997637,0.231931875285389,0.2,0.2,5.892203035060177,1.0675039246467826,3.0207570207570207,1.4395833333333332
BG_031,BG_031_210325,55,478499,0.0999999999999999,0.0999999999999999,0.1876266481127886,0.3777813041155425,0.116919090612121,0.2764792470567122,0.4,0.4,40.6174777603349,0.8477237048665671,-0.7057387057387032,2.872916666666669
BG_031,BG_031_210325,60,287702,0.0,0.0,0.0715477408355071,0.4338423569140101,0.0808563683483095,0.2278990967938441,0.05,0.05,27.44113029827315,-0.0272108843537388,2.124542124542124,1.9875000000000007
BG_031,BG_031_210325,69,177201,0.0499999999999999,0.0499999999999999,0.095423433954378,0.4635119049548777,0.1452357441678561,0.2688561040343574,0.15,0.15,17.205651491365778,-1.1323914181057049,-1.3919413919413923,-0.5854166666666636
BG_031,BG_031_210325,258,178563,0.0,0.0,0.097398993682194,0.4402581776118285,0.0847812408883187,0.2577986795777827,0.45,0.45,18.032443746729463,-0.2888540031397184,1.2698412698412689,2.604166666666668
BG_031,BG_031_210325,276,20642,0.0499999999999999,0.0499999999999999,0.1173488478105881,0.4232214121921487,0.1232639476317006,0.2608774988273887,1.0,1.0,1.6431187859759286,-0.2072213500784927,-0.2466422466422466,-0.0395833333333333
BG_031,BG_031_210325,301,124651,0.0499999999999999,0.0499999999999999,0.1223218691013583,0.413177824861425,0.0777224984569677,0.2397828299629211,0.2,0.2,9.44008372579801,1.6661433804290962,4.615384615384615,4.079166666666666
BG_031,BG_031_210325,353,51632,0.0999999999999999,0.0999999999999999,0.1320382258241218,0.4176256562679226,0.0747263761288562,0.2179715502472563,0.35,0.35,5.944531658817373,0.5609628466771328,2.244200244200246,1.91875
BG_031,BG_031_210325,396,208800,0.0,0.0,0.0782102452106933,0.4289218794831678,0.0364446836794561,0.2716219472971288,0.15,0.15,18.37781266352695,2.120355834641547,6.285714285714288,0.2562500000000014
BG_031,BG_031_210325,401,294268,0.05,0.05,0.0899105867745854,0.4407946256416931,0.1090612609949738,0.2516570295222485,0.55,0.55,26.572475143903716,-0.3453689167974865,-1.5433455433455414,-1.4395833333333314
BG_031,BG_031_210325,411,549599,0.1999999999999999,0.1999999999999999,0.2351038852273423,0.3371792350799747,0.386887674724501,0.2489500372697092,0.4,0.4,44.4793301936159,3.916274201988493,3.5921855921855936,8.09791666666667
BG_031,BG_031_210325,439,144681,0.0499999999999999,0.0499999999999999,0.1101761159432664,0.411862842564391,0.0798436565415435,0.2125109365335415,0.4,0.4,14.620617477760334,0.1632653061224509,-1.1599511599511594,-0.0625
BG_031,BG_031_210325,445,230998,0.0999999999999999,0.0999999999999999,0.1469374802836577,0.3902286781768027,0.079284820460366,0.2691483895523935,0.65,0.65,20.554683411826264,-0.2176870748299286,-1.9023199023199029,-0.9479166666666644
BG_031,BG_031_210325,467,204746,0.0,0.0,0.0568700218265989,0.4292622509016132,0.0589835669315529,0.2242580846468112,0.05,0.05,17.237048665620094,0.3014128728414462,0.2735042735042761,-0.2645833333333307
BG_031,BG_031_210325,520,199133,0.05,0.05,0.1301171844547808,0.3779293067192191,0.0749252730781695,0.2361856103114552,0.6000000000000001,0.6000000000000001,17.571951857666143,2.398744113029828,2.3711843711843734,1.3000000000000007
BG_031,BG_031_210325,524,112685,0.0499999999999999,0.0499999999999999,0.1066360994936707,0.3914366441881335,0.1844000196369606,0.257465712206181,0.4,0.4,10.570381998953426,0.9167974882260612,2.6935286935286946,2.289583333333334
BG_031,BG_031_22052025,36,183311,0.15,0.15,0.2425346159657322,0.4370155554664335,0.0323739840586515,0.2613552223009003,0.1,0.1,19.56302521008403,0.601680672268909,0.1019607843137215,-1.1088777219430457
BG_031,BG_031_22052025,101,221089,0.0499999999999999,0.0499999999999999,0.0974275638351686,0.4434901226284022,0.0884768465863491,0.2268739452807802,0.15,0.15,26.57142857142857,6.72268907563026,7.866666666666664,-3.5108877721943017
BG_031,BG_031_22052025,427,53616,0.2,0.2,0.2103224317860523,0.3274113394953297,0.050993607110881,0.2469408299884803,0.3,0.3,13.008403361344538,1.3680672268907568,5.713725490196076,7.396984924623116
BG_031,BG_031_22052025,447,33381,0.15,0.15,0.2165139090518819,0.3968395548148553,0.0300717165468359,0.2296496166041801,0.25,0.25,6.53781512605042,4.685714285714285,8.682352941176472,5.115577889447237
BG_031,BG_031_22052025,457,108696,0.0999999999999999,0.0999999999999999,0.111427153924218,0.4389725684955294,0.0637244920585002,0.2516720752380158,0.2,0.2,15.142857142857142,0.5042016806722689,3.023529411764706,1.7252931323283054
BG_031,BG_031_240325,12,67088,0.1499999999999999,0.1499999999999999,0.2008006718032083,0.3265428745945366,0.0699470223403113,0.2532863836488818,0.45,0.45,8.250401284109149,2.7458533975387915,7.687890137328338,5.308016877637131
BG_031,BG_031_240325,15,85008,0.3500000000000001,0.3500000000000001,0.403774142069778,0.2758413742107796,0.2517364288891246,0.2426380227527491,0.4,0.4,13.504547886570355,2.6902086677367585,23.470661672908868,24.84599156118144
BG_031,BG_031_240325,52,185934,0.0999999999999999,0.0999999999999999,0.1569213335987974,0.3706337113329561,0.157940181889541,0.2389964893744864,0.45,0.45,16.340288924558585,1.502407704654896,4.559300873907617,7.130801687763716
BG_031,BG_031_240325,85,257834,0.25,0.25,0.2779776395589385,0.4760061091279572,0.1111879055795554,0.2196956826974094,0.15,0.15,24.151952915997857,-0.3616907437132113,2.3820224719101155,2.5464135021097114
BG_031,BG_031_240325,88,68112,0.0499999999999999,0.0499999999999999,0.1378955991947361,0.3786057501458067,0.3291956921970115,0.2179021078828816,0.5,0.5,5.12573568753344,2.9192081326912787,12.754057428214733,14.354430379746836
BG_031,BG_031_240325,208,118237,0.0,0.0,0.0850593550515771,0.4525625913604625,0.0635829936812755,0.2572171865179287,0.15,0.15,10.604601391118244,1.0807918673087222,0.9912609238451946,-1.2341772151898738
BG_031,BG_031_240325,271,215321,0.1999999999999999,0.1999999999999999,0.2810748859595156,0.3819142098583715,0.0695498383442649,0.2449344637290373,0.4,0.4,19.71107544141252,-0.0406634563937906,2.569288389513112,1.2573839662447277
BG_031,BG_031_240325,350,70870,0.0,0.0,0.0773054362678698,0.3865584054057625,0.0667104642268655,0.2096932917725926,0.35,0.35,6.91278758694489,-0.7704654895666128,-3.625468164794008,-4.407172995780591
BG_031,BG_031_240325,391,236501,0.0,0.0,0.076445745827735,0.4247545405440379,0.0753503520555051,0.2584846682785746,1.0,1.0,21.273408239700373,2.63670411985019,8.888888888888893,12.732067510548523
BG_031,BG_031_240325,393,208133,0.0,0.0,0.0705779178174851,0.377774715708885,0.2114756450455328,0.2323389743233713,0.15,0.15,17.88121990369181,1.474585339753883,3.985018726591761,-3.1856540084388207
BG_031,BG_031_240325,433,236561,0.0,0.0,0.0735455141398577,0.4135379174493426,0.0450351649843047,0.2979750241524438,0.25,0.25,21.979668271803103,-0.451578384162655,0.6666666666666643,1.0253164556961991
BG_031,BG_031_240325,437,399686,0.1,0.1,0.1446105162072427,0.4222593132111596,0.2101042487859959,0.2292691316604714,0.3,0.3,36.50080256821829,3.124665596575717,6.736579275905122,15.915611814346
BG_031,BG_031_240325,448,229492,0.0,0.0,0.0641280448365233,0.4169849083958497,0.0532081441856179,0.239197394081331,0.65,0.65,22.63242375601926,-0.0856072766185107,4.604244694132333,3.546413502109708
BG_031,BG_031_250325,15,112820,0.1499999999999999,0.1499999999999999,0.2227118691044007,0.3269843280692412,0.1939690896973329,0.2511463310529593,0.35,0.35,17.33193277310924,8.006302521008408,7.845588235294119,12.802607076350094
BG_031,BG_031_250325,121,175328,0.0999999999999999,0.0999999999999999,0.1905042917876918,0.4022898565008749,0.1996739279046926,0.1920946952421106,0.45,0.45,15.819327731092438,1.0336134453781494,1.1911764705882373,3.0540037243947893
BG_031,BG_031_250325,196,138078,0.0,0.0,0.0852874969314562,0.4097873902126998,0.1728107131622578,0.2273458885651064,0.3,0.3,10.126050420168063,-0.5819327731092407,-1.6225490196078418,-2.0912476722532585
BG_031,BG_031_250325,287,60195,0.1500000000000001,0.1500000000000001,0.2043610536388936,0.4879751762449262,0.0795637671855529,0.2962661524708486,1.15,1.15,4.369747899159663,-0.0462184873949578,-0.3700980392156854,-0.0316573556797008
BG_031,BG_031_250325,294,357512,0.25,0.25,0.3063776821806906,0.4160136627596896,0.0519385095845462,0.239288703426467,0.45,0.45,31.05042016806723,4.126050420168067,4.921568627450984,5.90875232774674
BG_031,BG_031_250325,368,111098,0.3,0.3,0.3507652306973211,0.4148597588190414,0.0253169121930866,0.2643005561041839,0.3,0.3,11.207983193277313,-0.1050420168067223,-0.0122549019607838,2.5344506517690863
BG_031,BG_031_250325,409,90323,0.1499999999999999,0.1499999999999999,0.2019520941169608,0.4784790117035187,0.0540705094772639,0.1997404288750133,1.15,1.15,9.348739495798318,-0.1575630252100825,1.1985294117647047,-0.3296089385474854
BG_031,BG_031_250325,411,219053,0.0,0.0,0.0664737249033337,0.4208033401588715,0.0604611413977684,0.2478993746339556,0.15,0.15,18.308823529411764,4.941176470588236,4.1102941176470615,0.8454376163873398
BG_031,BG_031_250325,419,252102,0.0,0.0,0.0695734188298104,0.4236295155395243,0.1018481335909081,0.2105510865254139,0.3,0.3,20.44117647058824,1.264705882352942,1.338235294117645,1.23091247672253
BG_031,BG_031_250325,442,153235,0.0499999999999999,0.0499999999999999,0.091993785527546,0.3971734992729666,0.0778921300537511,0.2465617076518725,0.45,0.45,14.296218487394956,0.6008403361344552,-0.5294117647058822,0.3519553072625694
BG_031,BG_031_250325,545,42328,0.0999999999999999,0.0999999999999999,0.1671275866757757,0.3954624035495833,0.0627292165408251,0.2599444111540588,0.25,0.25,4.7478991596638656,-0.7773109243697478,0.5318627450980391,0.8305400372439484
BG_031,BG_031_25042025,12,185985,0.0,0.0,0.0597282653058294,0.4783567422921687,0.0579822197659453,0.2125869557463794,0.15,0.15,24.78664192949907,4.044526901669762,1.580086580086579,-1.88771929824561
BG_031,BG_031_25042025,67,53110,0.0,0.0,0.0591547123094223,0.4416485942922082,0.0699615104142006,0.2754397119333647,0.4,0.4,6.363636363636363,1.1688311688311694,1.2554112554112562,-0.3719298245614029
BG_031,BG_031_25042025,170,190794,0.0,0.0,0.0748717085157775,0.39211457268341,0.1283158578387576,0.2042002085919568,0.55,0.55,22.745825602968456,1.1243042671614134,8.601731601731604,6.736842105263165
BG_031,BG_031_25042025,219,169643,0.05,0.05,0.0768329993138994,0.4293991717020202,0.1465211242747286,0.2452064752479365,0.7000000000000001,0.7000000000000001,19.8330241187384,-0.9758812615955428,0.8744588744588739,3.080701754385963
BG_031,BG_031_25042025,503,284441,0.1,0.1,0.1464549219098826,0.4046617790644708,0.0783790166810267,0.2029740213555124,1.05,1.05,34.61966604823747,1.6141001855287629,5.744588744588739,8.659649122807018
BG_031,BG_031_25042025,512,140168,0.05,0.05,0.0841338092559189,0.4705957663819674,0.0988402296882533,0.2095579064489784,0.05,0.05,16.41929499072356,-0.9647495361781058,-0.6969696969696937,0.6456140350877178
BG_031,BG_031_260325,7,78841,0.0999999999999999,0.0999999999999999,0.1270925321511441,0.3857261002684081,0.2451791251839486,0.1997134460558834,0.6000000000000001,0.6000000000000001,9.634002361275083,-2.4273907910271517,-3.0082644628099144,-3.534502923976607
BG_031,BG_031_260325,22,104775,0.2,0.2,0.2491674878898105,0.3552014619241448,0.0449830262864323,0.2296321816886604,0.35,0.35,15.253837072018891,7.357733175914992,33.24517906336088,28.568421052631574
BG_031,BG_031_260325,30,113769,0.15,0.15,0.1825377108503353,0.410803152767749,0.0789614876858236,0.2428640728372385,0.3,0.3,11.452184179456909,2.0684769775678866,9.556473829201105,7.728654970760232
BG_031,BG_031_260325,53,188602,0.15,0.15,0.2016034988181242,0.4095275763396006,0.2515635682425693,0.2115127608208179,0.35,0.35,16.682408500590316,1.2018890200708403,7.892561983471076,6.512280701754385
BG_031,BG_031_260325,55,243505,0.1,0.1,0.1135748871890082,0.4223820395275923,0.0379301548142878,0.2713794688799146,0.55,0.55,20.85005903187721,0.3400236127508869,3.696969696969692,5.7029239766081865
BG_031,BG_031_260325,61,56084,0.1999999999999999,0.1999999999999999,0.2575628946892863,0.3973396383864518,0.026079299548973,0.2504097863088254,0.5,0.5,4.545454545454544,0.6611570247933898,4.512396694214876,4.070175438596491
BG_031,BG_031_260325,89,149710,0.0499999999999999,0.0499999999999999,0.1307753985823885,0.3885776737277329,0.0928362633857928,0.2395386531781207,0.25,0.25,12.396694214876034,1.768595041322314,5.1212121212121176,4.477192982456142
BG_031,BG_031_260325,105,287147,0.15,0.15,0.1680772651170982,0.3947718733446365,0.2704115797924975,0.229114100230623,0.9,0.9,26.26918536009445,0.4746162927981103,2.9586776859504127,1.513450292397664
BG_031,BG_031_260325,138,170567,0.0,0.0,0.0787904300920707,0.4142387256647995,0.0915156060572819,0.2662661804374548,0.15,0.15,13.67178276269185,2.724911452184182,2.333333333333332,-1.2187134502923964
BG_031,BG_031_260325,175,368266,0.0,0.0,0.0850815732094158,0.3854151563727834,0.1429400967703909,0.244586366664559,0.15,0.15,29.634002361275087,1.2916174734356574,3.515151515151516,2.484210526315792
BG_031,BG_031_260325,240,513290,0.1,0.1,0.1709613136852381,0.4300544893482557,0.1109913877121563,0.2390837826127299,0.35,0.35,43.04604486422667,-1.8890200708382423,-3.269972451790629,-3.2257309941520447
BG_031,BG_031_260325,311,83943,0.1,0.1,0.1437533205618821,0.4118564924002285,0.0621175155109984,0.2908527988911284,0.25,0.25,8.099173553719007,1.7685950413223157,3.809917355371901,0.6970760233918121
BG_031,BG_031_260325,354,144731,0.0,0.0,0.0774004542619153,0.431936724582165,0.1091030557105609,0.2236987330886738,1.35,1.35,9.10271546635183,0.8807556080283359,3.43526170798898,0.0304093567251459
BG_031,BG_031_260325,394,22409,0.1999999999999999,0.1999999999999999,0.2369765817865713,0.3719082744214743,0.0759467847439283,0.2512238972677244,0.7000000000000001,0.7000000000000001,1.322314049586777,0.6115702479338843,2.415977961432507,2.4912280701754383
BG_031,BG_031_260325,424,221770,0.0499999999999999,0.0499999999999999,0.0924106366636923,0.418176320924068,0.0454150184918562,0.2852915201477274,0.6000000000000001,0.6000000000000001,19.61038961038961,0.3730814639905517,-0.2341597796143233,-1.4456140350877185
BG_031,BG_031_260325,426,157103,0.0499999999999999,0.0499999999999999,0.094543505268309,0.4372991937753296,0.0859392666546129,0.2483245520016506,0.45,0.45,13.423848878394333,1.1546635182998823,1.8236914600550944,0.0584795321637443
BG_031,BG_031_260325,471,191174,0.05,0.05,0.0787913288996872,0.4256309981828645,0.1120453913610191,0.2786898132039332,0.05,0.05,16.63518299881936,-0.0070838252656422,1.12947658402204,0.7602339181286553
BG_031,BG_031_260325,480,140569,0.15,0.15,0.2152496763784387,0.4112242520537517,0.0679032343493845,0.2205944176943685,0.25,0.25,10.802833530106255,-1.3813459268004706,-4.231404958677686,-1.978947368421052
BG_031,BG_031_260325,535,34017,0.0999999999999999,0.0999999999999999,0.1180069049415752,0.4290408186632503,0.0583095722221238,0.2309586347384986,0.35,0.35,2.4203069657615104,0.1912632821723741,1.2892561983471076,0.825730994152047
BG_031,BG_031_270325,1,153915,0.15,0.15,0.1775430506828966,0.4440835709533528,0.1328001201520615,0.2734909526190513,0.25,0.25,16.66359447004608,0.6525345622119865,3.2086021505376365,3.462759462759461
BG_031,BG_031_270325,20,90400,0.0999999999999999,0.0999999999999999,0.1507681513012134,0.3802050695694572,0.1716632699815332,0.2471827989797745,0.7000000000000001,0.7000000000000001,9.493087557603689,1.0101382488479267,-0.4387096774193537,0.8766788766788753
BG_031,BG_031_270325,24,88112,0.25,0.25,0.3039453405812912,0.3866569068474789,0.0661189627100059,0.2122741872972801,0.35,0.35,14.617511520737324,6.311520737327193,13.93978494623656,12.544566544566548
BG_031,BG_031_270325,27,191442,0.0,0.0,0.0701294774833208,0.4315851826009251,0.0847347079742265,0.2390852266221726,0.65,0.65,20.53456221198156,-0.4055299539170462,0.8602150537634401,0.0244200244200243
BG_031,BG_031_270325,31,35264,0.0,0.0,0.085787953201806,0.4097648638391957,0.1050988296058191,0.2359834360788125,0.45,0.45,4.460829493087557,-0.0221198156682023,0.6322580645161295,1.152625152625154
BG_031,BG_031_270325,64,76433,0.0,0.0,0.0571743733798472,0.4460144371113688,0.1445184583142886,0.2620099409344452,0.7000000000000001,0.7000000000000001,6.193548387096774,-0.4387096774193546,-0.2666666666666657,1.2283272283272293
BG_031,BG_031_270325,107,412621,0.1499999999999999,0.1499999999999999,0.2014499600589707,0.4299874904633842,0.1566284075527094,0.2605442058738659,0.4,0.4,41.30875576036866,-2.4700460829493096,-2.8645161290322605,-2.2905982905982896
BG_031,BG_031_270325,135,198277,0.0,0.0,0.0733506698702181,0.3937138218188736,0.0699531471437605,0.2715726675518647,0.15,0.15,17.91705069124424,3.83778801843318,6.184946236559142,-0.6691086691086703
BG_031,BG_031_270325,239,195575,0.0999999999999999,0.0999999999999999,0.1778205971004126,0.3380610679094393,0.1520210783626877,0.2471178828773547,0.3,0.3,20.92165898617511,0.6009216589861808,5.888172043010755,6.6227106227106205
BG_031,BG_031_270325,293,124209,0.0499999999999999,0.0499999999999999,0.1258774149426358,0.416491856932264,0.055987127071333,0.2561921260815062,0.2,0.2,12.534562211981566,3.5686635944700456,6.447311827956991,6.19047619047619
BG_031,BG_031_270325,319,79773,0.1,0.1,0.1662564797801112,0.4303731301340657,0.099767013969194,0.2499894454728277,0.3,0.3,8.608294930875575,1.3271889400921673,1.9870967741935492,0.67887667887668
BG_031,BG_031_270325,370,33652,0.15,0.15,0.2320168037743617,0.4223544283538609,0.0429786336193188,0.3024789406187795,0.4,0.4,2.1198156682027647,0.1511520737327192,1.449462365591398,0.7301587301587305
BG_031,BG_031_270325,427,202427,0.0499999999999999,0.0499999999999999,0.0956167506647062,0.4346677849541784,0.1284782960299403,0.2517598402238455,0.15,0.15,17.050691244239633,3.646082949308752,7.096774193548384,-0.0512820512820511
BG_031,BG_031_270325,442,440611,0.1999999999999999,0.1999999999999999,0.2370892145020255,0.3737297053135571,0.2507800944335633,0.2178235504511877,0.4,0.4,34.85714285714286,6.149308755760366,8.843010752688173,9.72161172161172
BG_031,BG_031_270325,510,224533,0.1,0.1,0.1550413645070985,0.4614237962651616,0.1584119406222697,0.2561903457039195,0.1,0.1,20.14746543778802,1.0396313364055274,2.5247311827957013,3.2185592185592213
BG_039,BG_039_01052025,150,57760,0.35,0.35,0.3825274620218007,0.3529997802166284,0.0565560664468918,0.2691640544777494,0.8,0.8,3.7857142857142847,0.0642857142857153,14.2875,8.80952380952381
BG_039,BG_039_01052025,379,8728,0.05,0.05,0.1221736621836795,0.4180827195904681,0.0636642038180188,0.2351343433858956,0.55,0.55,0.8214285714285714,-0.0964285714285714,3.791666666666667,1.904761904761904
BG_039,BG_039_01052025,446,60023,0.0,0.0,0.0601947648532112,0.441293933020739,0.0664788554699943,0.2013661981133259,0.25,0.25,8.178571428571427,-0.2535714285714272,1.054166666666668,-0.8888888888888875
BG_039,BG_039_01052025,689,23776,0.05,0.05,0.0989812472288824,0.4442446973323752,0.1002841824929361,0.2394997901030825,0.9,0.9,3.803571428571428,-0.6035714285714278,-2.8875,-3.0
BG_039,BG_039_01052025,867,3875,0.0,0.0,0.054706771597325,0.3762528709034495,0.0936997875817192,0.2693565857207009,0.6000000000000001,0.6000000000000001,0.3749999999999999,-0.1249999999999998,0.1041666666666666,0.7301587301587302
BG_039,BG_039_02042025,66,79514,0.0,0.0,0.0859937269336364,0.4469002510770851,0.0712670374457792,0.2790750368107965,0.45,0.45,3.4933035714285707,0.5535714285714293,13.8828125,11.320987654320987
BG_039,BG_039_02042025,671,5953,0.0499999999999999,0.0499999999999999,0.117555515931644,0.414621785201899,0.1638249933115807,0.2273524511641126,0.2,0.2,0.3459821428571428,-0.0022321428571427,0.1458333333333333,0.6296296296296295
BG_039,BG_039_06052025,210,5183,0.1999999999999999,0.1999999999999999,0.2601383800056857,0.3426161723934816,0.2420656739245493,0.2685051093092314,0.65,0.65,0.8,1.0799999999999998,2.593333333333333,1.5458333333333334
BG_039,BG_039_06052025,212,11222,0.2,0.2,0.2468383327161109,0.3768964320678101,0.1044167258627598,0.2493966027298061,0.25,0.25,2.685714285714285,0.354285714285715,4.44,4.0
BG_039,BG_039_06052025,330,25969,0.35,0.35,0.445742461919091,0.3155156130685406,0.0728451346803147,0.2306514438556626,0.8,0.8,4.97142857142857,0.5885714285714299,8.133333333333336,-0.2208333333333332
BG_039,BG_039_06052025,729,62713,0.0999999999999999,0.0999999999999999,0.1597330497494137,0.4035127793342709,0.0760575807369158,0.2585547222486568,0.7000000000000001,0.7000000000000001,12.914285714285716,-1.4742857142857169,1.3266666666666698,0.0833333333333339
BG_039,BG_039_08052025,88,51538,0.0999999999999999,0.0999999999999999,0.1668647387448313,0.3886536560156298,0.175022310024051,0.2382061384676035,0.7000000000000001,0.7000000000000001,3.5105701473414475,0.830237027546445,10.110612855007474,6.049844236760125
BG_039,BG_039_08052025,116,81578,0.0499999999999999,0.0499999999999999,0.1073035987295277,0.3975985051295214,0.2983464610558579,0.2297253197879633,0.6000000000000001,0.6000000000000001,7.623318385650222,1.6143497757847545,10.878923766816143,8.323987538940811
BG_039,BG_039_08052025,140,130380,0.1499999999999999,0.1499999999999999,0.1942076140029638,0.4311891767769392,0.0894078706683538,0.2446053428677005,0.3,0.3,14.131966688020498,-0.3561819346572683,5.312406576980568,5.987538940809973
BG_039,BG_039_08052025,683,105137,0.0,0.0,0.0712711065037996,0.4727887941721476,0.0547814496034206,0.2461406693991106,0.25,0.25,15.169762972453556,0.7943625880845602,7.031390134529147,5.01557632398754
BG_039,BG_039_12052025,237,45906,0.0499999999999999,0.0499999999999999,0.1280759795835687,0.3172984804314779,0.0891592084019207,0.2804677843254166,0.2,0.2,9.583911234396671,3.4646324549237164,10.343042071197416,1.7101449275362306
BG_039,BG_039_12052025,941,89063,0.0,0.0,0.0825945399011606,0.4012376120833048,0.0293185448353426,0.2539801052839856,0.4,0.4,12.17753120665742,0.9680998613037451,10.33980582524272,7.173913043478262
BG_039,BG_039_14052025,933,5311,0.0499999999999999,0.0499999999999999,0.1270396228443143,0.4406963723432305,0.0704013840108954,0.2516374104466714,0.4,0.4,0.7061379684953828,0.084736556219446,-0.1698352344740177,-0.0528052805280528
BG_039,BG_039_14052025,1005,27534,0.0,0.0,0.0670345354529583,0.3909204352502681,0.1581530303184816,0.2702771147193045,0.9,0.9,1.9989136338946227,0.1303639326453012,1.049429657794677,0.2772277227722775
BG_039,BG_039_15042025,267,65992,0.0,0.0,0.0620868112371624,0.4399765036915997,0.1171713914808589,0.2449436955690749,0.9,0.9,2.2675736961451247,0.3356009070294785,7.488536155202821,4.233333333333333
BG_039,BG_039_15042025,782,207378,0.05,0.05,0.1355624904424707,0.3453733321175882,0.2322831219218557,0.2707897292355697,0.5,0.5,18.155706727135296,-0.0816326530612236,28.40564373897708,13.522222222222222
BG_039,BG_039_16042025,93,91455,0.0,0.0,0.0935451114838881,0.4264034770552171,0.0424229059769311,0.3127923609856795,1.25,1.25,3.283935981031416,0.6662714878482521,8.315352697095436,6.948453608247424
BG_039,BG_039_16042025,661,59069,0.0,0.0,0.0830246095639266,0.3962762428443652,0.0831947628007874,0.2589897667494967,0.25,0.25,5.809128630705393,0.1825726141078849,0.7109266943291841,0.8659793814433003
BG_039,BG_039_16042025,761,230761,0.15,0.15,0.2149965397308839,0.3077391511726565,0.1541687836018557,0.1989800427625703,0.45,0.45,20.770598695909896,1.4368701837581526,27.49930843706778,19.08591065292096
BG_039,BG_039_16042025,770,80355,0.1,0.1,0.1294913613438866,0.4232680468220283,0.1115888886897913,0.2490999944852022,0.2,0.2,8.026081802015412,1.4676941315945466,4.990318118948826,-0.3986254295532649
BG_039,BG_039_16052025,129,45069,0.0,0.0,0.0749679951866925,0.4219321441085414,0.1069168991914299,0.2566199644720476,0.35,0.35,4.4769403824521925,-0.5871766029246333,7.900262467191602,5.6927536231884055
BG_039,BG_039_16052025,201,164869,0.0,0.0,0.0359054286701703,0.4380189731355581,0.0521188328043554,0.2577826180029525,1.4500000000000002,1.4500000000000002,15.410573678290213,-0.0877390326209219,6.706036745406829,4.110144927536233
BG_039,BG_039_16052025,225,5537,0.1499999999999999,0.1499999999999999,0.2041847649691561,0.404704986046336,0.1763960023092324,0.2747141645153625,0.4,0.4,0.7199100112485939,0.2722159730033746,5.950131233595801,3.971014492753624
BG_039,BG_039_16052025,226,44080,0.2,0.2,0.2489402592614986,0.370885707388756,0.2036053622507804,0.2240384785696229,0.2,0.2,7.154105736782901,2.940382452193477,9.677165354330713,3.269565217391305
BG_039,BG_039_16052025,369,12772,0.0999999999999999,0.0999999999999999,0.1599401483356606,0.3925739177253187,0.0587247139077099,0.2481907268843859,0.4,0.4,1.2035995500562429,0.2609673790776154,7.703412073490815,4.133333333333333
BG_039,BG_039_16052025,848,7451,0.0,0.0,0.0606916636397004,0.4534132849780299,0.2153844610899165,0.2668094574612049,0.5,0.5,0.9786276715410572,-0.1754780652418447,0.0603674540682415,0.5797101449275365
BG_039,BG_039_16052025,856,5926,0.0,0.0,0.0732756812852462,0.3933047873663375,0.1011118506377778,0.2547982761526637,0.55,0.55,0.93363329583802,-0.1777277840269964,-0.0314960629921259,0.3999999999999999
BG_039,BG_039_16052025,895,14170,0.0,0.0,0.0594269280697808,0.401184576792894,0.0500962348827608,0.2731913057945135,0.6000000000000001,0.6000000000000001,2.5309336332958376,0.0359955005624299,-1.648293963254593,-2.3014492753623186
BG_039,BG_039_16052025,948,68357,0.3,0.3,0.3666146646409871,0.321814647422374,0.0558262812876458,0.2318283126041276,0.3,0.3,8.650168728908886,2.2947131608548936,20.225721784776905,16.20289855072464
BG_039,BG_039_20052025,189,55876,0.0499999999999999,0.0499999999999999,0.0979593003872923,0.3940000860426934,0.0254578433268816,0.2768345332500356,0.25,0.25,7.186147186147185,1.2582972582972598,-1.629629629629627,-1.0476190476190474
BG_039,BG_039_20052025,440,83984,0.05,0.05,0.1071056521266443,0.4043560307099305,0.0890911564094853,0.2186452112544525,0.7000000000000001,0.7000000000000001,7.763347763347763,2.176046176046176,8.45117845117845,2.8952380952380965
BG_039,BG_039_20052025,790,119108,0.0499999999999999,0.0499999999999999,0.1112736708640301,0.4131579532519288,0.0707352371366391,0.2493299530042291,0.65,0.65,14.68975468975469,1.8354978354978364,2.875420875420872,-0.7047619047619058
BG_039,BG_039_22052025,296,5017,0.0,0.0,0.0625376188403889,0.4433176458536598,0.0265367947975612,0.225415713495259,0.25,0.25,0.5465838509316769,0.0621118012422361,0.0666666666666668,0.2735042735042735
BG_039,BG_039_22052025,658,107528,0.0499999999999999,0.0499999999999999,0.0877804294953778,0.4166634074005647,0.0746495518136254,0.2383726699634575,0.4,0.4,12.111801242236025,-0.4596273291925445,-0.2434782608695656,0.1880341880341891
BG_046,BG_046_01072025,278,123667,0.05,0.05,0.1105835910794854,0.4204044920994167,0.0446671806697691,0.2799989282763593,0.1,0.1,14.705407586763515,1.7239709443099294,2.6591337099811714,4.328928046989722
BG_046,BG_046_01092025,54,324627,0.05,0.05,0.100349561672831,0.4004066217619162,0.0675781895385624,0.2477949721241052,0.95,0.95,46.47619047619047,0.0207792207792323,1.854545454545459,6.396551724137929
BG_046,BG_046_01092025,216,16245,0.0499999999999999,0.0499999999999999,0.1049495446622996,0.3853059916118765,0.0551272009636322,0.2497658821109719,0.6000000000000001,0.6000000000000001,2.701298701298701,-0.4952380952380948,-0.5777777777777775,0.0229885057471266
BG_046,BG_046_01092025,327,237029,0.0,0.0,0.0667973911662237,0.4752952718938157,0.0734431527800286,0.2676073204190561,0.5,0.5,28.20779220779221,1.7558441558441586,2.7797979797979764,3.051724137931032
BG_046,BG_046_01092025,336,180545,0.15,0.15,0.1987378690119922,0.404866757742881,0.0956354238368084,0.2296734817747547,0.3,0.3,22.389610389610382,0.1316017316017337,7.753535353535355,9.885057471264364
BG_046,BG_046_02072025,150,19220,0.05,0.05,0.1162481174821881,0.3643275746617045,0.1682415044857698,0.2500935821061673,0.55,0.55,0.9460737937559128,0.2989593188268685,-0.260485651214128,-0.0884955752212388
BG_046,BG_046_02072025,262,56465,0.0,0.0,0.0652196334194424,0.4378455408368792,0.1121058707017731,0.2297116699322759,0.15,0.15,6.452223273415325,1.7861873226111653,0.8079470198675498,0.3480825958702063
BG_046,BG_046_02072025,277,115567,0.0499999999999999,0.0499999999999999,0.0865371509207354,0.3913375644911815,0.1195839231369032,0.2311577346120954,0.2,0.2,13.774834437086092,0.6622516556291398,3.969094922737306,1.2772861356932168
BG_046,BG_046_02072025,501,80015,0.05,0.05,0.1038244583656183,0.4258557229583843,0.0583653756189955,0.2378089529617382,0.1,0.1,15.364238410596029,2.543046357615893,3.682119205298013,-0.4690265486725664
BG_046,BG_046_02092025,16,38260,0.0,0.0,0.0721363393131876,0.4548729800212478,0.1076084770474217,0.2473080152192802,0.25,0.25,4.520795660036166,0.1880650994575052,-0.6624472573839668,-0.0675105485232059
BG_046,BG_046_02092025,17,185611,0.0999999999999999,0.0999999999999999,0.1792504489548974,0.3976819915233594,0.0689293921144119,0.2404375117936278,0.4,0.4,20.994575045207952,1.3851717902350842,6.151898734177216,3.670886075949365
BG_046,BG_046_02092025,287,156663,0.1500000000000001,0.1500000000000001,0.185401212212851,0.4639928266708246,0.3846225024960685,0.1904308961625641,1.4,1.4,18.589511754068717,0.6509945750452104,4.4472573839662495,2.9873417721519004
BG_046,BG_046_02092025,422,210916,0.0,0.0,0.0668635385909521,0.4532283145599877,0.0935605310085421,0.2459141773549068,1.2000000000000002,1.2000000000000002,22.206148282097647,-0.6112115732368864,-1.940928270042196,-1.6033755274261594
BG_046,BG_046_03072025,191,205684,0.0,0.0,0.0609421527200238,0.4428770579216263,0.0473010266545342,0.2706673057465398,0.15,0.15,25.13022888713496,2.913970007892665,-4.41988950276243,-3.342163355408392
BG_046,BG_046_03072025,276,111354,0.0,0.0,0.0598885340950499,0.3902942723147447,0.1384740668291446,0.2576740996852744,0.1,0.1,12.217837411207578,2.4340962904498813,3.1786372007366506,4.189845474613689
BG_046,BG_046_03072025,471,160321,0.05,0.05,0.1008898232547177,0.4038998604516842,0.099637747967195,0.2547960743106796,0.55,0.55,13.970007892659826,4.416732438831886,7.580110497237573,4.494481236203093
BG_046,BG_046_03072025,598,9591,0.0499999999999999,0.0499999999999999,0.1082322221927107,0.3963167872812304,0.0683355720963647,0.2552782175964345,0.45,0.45,1.341752170481452,0.0284135753749015,0.0994475138121546,0.1942604856512142
BG_046,BG_046_03092025,44,291946,0.05,0.05,0.0980828552826799,0.4201024127311729,0.0852030745214217,0.2240145723836784,0.1,0.1,35.09625126646402,-0.713272543059766,-3.234042553191486,0.4833333333333343
BG_046,BG_046_03092025,93,137077,0.05,0.05,0.1008668224102616,0.4030546366373014,0.1648432725289796,0.2494525663170051,0.5,0.5,13.98176291793313,-0.6767983789260388,0.3924349881796676,0.1833333333333335
BG_046,BG_046_03092025,165,228095,0.0499999999999999,0.0499999999999999,0.0780180809120382,0.377973725808489,0.063580587172044,0.2260422316441921,0.65,0.65,31.469098277608907,-2.419452887537986,0.5200945626477562,1.7333333333333345
BG_046,BG_046_03092025,326,164722,0.0,0.0,0.0807379905926358,0.4423395486923776,0.09403338586821,0.2579297586035992,0.35,0.35,19.594731509625124,0.320162107396154,-1.995271867612292,2.683333333333337
BG_046,BG_046_03092025,473,6931,0.0,0.0,0.0564753343913454,0.3976288256897387,0.2020701126015403,0.2766667111731068,0.2,0.2,0.4457953394123606,-0.0202634245187435,-0.2316784869976359,0.475
BG_046,BG_046_03092025,479,20651,0.0,0.0,0.0508458235530807,0.4168162085896372,0.0974970691369481,0.2355365872536267,0.35,0.35,2.330293819655522,-0.1458966565349544,-0.2458628841607562,-0.0416666666666665
BG_046,BG_046_04072025,18,7801,0.0,0.0,0.0673600348309811,0.4251964917474381,0.0835061807328767,0.2258960160944349,0.55,0.55,1.3347236704900938,0.1835245046923879,0.4038929440389296,0.4010416666666669
BG_046,BG_046_04072025,44,43184,0.0,0.0,0.0639930260898404,0.3848898700849789,0.2487966729045079,0.2216831337530025,0.25,0.25,6.944734098018769,-0.112617309697601,-0.4720194647201943,-0.442708333333333
BG_046,BG_046_04072025,60,9756,0.05,0.05,0.110439222920855,0.4681753790656817,0.1968230703867715,0.2522516708433691,0.1,0.1,1.2095933263816472,-0.0417101147028151,0.6812652068126521,0.0572916666666667
BG_046,BG_046_04072025,179,202248,0.0999999999999999,0.0999999999999999,0.1731224917946841,0.4583809005885292,0.0707936362258515,0.2454501884705532,0.25,0.25,29.384775808133472,0.2210636079249219,-6.17031630170316,-3.635416666666668
BG_046,BG_046_04072025,191,210187,0.15,0.15,0.1670889205963635,0.4634380821478319,0.0617546748904455,0.2332650951634747,0.15,0.15,32.88842544316996,-1.705943691345141,1.537712895377119,0.375
BG_046,BG_046_04072025,259,141639,0.0,0.0,0.0823177398555349,0.3791888037346454,0.0586110493453382,0.2484510855895006,0.35,0.35,15.933263816475494,1.555787278415016,0.6666666666666643,1.0677083333333357
BG_046,BG_046_04072025,336,85753,0.2,0.2,0.2626659264162257,0.3910084287829028,0.0743289610551758,0.2560945031028929,0.35,0.35,14.11887382690302,-1.0385818561001,-2.1605839416058394,-1.197916666666666
BG_046,BG_046_04072025,423,158301,0.0,0.0,0.0912571773114716,0.3955272499526245,0.0643366664607323,0.2366992682773277,0.2,0.2,23.83733055265902,-0.5672575599582892,0.4184914841849121,-1.53125
BG_046,BG_046_04082025,282,102033,0.05,0.05,0.0884113330712876,0.4071882358109132,0.0636911643980424,0.261131903770482,0.25,0.25,26.76190476190476,0.2380952380952408,5.255555555555556,4.7356321839080415
BG_046,BG_046_04082025,299,2834,0.0999999999999999,0.0999999999999999,0.1554762465343814,0.3508320921962079,0.0682592383523305,0.2122401419380317,0.4,0.4,0.6666666666666665,0.1333333333333335,0.3555555555555556,-0.0804597701149424
BG_046,BG_046_04082025,518,36007,0.0,0.0,0.0560369175201142,0.4563676320081218,0.086342609171696,0.2393156367954668,0.35,0.35,6.57142857142857,1.6952380952380972,0.4000000000000003,2.5632183908045985
BG_046,BG_046_04082025,563,33566,0.0999999999999999,0.0999999999999999,0.1686806201961583,0.4059324308104569,0.0825543569114433,0.2292060288376566,0.45,0.45,5.666666666666666,0.5333333333333341,2.3000000000000016,0.931034482758621
BG_046,BG_046_04082025,583,18495,0.1499999999999999,0.1499999999999999,0.221146012399886,0.4402226855685137,0.0588834743309982,0.2551540794292927,0.3,0.3,4.761904761904762,0.7047619047619049,2.9222222222222225,-0.0574712643678161
BG_046,BG_046_08092025,242,316654,0.15,0.15,0.1833102163301944,0.3856825527302321,0.0849553929706311,0.1853540945397105,0.35,0.35,33.22857142857143,0.1714285714285708,5.359999999999999,4.805704099821746
BG_046,BG_046_08092025,284,264625,0.0,0.0,0.0719481601993751,0.353802779325924,0.05207527625477,0.2498832517313109,0.35,0.35,27.085714285714285,2.394285714285715,3.1766666666666694,3.0802139037433136
BG_046,BG_046_08092025,292,122092,0.15,0.15,0.208300360789966,0.3981357663001409,0.0321908427127887,0.2865899945864207,0.55,0.55,13.285714285714285,1.3342857142857143,5.556666666666668,3.8502673796791456
BG_046,BG_046_08092025,321,206923,0.0,0.0,0.0535284600213475,0.3774965616889917,0.1573387818922825,0.2573842185563165,0.15,0.15,23.899999999999995,-0.4199999999999946,-3.553333333333331,-3.0196078431372584
BG_046,BG_046_08092025,396,97093,0.0,0.0,0.057673569752962,0.440547745973178,0.1080338962501338,0.2449628641919504,0.45,0.45,10.214285714285714,-0.9942857142857128,-0.4933333333333323,-0.7664884135472354
BG_046,BG_046_08092025,560,116678,0.05,0.05,0.1049537840500526,0.3798612246333031,0.0673495797897145,0.215634330654525,0.1,0.1,8.299999999999999,0.120000000000001,2.719999999999999,0.3707664884135475
BG_046,BG_046_08092025,565,10250,0.0,0.0,0.0684732983079215,0.4044740607334176,0.0647430954832661,0.2480352157156264,0.55,0.55,1.5857142857142856,-0.0857142857142856,-0.1733333333333333,0.1782531194295902
BG_046,BG_046_09092025,58,277711,0.0,0.0,0.0817833314672727,0.4212031582689821,0.0629509166625993,0.2482103868607736,0.1,0.1,35.089285714285715,0.2440476190476204,0.0972222222222285,-3.009009009009006
BG_046,BG_046_09092025,314,88516,0.0,0.0,0.0360120429857595,0.4809424538786969,0.0885779352597654,0.2549570758657441,0.0,0.0,11.547619047619046,0.1398809523809543,1.1527777777777786,-0.2822822822822814
BG_046,BG_046_09092025,327,125680,0.0,0.0,0.0555225975016427,0.360851614774046,0.0981459741176639,0.2182085551659578,0.2,0.2,19.12202380952381,-1.3720238095238102,1.177083333333332,-0.6426426426426453
BG_046,BG_046_09092025,329,32511,0.0,0.0,0.0711632714243062,0.4045501540881165,0.1219498732297501,0.219432914221066,1.15,1.15,4.122023809523809,0.2946428571428576,-0.3055555555555558,-0.4204204204204202
BG_046,BG_046_09092025,564,223370,0.1499999999999999,0.1499999999999999,0.2147881228722722,0.3779150637438322,0.0931421477129538,0.2713148459432316,0.4,0.4,29.10714285714285,2.2886904761904816,18.385416666666668,14.31231231231232
BG_046,BG_046_10092025,184,3976,0.0,0.0,0.0584948366669447,0.4331258921796435,0.0968387312449763,0.2696910658622887,0.5,0.5,0.2400960384153661,0.1296518607442978,-0.072829131652661,-0.2197802197802197
BG_046,BG_046_10092025,204,69075,0.0999999999999999,0.0999999999999999,0.1552096942871791,0.394452747356786,0.0871902154459486,0.255666964670719,0.45,0.45,8.883553421368545,-0.8499399759903934,9.56862745098039,5.413919413919414
BG_046,BG_046_10092025,457,99669,0.05,0.05,0.1321136512345239,0.3717005273290865,0.0838588780334506,0.2610324986909005,0.55,0.55,12.02881152460984,0.2400960384153698,5.355742296918773,1.5677655677655675
BG_046,BG_046_10092025,470,114397,0.0499999999999999,0.0499999999999999,0.1260647598331833,0.3973835446717267,0.066991583374895,0.2407730945078857,0.45,0.45,14.621848739495798,0.4033613445378154,4.571428571428571,3.1648351648351625
BG_046,BG_046_10092025,561,38891,0.0,0.0,0.0726837961391377,0.42427811264724,0.0273661570915393,0.2552687772241328,0.65,0.65,6.146458583433373,0.0720288115246106,0.4929971988795518,0.717948717948719
BG_046,BG_046_11092025,244,5031,0.0,0.0,0.0630478392929444,0.4282546903852045,0.0774658738416771,0.2218631457166177,0.8500000000000001,0.8500000000000001,0.8758076094759512,-0.2325915290739411,0.187604690117253,0.6488095238095237
BG_046,BG_046_11092025,285,418839,0.0999999999999999,0.0999999999999999,0.134820858462856,0.4361555534700826,0.072745232520709,0.2599844361767621,0.45,0.45,58.29145728643216,-0.4020100502512562,1.4740368509212658,1.6071428571428612
BG_046,BG_046_11092025,537,48463,0.0,0.0,0.0322370090143192,0.4031999924709819,0.1052346104546005,0.2165209159582747,0.0,0.0,6.977745872218233,-1.1888011486001426,1.8592964824120592,0.5
BG_046,BG_046_12082025,470,55736,0.0999999999999999,0.0999999999999999,0.1366304301573042,0.441246352585629,0.0693975412902455,0.2796738155363195,0.25,0.25,5.31055900621118,-0.3105590062111796,0.7826086956521756,-0.7619047619047619
BG_046,BG_046_12092025,286,408039,0.0,0.0,0.0720447233196763,0.37363474500333,0.0987100257138154,0.2828032470491559,0.35,0.35,53.919022154316266,0.9045072574484364,-2.463458110516932,0.1830065359477188
BG_046,BG_046_12092025,395,83930,0.0,0.0,0.0750244948962055,0.4238922708170307,0.1325883898559221,0.2333633493579841,0.6000000000000001,0.6000000000000001,7.914438502673796,1.1336898395721935,0.2103386809269167,1.5947712418300668
BG_046,BG_046_12092025,568,20142,0.1,0.1,0.1208016905356198,0.4409596734027831,0.0320221697912986,0.2439189837044313,0.15,0.15,2.9029793735676086,-1.0634071810542396,-0.0606060606060605,1.3986928104575165
BG_046,BG_046_13082025,144,85229,0.0499999999999999,0.0499999999999999,0.0883392815340593,0.4555269162252565,0.0676764048033101,0.2526147165320153,0.25,0.25,14.398496240601505,1.075187969924812,2.052631578947372,2.472222222222225
BG_046,BG_046_13082025,478,104354,0.2,0.2,0.2372746878261821,0.3585748918757115,0.1118380336749678,0.233785727422551,0.4,0.4,14.774436090225562,-0.2481203007518768,6.078947368421057,0.013888888888891
BG_046,BG_046_14082025,94,5823,0.0,0.0,0.0619178792709054,0.3987342791063324,0.0541237318278465,0.2493750599656305,0.55,0.55,0.5123152709359605,0.0669950738916257,0.096551724137931,0.1876379690949228
BG_046,BG_046_14082025,132,131283,0.0,0.0,0.0603652129101098,0.4551299466478738,0.204518999647409,0.2353437882046011,0.1,0.1,12.216748768472904,-0.4098522167487655,6.583908045977015,4.520971302428256
BG_046,BG_046_14082025,481,146332,0.05,0.05,0.0921789210344461,0.405207660965044,0.1498327634119725,0.2120739649408313,0.0,0.0,11.310344827586205,-1.048275862068964,2.280459770114941,4.211920529801324
BG_046,BG_046_14082025,486,214303,0.1999999999999999,0.1999999999999999,0.2676032787991338,0.3786070854875006,0.036304180518129,0.2287889898973489,0.5,0.5,19.665024630541872,0.0039408866995067,5.333333333333332,5.013245033112582
BG_046,BG_046_15082025,13,113313,0.05,0.05,0.1227889626537873,0.4095772401781314,0.027699595884172,0.2532367362078657,0.3,0.3,12.784503631961256,-0.490718321226792,3.5103578154425605,2.9923896499238936
BG_046,BG_046_15082025,14,94498,0.0499999999999999,0.0499999999999999,0.1050217885046084,0.4388472779976056,0.211090590935986,0.2366847628869043,0.7000000000000001,0.7000000000000001,10.605326876513317,1.236481033091204,0.5649717514124291,1.808219178082192
BG_046,BG_046_15082025,76,162369,0.0499999999999999,0.0499999999999999,0.113223120619049,0.4321145781659302,0.1781513516639202,0.2112038799279217,0.15,0.15,19.62873284907183,1.3204196933010517,5.352165725047083,4.249619482496197
BG_046,BG_046_15082025,187,198221,0.05,0.05,0.0696288023670326,0.4480236353313979,0.1380250416046265,0.2576500828236987,0.0,0.0,18.886198547215496,1.3171912832929775,10.734463276836156,10.477929984779298
BG_046,BG_046_15082025,231,332982,0.35,0.35,0.3969293028011311,0.3673728884430143,0.0834046171898272,0.2413894975687595,0.6000000000000001,0.6000000000000001,35.964487489911214,4.577885391444717,31.98493408662901,21.57990867579908
BG_046,BG_046_15082025,237,119599,0.0,0.0,0.0344426245560092,0.4529928763554815,0.0769713761752947,0.2637491647840159,0.0,0.0,13.995157384987891,1.3720742534301884,-1.7514124293785311,1.1567732115677334
BG_046,BG_046_15082025,311,95859,0.0,0.0,0.0909294613211991,0.3846428298175243,0.0435787753487667,0.2499742776469408,0.65,0.65,8.910411622276028,1.2590799031477005,8.474576271186441,2.864535768645357
BG_046,BG_046_15082025,343,240641,0.0,0.0,0.0703730058902928,0.4136857911112238,0.120778051268256,0.2453418472548792,0.95,0.95,29.87893462469733,-0.5230024213074991,6.459510357815443,5.780821917808222
BG_046,BG_046_15082025,416,222321,0.15,0.15,0.2034111844261534,0.4027107176092629,0.1093702221602446,0.2558823626605403,0.55,0.55,25.85956416464891,2.343825665859565,23.6346516007533,13.059360730593609
BG_046,BG_046_15082025,450,155894,0.0,0.0,0.0761640243957226,0.4168560921241339,0.0560652467581778,0.236693744796728,0.05,0.05,16.158192090395477,2.689265536723166,15.273069679849344,11.415525114155251
BG_046,BG_046_15082025,504,92119,0.0499999999999999,0.0499999999999999,0.1299267802570066,0.405629590560601,0.0790972456324684,0.2241836240456064,0.65,0.65,7.118644067796609,1.491525423728815,4.365348399246703,1.5859969558599722
BG_046,BG_046_15082025,516,112943,0.05,0.05,0.0987173936399395,0.3510791921549317,0.0396613559596785,0.2654442327878301,0.9,0.9,11.396287328490716,0.7167070217917697,1.0357815442561211,0.5662100456620998
BG_046,BG_046_15082025,525,112099,0.0,0.0,0.0638129723949609,0.3025881141576279,0.1050855997622859,0.2273570200218944,0.95,0.95,11.993543179983856,2.944309927360777,3.4274952919020727,1.0745814307458126
BG_046,BG_046_15082025,527,152605,0.1,0.1,0.1594848924065974,0.3487219910521754,0.0705046366363079,0.2875549905557121,0.55,0.55,12.122679580306697,2.656981436642456,9.758945386064031,4.118721461187214
BG_046,BG_046_15092025,123,243902,0.0499999999999999,0.0499999999999999,0.0844859652594296,0.4072992753901226,0.1305320106117637,0.2615629107298824,0.35,0.35,30.85714285714285,0.952380952380956,10.99047619047619,9.813008130081304
BG_046,BG_046_15092025,131,133504,0.05,0.05,0.1058445458527738,0.4028294880547527,0.043744720845838,0.2950039298192431,0.55,0.55,16.61224489795918,0.5496598639455819,3.669841269841269,7.402439024390247
BG_046,BG_046_15092025,428,366420,0.1,0.1,0.1079399757793252,0.4375553567481426,0.0596271547239437,0.2529790722812918,0.05,0.05,46.91156462585034,-2.302040816326532,-13.714285714285715,-9.5
BG_046,BG_046_15092025,441,67794,0.05,0.05,0.1289698556902828,0.3481145438097507,0.1577435053799625,0.2335527561753452,0.55,0.55,6.190476190476191,0.7999999999999998,5.0095238095238095,2.337398373983741
BG_046,BG_046_15092025,461,112280,0.0499999999999999,0.0499999999999999,0.1273628005954988,0.4094280466337488,0.0607861920690586,0.2345912170649027,0.45,0.45,11.170068027210885,2.18231292517007,11.006349206349208,9.27642276422764
BG_046,BG_046_15092025,476,4721,0.0999999999999999,0.0999999999999999,0.1532222348448236,0.4110830638504261,0.034999198194756,0.2707957794350067,0.65,0.65,0.9931972789115644,-0.0598639455782311,-0.0476190476190474,-0.3861788617886179
BG_046,BG_046_15092025,517,360020,0.0,0.0,0.0704973559157071,0.4140031664002139,0.0971774634026468,0.24904314400211,0.45,0.45,43.17006802721088,-1.0938775510204053,-7.806349206349211,-6.6869918699187
BG_046,BG_046_15092025,533,133476,0.25,0.25,0.3148721141838412,0.4060468287644906,0.0563933346458028,0.2452807512895434,0.45,0.45,13.49659863945578,1.9891156462585045,12.679365079365075,11.256097560975611
BG_046,BG_046_15092025,562,172972,0.0499999999999999,0.0499999999999999,0.1078528885209251,0.4055887911122238,0.1085292713545112,0.2387308383125922,0.4,0.4,24.19047619047619,-0.3619047619047606,0.8984126984126988,2.2601626016260177
BG_046,BG_046_15092025,613,175419,0.1499999999999999,0.1499999999999999,0.2223893629359644,0.4440693520771301,0.0521885717720969,0.2707849063386731,0.45,0.45,20.789115646258495,0.3156462585034063,10.00952380952381,8.528455284552848
BG_046,BG_046_15092025,617,77985,0.0499999999999999,0.0499999999999999,0.0888967277662776,0.4308634634903567,0.0705416827886922,0.2753305923605385,0.6000000000000001,0.6000000000000001,10.571428571428571,-0.3619047619047624,1.0507936507936506,1.1707317073170724
BG_046,BG_046_16092025,315,368870,0.0499999999999999,0.0499999999999999,0.098640458513771,0.3770236756087556,0.3715251025424181,0.2288473695244852,0.8500000000000001,0.8500000000000001,53.562152133580696,-0.3933209647495275,28.75757575757576,25.7742782152231
BG_046,BG_046_16092025,372,93671,0.0999999999999999,0.0999999999999999,0.1787531906799065,0.3128757317162744,0.1978027106556779,0.2163251340488487,0.65,0.65,12.597402597402594,1.818181818181822,14.965367965367966,8.28871391076115
BG_046,BG_046_16092025,376,150216,0.1499999999999999,0.1499999999999999,0.2166883857715713,0.4587732347686017,0.1834356717833573,0.2288508684364031,1.35,1.35,15.38033395176252,1.9443413729128045,5.112554112554113,4.388451443569551
BG_046,BG_046_16092025,393,197118,0.0,0.0,0.0469090277794072,0.4634643294390523,0.1269785450876957,0.2185455643851064,0.0,0.0,20.909090909090907,0.2337662337662358,-1.571428571428573,-2.2834645669291334
BG_046,BG_046_16092025,406,379345,0.15,0.15,0.1864624894761202,0.3800083299862768,0.4840593545473751,0.1827180788581552,0.75,0.75,48.051948051948045,-0.4155844155844121,-19.714285714285715,-16.346456692913385
BG_046,BG_046_16092025,501,116763,0.05,0.05,0.1234640291794422,0.4375625501803136,0.1376819546433833,0.2156632649846606,0.15,0.15,10.46382189239332,1.1205936920222648,11.008658008658008,4.766404199475065
BG_046,BG_046_16092025,506,125352,0.0999999999999999,0.0999999999999999,0.1758103208391626,0.3796126773053698,0.0854022757991838,0.2545000972522459,0.65,0.65,11.354359925788495,1.8404452690166977,7.242424242424239,3.0026246719160063
BG_046,BG_046_16092025,535,376458,0.25,0.25,0.3090901516114744,0.3798568935444443,0.0583466809991893,0.2399094474193239,0.7000000000000001,0.7000000000000001,47.77365491651206,3.447124304267163,22.0,14.619422572178472
BG_046,BG_046_16092025,599,188856,0.15,0.15,0.1818497423398975,0.4012474695885942,0.0920615946199239,0.2411378263463565,0.35,0.35,23.525046382189235,2.111317254174402,13.29004329004329,10.918635170603668
BG_046,BG_046_16092025,610,39320,0.0,0.0,0.055365367850914,0.4429674779571965,0.0532339936370642,0.2656068473238421,0.05,0.05,3.877551020408162,0.7977736549165129,1.177489177489178,0.6719160104986877
BG_046,BG_046_16092025,615,19074,0.0,0.0,0.0717064223686347,0.4362259950222643,0.0567274271813867,0.245589650834675,0.8,0.8,1.2430426716141,0.5751391465677183,2.606060606060605,2.1417322834645667
BG_046,BG_046_17092025,20,283639,0.0,0.0,0.0622152115299047,0.4356706568971206,0.1125528797699413,0.2149164867162961,0.1,0.1,31.46205357142857,0.4754464285714306,2.1276041666666714,1.8808373590982332
BG_046,BG_046_17092025,75,303450,0.1499999999999999,0.1499999999999999,0.2171425293162834,0.4071899912519118,0.1345488238554153,0.2345338085736882,1.2000000000000002,1.2000000000000002,34.38616071428571,2.988839285714292,14.8203125,14.628019323671502
BG_046,BG_046_17092025,86,469020,0.1499999999999999,0.1499999999999999,0.2078924785266679,0.3511450993962484,0.0760738741469541,0.2624531125052544,0.75,0.75,46.76339285714285,5.580357142857153,14.359375000000009,13.719806763285035
BG_046,BG_046_17092025,232,271418,0.05,0.05,0.1059809287761684,0.412023303384585,0.1780567276124842,0.2390017624964151,0.65,0.65,25.022321428571423,4.1183035714285765,6.643229166666668,9.391304347826086
BG_046,BG_046_17092025,261,183306,0.0,0.0,0.0758460663754341,0.4439721545023887,0.0639572176216586,0.2617505885090428,1.4,1.4,17.678571428571427,2.665178571428573,9.955729166666668,8.280193236714975
BG_046,BG_046_17092025,273,428766,0.25,0.25,0.2872851292621425,0.3234231450112453,0.0736468664906595,0.2801577289947673,0.65,0.65,42.22098214285714,7.497767857142861,24.34375,19.43961352657005
BG_046,BG_046_17092025,413,118137,0.6,0.6,0.6475988553080501,0.3351416461813551,0.068129586610559,0.2473248690889015,0.7000000000000001,0.7000000000000001,11.886160714285714,4.191964285714287,12.627604166666668,8.280193236714977
BG_046,BG_046_17092025,425,230473,0.15,0.15,0.1871926950622992,0.3918756504294353,0.1289038716505104,0.2259966984014407,0.35,0.35,24.375,-0.375,-10.830729166666664,-10.508856682769723
BG_046,BG_046_17092025,482,143618,0.0,0.0,0.073038817973769,0.364959270336521,0.1518016464030011,0.2251181399704944,0.3,0.3,12.39955357142857,2.8348214285714306,15.104166666666671,14.267310789049922
BG_046,BG_046_17092025,530,201987,0.6499999999999999,0.6499999999999999,0.6914144325430834,0.3191740438565807,0.1609003809133009,0.2328843762557519,0.55,0.55,19.22991071428571,5.801339285714288,7.018229166666671,7.207729468599037
BG_046,BG_046_17092025,532,135662,0.0,0.0,0.0665070527766595,0.3671023971702565,0.1547641010299653,0.2369801667958204,0.3,0.3,11.908482142857142,2.7946428571428577,14.158854166666668,13.06924315619968
BG_046,BG_046_17092025,550,220286,0.0999999999999999,0.0999999999999999,0.191149930458209,0.3634978090589658,0.0714200218546819,0.2708764578568811,0.7000000000000001,0.7000000000000001,18.392857142857142,1.3571428571428577,3.653645833333336,2.750402576489538
BG_046,BG_046_17092025,551,123943,0.0,0.0,0.0638910284952546,0.369854915414842,0.0622468601554327,0.231078243899053,0.6000000000000001,0.6000000000000001,9.921875,1.234375,4.7734375,1.990338164251208
BG_046,BG_046_17092025,561,141106,0.3,0.3,0.3729115852556653,0.3578649292241164,0.1313565162228478,0.2130124714298799,0.5,0.5,10.491071428571429,3.946428571428573,6.205729166666668,6.228663446054748
BG_046,BG_046_17092025,612,177636,0.0,0.0,0.0703121854060121,0.3902182651266276,0.1445317784949294,0.2095030048164302,0.7000000000000001,0.7000000000000001,15.167410714285712,-0.4174107142857117,2.8229166666666714,4.734299516908214
BG_046,BG_046_17092025,616,206405,0.2,0.2,0.242628548999218,0.3730302692061899,0.1821091482070075,0.261009040189871,0.65,0.65,18.33705357142857,3.4598214285714306,5.861979166666668,6.006441223832532
BG_046,BG_046_17092025,650,244402,0.1,0.1,0.1324371838609553,0.3702292493324252,0.0300888916606525,0.2748619517770408,0.35,0.35,27.65625,1.921875,9.817708333333345,9.47504025764895
BG_046,BG_046_18082025,95,16261,0.1,0.1,0.1569951545727909,0.4146389564848189,0.0573628885382898,0.264033742861353,0.55,0.55,1.95852534562212,-0.1843317972350229,2.1451612903225805,0.2254901960784314
BG_046,BG_046_18082025,205,183575,0.1,0.1,0.1210185514196819,0.4392573329260503,0.0551680519461147,0.2506796081516537,0.15,0.15,23.709677419354843,-2.000000000000004,1.5537634408602123,0.6862745098039227
BG_046,BG_046_18082025,322,75578,0.05,0.05,0.1006085563043099,0.3904133407641424,0.0333989230705592,0.3088040054020075,0.55,0.55,7.580645161290323,0.064516129032258,1.7204301075268829,1.4052287581699368
BG_046,BG_046_18082025,329,155776,0.0999999999999999,0.0999999999999999,0.1906911260780284,0.3663810796398647,0.0673319415325535,0.2612201906546156,0.65,0.65,18.940092165898616,1.25345622119816,2.860215053763444,3.9019607843137294
BG_046,BG_046_18082025,462,261651,0.0,0.0,0.0947233182747721,0.3539450524213045,0.1752544894142246,0.2308450305775637,0.5,0.5,33.04147465437787,1.668202764976968,17.18817204301075,4.718954248366014
BG_046,BG_046_18082025,550,126345,0.0,0.0,0.0589181490197046,0.4432616829995881,0.3169614959815062,0.212558445906724,0.45,0.45,14.423963133640552,3.124423963133641,0.7096774193548381,-0.9803921568627452
BG_046,BG_046_18082025,613,48201,0.0,0.0,0.0587861997894783,0.4286620928607507,0.0697660774882805,0.2311601791764486,1.35,1.35,4.470046082949308,0.3686635944700471,3.3548387096774195,0.9705882352941178
BG_046,BG_046_19082025,106,126759,0.0,0.0,0.0620997837727296,0.3911932227420403,0.0624064068032569,0.2484091819826506,0.3,0.3,18.32565284178187,-1.3579109062979988,-6.369175627240143,-3.512077294685991
BG_046,BG_046_19082025,196,154952,0.0,0.0,0.0536374958976202,0.4775481294303557,0.0523157219405915,0.2567094829520098,0.2,0.2,13.763440860215052,1.4408602150537655,0.3691756272401445,-3.487922705314009
BG_046,BG_046_19082025,231,5194,0.0,0.0,0.0828654782948146,0.4311103612885671,0.1380603293037862,0.2523269066127124,0.2,0.2,0.629800307219662,0.0368663594470046,0.1182795698924731,0.1111111111111112
BG_046,BG_046_19082025,302,181126,0.0,0.0,0.0595190251837587,0.4207023353070856,0.0540181362211758,0.2263621463705956,1.25,1.25,24.915514592933945,1.6221198156682064,9.899641577060931,5.40096618357488
BG_046,BG_046_19082025,348,299305,0.1,0.1,0.1108541399661521,0.4258348885687882,0.1138163029954676,0.2122513230848501,0.05,0.05,40.29185867895545,-2.506912442396313,9.15412186379929,12.57971014492754
BG_046,BG_046_19082025,429,117736,0.1,0.1,0.1410919319172036,0.4210204617497195,0.1285912544463052,0.2198976426282616,0.05,0.05,12.288786482334867,-0.7403993855606732,-3.5304659498207887,-5.154589371980677
BG_046,BG_046_19082025,551,396306,0.0499999999999999,0.0499999999999999,0.1142201006332761,0.4136341160197063,0.0803274678698226,0.2390995433418308,0.9,0.9,51.73579109062979,-2.337941628264197,-23.16845878136201,-20.415458937198053
BG_046,BG_046_20082025,89,65521,0.0,0.0,0.0747020595838218,0.3921048897698988,0.0723039686724376,0.2478882028671882,0.1,0.1,10.592334494773516,-0.8687572590011605,-0.742547425474255,1.041666666666666
BG_046,BG_046_20082025,183,171258,0.1499999999999999,0.1499999999999999,0.2122091474625679,0.4245381212417922,0.0350949435839297,0.2570207734708613,0.45,0.45,22.113821138211375,1.36585365853659,1.355013550135503,1.2361111111111145
BG_046,BG_046_20082025,325,75395,0.0999999999999999,0.0999999999999999,0.1282058580054149,0.3813150896099391,0.2221895195008871,0.2136799893090626,0.4,0.4,10.685249709639953,-0.2787456445993026,-1.2953929539295397,-0.1597222222222214
BG_046,BG_046_21072025,109,3952,0.05,0.05,0.0961414551698671,0.4124502713352543,0.0860715769089009,0.2521706954524235,0.5,0.5,0.3852327447833065,0.1540930979133227,0.1123595505617977,0.4279279279279279
BG_046,BG_046_21072025,234,107060,0.05,0.05,0.1090337735604494,0.403361652438706,0.2055470763069851,0.2500340521198897,0.6000000000000001,0.6000000000000001,14.959871589085072,-0.0385232744783312,-0.322097378277153,2.9999999999999982
BG_046,BG_046_21072025,368,69048,0.05,0.05,0.0898499235511978,0.4481317425516739,0.032554061483248,0.2555700132000005,0.05,0.05,6.292134831460674,2.6516853932584263,0.2471910112359552,2.382882882882884
BG_046,BG_046_25072025,64,119759,0.05,0.05,0.1045654521073373,0.4361981907978524,0.0310808418287607,0.2703195247698743,0.15,0.15,13.408521303258144,0.4862155388471194,1.2923976608187149,6.565891472868218
BG_046,BG_046_25072025,145,149350,0.05,0.05,0.1227842575081696,0.4555606425279697,0.0616621024558569,0.2557354742156313,0.1,0.1,12.180451127819548,1.889724310776943,3.5964912280701764,4.45736434108527
BG_046,BG_046_25072025,329,179169,0.0999999999999999,0.0999999999999999,0.1231755386832983,0.433184021140189,0.1250442263724384,0.2614738761595472,0.2,0.2,20.25062656641604,-0.5313283208020039,5.894736842105267,11.767441860465128
BG_046,BG_046_26082025,407,208140,0.0,0.0,0.0543833615649687,0.4747309089856626,0.0607773847763143,0.2561464193128415,1.4,1.4,23.95604395604396,0.571428571428573,-1.208791208791208,3.2962962962962976
BG_046,BG_046_26082025,536,98214,0.1,0.1,0.1250556114411259,0.4622494905585748,0.0856628255522609,0.2590934045291775,0.15,0.15,7.032967032967033,0.0439560439560438,0.9010989010989016,0.8240740740740753
BG_046,BG_046_27082025,174,121887,0.05,0.05,0.0956909313415453,0.4240719054814809,0.0750486712608589,0.2446021397127943,0.3,0.3,17.178571428571427,-0.6035714285714278,1.2333333333333345,-1.488372093023255
BG_046,BG_046_27082025,267,143580,0.05,0.05,0.1155543821919988,0.4660474977552799,0.0633716123647452,0.2514506990590345,1.15,1.15,18.017857142857142,1.1571428571428584,-0.3791666666666629,1.5607235142118867
BG_046,BG_046_27082025,289,163315,0.0,0.0,0.0730630008812047,0.4158836684453956,0.0880931284570674,0.2063290357630442,0.55,0.55,22.21428571428571,0.0107142857142896,0.8583333333333307,-2.687338501291986
BG_046,BG_046_27082025,337,354569,0.2,0.2,0.2964350541518555,0.3840711044681333,0.1530942735461091,0.2131529769944146,0.35,0.35,48.94642857142857,4.703571428571429,9.041666666666664,14.45478036175711
BG_046,BG_046_27082025,368,265418,0.0,0.0,0.052865317569572,0.3788298649426282,0.1855474176762745,0.2311435862208724,0.45,0.45,31.44642857142857,-1.7964285714285673,-1.374999999999993,-2.423772609819125
BG_046,BG_046_28082025,248,144649,0.0999999999999999,0.0999999999999999,0.1727412447277289,0.3974120267805008,0.108953576649047,0.2155227902796186,0.45,0.45,19.693034238488774,1.166469893742626,1.019283746556475,0.7074829931972815
BG_046,BG_046_28082025,263,160982,0.1999999999999999,0.1999999999999999,0.2810493446575792,0.373466765641523,0.1033641302684932,0.2553285414447879,0.5,0.5,20.02361275088548,1.36481700118064,0.6942148760330582,1.7380952380952372
BG_046,BG_046_28082025,283,211582,0.0,0.0,0.0736339491983278,0.4266783018035086,0.0733911334435508,0.2655288628017387,0.2,0.2,27.744982290436838,1.8748524203069683,-1.7851239669421446,-3.0034013605442205
BG_046,BG_046_28082025,410,228141,0.05,0.05,0.1036041977155486,0.3887458410884844,0.1797126103213754,0.2240297955557843,0.7000000000000001,0.7000000000000001,30.342384887839437,0.9303423848878404,1.961432506887057,-0.6700680272108848
BG_046,BG_046_28082025,504,184450,0.15,0.15,0.2125705886153074,0.4250297721230613,0.096356025239117,0.217466593451816,0.4,0.4,24.84061393152302,1.4734356552538408,4.352617079889811,-0.0646258503401355
BG_046,BG_046_29082025,88,378721,0.0,0.0,0.0685363695782172,0.3644409631474114,0.2162006591099309,0.2020905322445711,0.45,0.45,44.62929475587703,6.104882459312847,6.261603375527429,4.11877394636015
BG_046,BG_046_29082025,273,284274,0.1,0.1,0.1548993794686137,0.3726100984054517,0.2314909355875578,0.2439195692517964,0.3,0.3,37.34177215189873,3.87341772151899,3.4599156118143526,3.4137931034482776
BG_046,BG_046_29082025,322,254946,0.0,0.0,0.0750463709993255,0.408228770207593,0.0250723950034125,0.2448561400217474,0.25,0.25,35.96745027124773,1.804701627486452,2.2025316455696213,3.252873563218394
BG_046,BG_046_29082025,357,205012,0.0999999999999999,0.0999999999999999,0.1565427258273617,0.3503729967898467,0.07671723215198,0.2381045191185437,0.45,0.45,30.922242314647374,3.5334538878842743,5.5232067510548575,6.747126436781613
BG_046,BG_046_29082025,367,244516,0.0,0.0,0.0625050191555304,0.4347151695914127,0.0577037475849611,0.2934477465648506,0.1,0.1,33.30922242314647,-0.2712477396021668,2.025316455696206,-0.5249042145593847
BG_046,BG_046_29082025,456,105191,0.0,0.0,0.0620128410061803,0.379199280328086,0.2080652007079489,0.2284168213433161,0.45,0.45,11.229656419529835,2.770343580470165,0.8987341772151893,1.6130268199233733
BG_046,BG_046_29082025,523,157754,0.0,0.0,0.0683884462196015,0.3898546021002649,0.1289456625708445,0.2873598013247635,1.0,1.0,16.94394213381555,5.942133815551539,4.037974683544306,1.9310344827586228
BG_046,BG_046_29082025,562,100648,0.05,0.05,0.1053524336312442,0.3692617995188418,0.0639428285558005,0.2538217748242839,0.7000000000000001,0.7000000000000001,10.759493670886076,3.670886075949367,1.924050632911392,2.900383141762452
