panel,region,row_id,decile_median_width,onset_s,n_units
f,pooled,0,0.28570271396155345,-0.8375000000000041,52
f,pooled,1,0.07331317557773215,-0.5625000000000051,52
f,pooled,2,0.06634243897647904,-0.4875000000000054,52
f,pooled,3,0.1386576129169454,-0.4875000000000054,52
f,pooled,4,0.20931139628800915,-0.46250000000000546,52
f,pooled,5,0.17087558983472945,-0.43750000000000555,52
f,pooled,6,0.09867892607685524,-0.41250000000000564,52
f,pooled,7,0.1133271503825542,-0.38750000000000573,52
f,pooled,8,0.08430988725767424,-0.3375000000000059,52
f,pooled,9,0.05544398267627835,-0.2625000000000062,52
g,pooled,0,,-1.9875,1
g,pooled,1,,-1.9875,1
g,pooled,2,,-1.9875,1
g,pooled,3,,-1.9875,1
g,pooled,4,,-1.9875,1
g,pooled,5,,-1.9875,1
g,pooled,6,,-1.9875,1
g,pooled,7,,-1.9875,1
g,pooled,8,,-1.9875,1
g,pooled,9,,-1.9875,1
g,pooled,10,,-1.9875,1
g,pooled,11,,-1.9875,1
g,pooled,12,,-1.9875,1
g,pooled,13,,-1.9875,1
g,pooled,14,,-1.9875,1
g,pooled,15,,-1.9875,1
g,pooled,16,,-1.9875,1
g,pooled,17,,-1.9875,1
g,pooled,18,,-1.9875,1
g,pooled,19,,-1.9875,1
g,pooled,20,,-1.9875,1
g,pooled,21,,-1.9875,1
g,pooled,22,,-1.9875,1
g,pooled,23,,-1.9875,1
g,pooled,24,,-1.9875,1
g,pooled,25,,-1.9875,1
g,pooled,26,,-1.9875,1
g,pooled,27,,-1.9875,1
g,pooled,28,,-1.9875,1
g,pooled,29,,-1.9875,1
g,pooled,30,,-1.9875,1
g,pooled,31,,-1.9875,1
g,pooled,32,,-1.9875,1
g,pooled,33,,-1.9875,1
g,pooled,34,,-1.9875,1
g,pooled,35,,-1.9875,1
g,pooled,36,,-1.9875,1
g,pooled,37,,-1.9875,1
g,pooled,38,,-1.9875,1
g,pooled,39,,-1.9875,1
g,pooled,40,,-1.9875,1
g,pooled,41,,-1.9875,1
g,pooled,42,,-1.9875,1
g,pooled,43,,-1.9875,1
g,pooled,44,,-1.9875,1
g,pooled,45,,-1.9875,1
g,pooled,46,,-1.9875,1
g,pooled,47,,-1.9875,1
g,pooled,48,,-1.9875,1
g,pooled,49,,-1.9875,1
g,pooled,50,,-1.9875,1
g,pooled,51,,-1.9875,1
g,pooled,52,,-1.9875,1
g,pooled,53,,-1.9875,1
g,pooled,54,,-1.9875,1
g,pooled,55,,-1.9875,1
g,pooled,56,,-1.9875,1
g,pooled,57,,-1.9875,1
g,pooled,58,,-1.9875,1
g,pooled,59,,-1.9875,1
g,pooled,60,,-1.9875,1
g,pooled,61,,-1.9875,1
g,pooled,62,,-1.9875,1
g,pooled,63,,-1.9875,1
g,pooled,64,,-1.9875,1
g,pooled,65,,-1.9875,1
g,pooled,66,,-1.9875,1
g,pooled,67,,-1.9875,1
g,pooled,68,,-1.9875,1
g,pooled,69,,-1.9875,1
g,pooled,70,,-1.9875,1
g,pooled,71,,-1.9875,1
g,pooled,72,,-1.9875,1
g,pooled,73,,-1.9875,1
g,pooled,74,,-1.9875,1
g,pooled,75,,-1.9875,1
g,pooled,76,,-1.9875,1
g,pooled,77,,-1.9875,1
g,pooled,78,,-1.9875,1
g,pooled,79,,-1.9875,1
g,pooled,80,,-1.9875,1
g,pooled,81,,-1.9875,1
g,pooled,82,,-1.9875,1
g,pooled,83,,-1.9875,1
g,pooled,84,,-1.9875,1
g,pooled,85,,-1.9875,1
g,pooled,86,,-1.9875,1
g,pooled,87,,-1.9875,1
g,pooled,88,,-1.9875,1
g,pooled,89,,-1.9875,1
g,pooled,90,,-1.9875,1
g,pooled,91,,-1.9875,1
g,pooled,92,,-1.9875,1
g,pooled,93,,-1.9875,1
g,pooled,94,,-1.9875,1
g,pooled,95,,-1.9875,1
g,pooled,96,,-1.9875,1
g,pooled,97,,-1.9875,1
g,pooled,98,,-1.9875,1
g,pooled,99,,-1.9875,1
g,pooled,100,,-1.9875,1
g,pooled,101,,-1.9875,1
g,pooled,102,,-1.9875,1
g,pooled,103,,-1.9875,1
g,pooled,104,,-1.9875,1
g,pooled,105,,-1.9875,1
g,pooled,106,,-1.9875,1
g,pooled,107,,-1.9875,1
g,pooled,108,,-1.9875,1
g,pooled,109,,-1.9875,1
g,pooled,110,,-1.9875,1
g,pooled,111,,-1.9875,1
g,pooled,112,,-1.9875,1
g,pooled,113,,-1.9875,1
g,pooled,114,,-1.9875,1
g,pooled,115,,-1.9875,1
g,pooled,116,,-1.9875,1
g,pooled,117,,-1.9875,1
g,pooled,118,,-1.9875,1
g,pooled,119,,-1.9875,1
g,pooled,120,,-1.9875,1
g,pooled,121,,-1.9875,1
g,pooled,122,,-1.9875,1
g,pooled,123,,-1.9875,1
g,pooled,124,,-1.9875,1
g,pooled,125,,-1.9875,1
g,pooled,126,,-1.9875,1
g,pooled,127,,-1.9875,1
g,pooled,128,,-1.9875,1
g,pooled,129,,-1.9875,1
g,pooled,130,,-1.9875,1
g,pooled,131,,-1.9875,1
g,pooled,132,,-1.9875,1
g,pooled,133,,-1.9875,1
g,pooled,134,,-1.9875,1
g,pooled,135,,-1.9875,1
g,pooled,136,,-1.9875,1
g,pooled,137,,-1.9875,1
g,pooled,138,,-1.9875,1
g,pooled,139,,-1.9875,1
g,pooled,140,,-1.9875,1
g,pooled,141,,-1.9875,1
g,pooled,142,,-1.9875,1
g,pooled,143,,-1.9875,1
g,pooled,144,,-1.9875,1
g,pooled,145,,-1.9875,1
g,pooled,146,,-1.9875,1
g,pooled,147,,-1.9875,1
g,pooled,148,,-1.9875,1
g,pooled,149,,-1.9875,1
g,pooled,150,,-1.9875,1
g,pooled,151,,-1.9875,1
g,pooled,152,,-1.9875,1
g,pooled,153,,-1.9875,1
g,pooled,154,,-1.9875,1
g,pooled,155,,-1.9875,1
g,pooled,156,,-1.9875,1
g,pooled,157,,-1.9875,1
g,pooled,158,,-1.9875,1
g,pooled,159,,-1.9875,1
g,pooled,160,,-1.9875,1
g,pooled,161,,-1.9875,1
g,pooled,162,,-1.9875,1
g,pooled,163,,-1.9875,1
g,pooled,164,,-1.9875,1
g,pooled,165,,-1.9875,1
g,pooled,166,,-1.9875,1
g,pooled,167,,-1.9875,1
g,pooled,168,,-1.9875,1
g,pooled,169,,-1.9875,1
g,pooled,170,,-1.9875,1
g,pooled,171,,-1.9875,1
g,pooled,172,,-1.9875,1
g,pooled,173,,-1.9875,1
g,pooled,174,,-1.9875,1
g,pooled,175,,-1.9875,1
g,pooled,176,,-1.9875,1
g,pooled,177,,-1.9875,1
g,pooled,178,,-1.9875,1
g,pooled,179,,-1.9875,1
g,pooled,180,,-1.9875,1
g,pooled,181,,-1.9875,1
g,pooled,182,,-1.9875,1
g,pooled,183,,-1.9875,1
g,pooled,184,,-1.9875,1
g,pooled,185,,-1.9875,1
g,pooled,186,,-1.9875,1
g,pooled,187,,-1.9875,1
g,pooled,188,,-1.9875,1
g,pooled,189,,-1.9875,1
g,pooled,190,,-1.9875,1
g,pooled,191,,-1.9875,1
g,pooled,192,,-1.9875,1
g,pooled,193,,-1.9875,1
g,pooled,194,,-1.9875,1
g,pooled,195,,-1.9875,1
g,pooled,196,,-1.9875,1
g,pooled,197,,-1.9875,1
g,pooled,198,,-1.9875,1
g,pooled,199,,-1.9875,1
g,pooled,200,,-1.9875,1
g,pooled,201,,-1.9875,1
g,pooled,202,,-1.9875,1
g,pooled,203,,-1.9875,1
g,pooled,204,,-1.9875,1
g,pooled,205,,-1.9875,1
g,pooled,206,,-1.9875,1
g,pooled,207,,-1.9875,1
g,pooled,208,,-1.9875,1
g,pooled,209,,-1.9875,1
g,pooled,210,,-1.9875,1
g,pooled,211,,-1.9875,1
g,pooled,212,,-1.9875,1
g,pooled,213,,-1.9875,1
g,pooled,214,,-1.9875,1
g,pooled,215,,-1.9875,1
g,pooled,216,,-1.9875,1
g,pooled,217,,-1.9875,1
g,pooled,218,,-1.9875,1
g,pooled,219,,-1.9875,1
g,pooled,220,,-1.9875,1
g,pooled,221,,-1.9875,1
g,pooled,222,,-1.9875,1
g,pooled,223,,-1.9875,1
g,pooled,224,,-1.9875,1
g,pooled,225,,-1.9875,1
g,pooled,226,,-1.9875,1
g,pooled,227,,-1.9875,1
g,pooled,228,,-1.9875,1
g,pooled,229,,-1.9875,1
g,pooled,230,,-1.9875,1
g,pooled,231,,-1.9875,1
g,pooled,232,,-1.9875,1
g,pooled,233,,-1.9875,1
g,pooled,234,,-1.9875,1
g,pooled,235,,-1.9875,1
g,pooled,236,,-1.9875,1
g,pooled,237,,-1.9875,1
g,pooled,238,,-1.9875,1
g,pooled,239,,-1.9875,1
g,pooled,240,,-1.9875,1
g,pooled,241,,-1.9875,1
g,pooled,242,,-1.9875,1
g,pooled,243,,-1.9875,1
g,pooled,244,,-1.9875,1
g,pooled,245,,-1.9875,1
g,pooled,246,,-1.9875,1
g,pooled,247,,-1.9875,1
g,pooled,248,,-1.9875,1
g,pooled,249,,-1.9875,1
g,pooled,250,,-1.9875,1
g,pooled,251,,-1.9875,1
g,pooled,252,,-1.9875,1
g,pooled,253,,-1.9875,1
g,pooled,254,,-1.9875,1
g,pooled,255,,-1.9875,1
g,pooled,256,,-1.9875,1
g,pooled,257,,-1.9875,1
g,pooled,258,,-1.9875,1
g,pooled,259,,-1.9875,1
g,pooled,260,,-1.9875,1
g,pooled,261,,-1.9875,1
g,pooled,262,,-1.9875,1
g,pooled,263,,-1.9875,1
g,pooled,264,,-1.9875,1
g,pooled,265,,-1.9875,1
g,pooled,266,,-1.9875,1
g,pooled,267,,-1.9875,1
g,pooled,268,,-1.9875,1
g,pooled,269,,-1.9875,1
g,pooled,270,,-1.9875,1
g,pooled,271,,-1.9875,1
g,pooled,272,,-1.9875,1
g,pooled,273,,-1.9875,1
g,pooled,274,,-1.9875,1
g,pooled,275,,-1.9875,1
g,pooled,276,,-1.9875,1
g,pooled,277,,-1.9875,1
g,pooled,278,,-1.9875,1
g,pooled,279,,-1.9875,1
g,pooled,280,,-1.9875,1
g,pooled,281,,-1.9875,1
g,pooled,282,,-1.9875,1
g,pooled,283,,-1.9875,1
g,pooled,284,,-1.9875,1
g,pooled,285,,-1.9875,1
g,pooled,286,,-1.9875,1
g,pooled,287,,-1.9875,1
g,pooled,288,,-1.9875,1
g,pooled,289,,-1.9875,1
g,pooled,290,,-1.9875,1
g,pooled,291,,-1.9875,1
g,pooled,292,,-1.9875,1
g,pooled,293,,-1.9875,1
g,pooled,294,,-1.9875,1
g,pooled,295,,-1.9875,1
g,pooled,296,,-1.9875,1
g,pooled,297,,-1.9875,1
g,pooled,298,,-1.9875,1
g,pooled,299,,-1.9875,1
g,pooled,300,,-1.9875,1
g,pooled,301,,-1.9875,1
g,pooled,302,,-1.9875,1
g,pooled,303,,-1.9875,1
g,pooled,304,,-1.9875,1
g,pooled,305,,-1.9875,1
g,pooled,306,,-1.9875,1
g,pooled,307,,-1.9875,1
g,pooled,308,,-1.9875,1
g,pooled,309,,-1.9875,1
g,pooled,310,,-1.9875,1
g,pooled,311,,-1.9875,1
g,pooled,312,,-1.9875,1
g,pooled,313,,-1.9875,1
g,pooled,314,,-1.9875,1
g,pooled,315,,-1.9875,1
g,pooled,316,,-1.9875,1
g,pooled,317,,-1.9875,1
g,pooled,318,,-1.9875,1
g,pooled,319,,-1.9875,1
g,pooled,320,,-1.9875,1
g,pooled,321,,-1.9875,1
g,pooled,322,,-1.9875,1
g,pooled,323,,-1.9875,1
g,pooled,324,,-1.9875,1
g,pooled,325,,-1.9875,1
g,pooled,326,,-1.9875,1
g,pooled,327,,-1.9875,1
g,pooled,328,,-1.9875,1
g,pooled,329,,-1.9875,1
g,pooled,330,,-1.9875,1
g,pooled,331,,-1.9875,1
g,pooled,332,,-1.9875,1
g,pooled,333,,-1.9875,1
g,pooled,334,,-1.9875,1
g,pooled,335,,-1.9875,1
g,pooled,336,,-1.9875,1
g,pooled,337,,-1.9875,1
g,pooled,338,,-1.9875,1
g,pooled,339,,-1.9875,1
g,pooled,340,,-1.9875,1
g,pooled,341,,-1.9875,1
g,pooled,342,,-1.9875,1
g,pooled,343,,-1.9875,1
g,pooled,344,,-1.9875,1
g,pooled,345,,-1.9875,1
g,pooled,346,,-1.9875,1
g,pooled,347,,-1.9875,1
g,pooled,348,,-1.9875,1
g,pooled,349,,-1.9875,1
g,pooled,350,,-1.9875,1
g,pooled,351,,-1.9875,1
g,pooled,352,,-1.9875,1
g,pooled,353,,-1.9875,1
g,pooled,354,,-1.9875,1
g,pooled,355,,-1.9875,1
g,pooled,356,,-1.9875,1
g,pooled,357,,-1.9875,1
g,pooled,358,,-1.9875,1
g,pooled,359,,-1.9875,1
g,pooled,360,,-1.9875,1
g,pooled,361,,-1.9875,1
g,pooled,362,,-1.9875,1
g,pooled,363,,-1.9875,1
g,pooled,364,,-1.9875,1
g,pooled,365,,-1.9875,1
g,pooled,366,,-1.9875,1
g,pooled,367,,-1.9875,1
g,pooled,368,,-1.9875,1
g,pooled,369,,-1.9875,1
g,pooled,370,,-1.9875,1
g,pooled,371,,-1.9875,1
g,pooled,372,,-1.9875,1
g,pooled,373,,-1.9875,1
g,pooled,374,,-1.9875,1
g,pooled,375,,-1.9875,1
g,pooled,376,,-1.9875,1
g,pooled,377,,-1.9875,1
g,pooled,378,,-1.9875,1
g,pooled,379,,-1.9875,1
g,pooled,380,,-1.9875,1
g,pooled,381,,-1.9875,1
g,pooled,382,,-1.9875,1
g,pooled,383,,-1.9875,1
g,pooled,384,,-1.9875,1
g,pooled,385,,-1.9875,1
g,pooled,386,,-1.9875,1
g,pooled,387,,-1.9875,1
g,pooled,388,,-1.9875,1
g,pooled,389,,-1.9875,1
g,pooled,390,,-1.9875,1
g,pooled,391,,-1.9875,1
g,pooled,392,,-1.9875,1
g,pooled,393,,-1.9875,1
g,pooled,394,,-1.9875,1
g,pooled,395,,-1.9875,1
g,pooled,396,,-1.9875,1
g,pooled,397,,-1.9875,1
g,pooled,398,,-1.9875,1
g,pooled,399,,-1.9875,1
g,pooled,400,,-1.9875,1
g,pooled,401,,-1.9875,1
g,pooled,402,,-1.9875,1
g,pooled,403,,-1.9875,1
g,pooled,404,,-1.9875,1
g,pooled,405,,-1.9875,1
g,pooled,406,,-1.9875,1
g,pooled,407,,-1.9875,1
g,pooled,408,,-1.9875,1
g,pooled,409,,-1.9875,1
g,pooled,410,,-1.9875,1
g,pooled,411,,-1.9875,1
g,pooled,412,,-1.9875,1
g,pooled,413,,-1.9875,1
g,pooled,414,,-1.9875,1
g,pooled,415,,-1.9875,1
g,pooled,416,,-1.9875,1
g,pooled,417,,-1.9875,1
g,pooled,418,,-1.9875,1
g,pooled,419,,-1.9875,1
g,pooled,420,,-1.9875,1
g,pooled,421,,-1.9875,1
g,pooled,422,,-1.9875,1
g,pooled,423,,-1.9875,1
g,pooled,424,,-1.9875,1
g,pooled,425,,-1.9875,1
g,pooled,426,,-1.9875,1
g,pooled,427,,-1.9875,1
g,pooled,428,,-1.9875,1
g,pooled,429,,-1.9875,1
g,pooled,430,,-1.9875,1
g,pooled,431,,-1.9875,1
g,pooled,432,,-1.9875,1
g,pooled,433,,-1.9875,1
g,pooled,434,,-1.9875,1
g,pooled,435,,-1.9875,1
g,pooled,436,,-1.9875,1
g,pooled,437,,-1.9875,1
g,pooled,438,,-1.9875,1
g,pooled,439,,-1.9875,1
g,pooled,440,,-1.9875,1
g,pooled,441,,-1.9875,1
g,pooled,442,,-1.9875,1
g,pooled,443,,-1.9875,1
g,pooled,444,,-1.9875,1
g,pooled,445,,-1.9875,1
g,pooled,446,,-1.9875,1
g,pooled,447,,-1.9875,1
g,pooled,448,,-1.9875,1
g,pooled,449,,-1.9875,1
g,pooled,450,,-1.9875,1
g,pooled,451,,-1.9875,1
g,pooled,452,,-1.9875,1
g,pooled,453,,-1.9875,1
g,pooled,454,,-1.9875,1
g,pooled,455,,-1.9875,1
g,pooled,456,,-1.9875,1
g,pooled,457,,-1.9875,1
g,pooled,458,,-1.9875,1
g,pooled,459,,-1.9875,1
g,pooled,460,,-1.9875,1
g,pooled,461,,-1.9875,1
g,pooled,462,,-1.9875,1
g,pooled,463,,-1.9875,1
g,pooled,464,,-1.9875,1
g,pooled,465,,-1.9875,1
g,pooled,466,,-1.9875,1
g,pooled,467,,-1.9875,1
g,pooled,468,,-1.9875,1
g,pooled,469,,-1.9875,1
g,pooled,470,,-1.9875,1
g,pooled,471,,-1.9875,1
g,pooled,472,,-1.9875,1
g,pooled,473,,-1.9875,1
g,pooled,474,,-1.9875,1
g,pooled,475,,-1.9875,1
g,pooled,476,,-1.9875,1
g,pooled,477,,-1.9875,1
g,pooled,478,,-1.9875,1
g,pooled,479,,-1.9875,1
g,pooled,480,,-1.9875,1
g,pooled,481,,-1.9875,1
g,pooled,482,,-1.9875,1
g,pooled,483,,-1.9875,1
g,pooled,484,,-1.9875,1
g,pooled,485,,-1.9875,1
g,pooled,486,,-1.9875,1
g,pooled,487,,-1.9875,1
g,pooled,488,,-1.9875,1
g,pooled,489,,-1.9875,1
g,pooled,490,,-1.9875,1
g,pooled,491,,-1.9875,1
g,pooled,492,,-1.9875,1
g,pooled,493,,-1.9875,1
g,pooled,494,,-1.9875,1
g,pooled,495,,-1.9875,1
g,pooled,496,,-1.9875,1
g,pooled,497,,-1.9875,1
g,pooled,498,,-1.9875,1
g,pooled,499,,-1.9875,1
g,pooled,500,,-1.9875,1
g,pooled,501,,-1.9875,1
g,pooled,502,,-1.9875,1
g,pooled,503,,-1.9875,1
g,pooled,504,,-1.9875,1
g,pooled,505,,-1.9875,1
g,pooled,506,,-1.9875,1
g,pooled,507,,-1.9875,1
g,pooled,508,,-1.9875,1
g,pooled,509,,-1.9875,1
g,pooled,510,,-1.9875,1
g,pooled,511,,-1.9875,1
g,pooled,512,,-1.9875,1
g,pooled,513,,-1.9875,1
g,pooled,514,,-1.9875,1
g,pooled,515,,-1.9875,1
g,pooled,516,,-1.9875,1
g,pooled,517,,-1.9875,1
g,pooled,518,,-1.9875,1
g,pooled,519,,-1.9875,1
g,pooled,520,,-1.9875,1
g,pooled,521,,-1.9875,1
g,pooled,522,,-1.9875,1
g,pooled,523,,-1.9875,1
g,pooled,524,,-1.9875,1
g,pooled,525,,-1.9875,1
g,pooled,526,,-1.9875,1
g,pooled,527,,-1.9875,1
g,pooled,528,,-1.9875,1
g,pooled,529,,-1.9875,1
g,pooled,530,,-1.9875,1
g,pooled,531,,-1.9875,1
g,pooled,532,,-1.9875,1
g,pooled,533,,-1.9875,1
g,pooled,534,,-1.9875,1
g,pooled,535,,-1.9875,1
g,pooled,536,,-1.9875,1
g,pooled,537,,-1.9875,1
g,pooled,538,,-1.9875,1
g,pooled,539,,-1.9875,1
g,pooled,540,,-1.9875,1
g,pooled,541,,-1.9875,1
g,pooled,542,,-1.9875,1
g,pooled,543,,-1.9875,1
g,pooled,544,,-1.9875,1
g,pooled,545,,-1.9875,1
g,pooled,546,,-1.9875,1
g,pooled,547,,-1.9875,1
g,pooled,548,,-1.9875,1
g,pooled,549,,-1.9875,1
g,pooled,550,,-1.9875,1
g,pooled,551,,-1.9875,1
g,pooled,552,,-1.9875,1
g,pooled,553,,-1.9875,1
g,pooled,554,,-1.9875,1
g,pooled,555,,-1.9875,1
g,pooled,556,,-1.9875,1
g,pooled,557,,-1.9875,1
g,pooled,558,,-1.9875,1
g,pooled,559,,-1.9875,1
g,pooled,560,,-1.9875,1
g,pooled,561,,-1.9875,1
g,pooled,562,,-1.9875,1
g,pooled,563,,-1.9875,1
g,pooled,564,,-1.9875,1
g,pooled,565,,-1.9875,1
g,pooled,566,,-1.9875,1
g,pooled,567,,-1.9875,1
g,pooled,568,,-1.9875,1
g,pooled,569,,-1.9875,1
g,pooled,570,,-1.9875,1
g,pooled,571,,-1.9875,1
g,pooled,572,,-1.9875,1
g,pooled,573,,-1.9875,1
g,pooled,574,,-1.9875,1
g,pooled,575,,-1.9875,1
g,pooled,576,,-1.9875,1
g,pooled,577,,-1.9875,1
g,pooled,578,,-1.9875,1
g,pooled,579,,-1.9875,1
g,pooled,580,,-1.9875,1
g,pooled,581,,-1.9875,1
g,pooled,582,,-1.9875,1
g,pooled,583,,-1.9875,1
g,pooled,584,,-1.9875,1
g,pooled,585,,-1.9875,1
g,pooled,586,,-1.9875,1
g,pooled,587,,-1.9875,1
g,pooled,588,,-1.9875,1
g,pooled,589,,-1.9875,1
g,pooled,590,,-1.9875,1
g,pooled,591,,-1.9875,1
g,pooled,592,,-1.9875,1
g,pooled,593,,-1.9875,1
g,pooled,594,,-1.9875,1
g,pooled,595,,-1.9875,1
g,pooled,596,,-1.9875,1
g,pooled,597,,-1.9875,1
g,pooled,598,,-1.9875,1
g,pooled,599,,-1.9875,1
g,pooled,600,,-1.9875,1
g,pooled,601,,-1.9875,1
g,pooled,602,,-1.9875,1
g,pooled,603,,-1.9875,1
g,pooled,604,,-1.9875,1
g,pooled,605,,-1.9875,1
g,pooled,606,,-1.9875,1
g,pooled,607,,-1.9875,1
g,pooled,608,,-1.9875,1
g,pooled,609,,-1.9875,1
g,pooled,610,,-1.9875,1
g,pooled,611,,-1.9875,1
g,pooled,612,,-1.9875,1
g,pooled,613,,-1.9875,1
g,pooled,614,,-1.9875,1
g,pooled,615,,-1.9875,1
g,pooled,616,,-1.9875,1
g,pooled,617,,-1.9875,1
g,pooled,618,,-1.9875,1
g,pooled,619,,-1.9875,1
g,pooled,620,,-1.9875,1
g,pooled,621,,-1.9875,1
g,pooled,622,,-1.9875,1
g,pooled,623,,-1.9875,1
g,pooled,624,,-1.9875,1
g,pooled,625,,-1.9875,1
g,pooled,626,,-1.9875,1
g,pooled,627,,-1.9875,1
g,pooled,628,,-1.9875,1
g,pooled,629,,-1.9875,1
g,pooled,630,,-1.9875,1
g,pooled,631,,-1.9875,1
g,pooled,632,,-1.9875,1
g,pooled,633,,-1.9875,1
g,pooled,634,,-1.9875,1
g,pooled,635,,-1.9875,1
g,pooled,636,,-1.9875,1
g,pooled,637,,-1.9875,1
g,pooled,638,,-1.9875,1
g,pooled,639,,-1.9875,1
g,pooled,640,,-1.9875,1
g,pooled,641,,-1.9875,1
g,pooled,642,,-1.9875,1
g,pooled,643,,-1.9875,1
g,pooled,644,,-1.9875,1
g,pooled,645,,-1.9875,1
g,pooled,646,,-1.9875,1
g,pooled,647,,-1.9875,1
g,pooled,648,,-1.9875,1
g,pooled,649,,-1.9875,1
g,pooled,650,,-1.9875,1
g,pooled,651,,-1.9875,1
g,pooled,652,,-1.9875,1
g,pooled,653,,-1.9875,1
g,pooled,654,,-1.9875,1
g,pooled,655,,-1.9875,1
g,pooled,656,,-1.9875,1
g,pooled,657,,-1.9875,1
g,pooled,658,,-1.9875,1
g,pooled,659,,-1.9875,1
g,pooled,660,,-1.9875,1
g,pooled,661,,-1.9875,1
g,pooled,662,,-1.9875,1
g,pooled,663,,-1.9875,1
g,pooled,664,,-1.9875,1
g,pooled,665,,-1.9875,1
g,pooled,666,,-1.9875,1
g,pooled,667,,-1.9875,1
g,pooled,668,,-1.9875,1
g,pooled,669,,-1.9875,1
g,pooled,670,,-1.9875,1
g,pooled,671,,-1.9875,1
g,pooled,672,,-1.9875,1
g,pooled,673,,-1.9875,1
g,pooled,674,,-1.9875,1
g,pooled,675,,-1.9875,1
g,pooled,676,,-1.9875,1
g,pooled,677,,-1.9875,1
g,pooled,678,,-1.9875,1
g,pooled,679,,-1.9875,1
g,pooled,680,,-1.9875,1
g,pooled,681,,-1.9875,1
g,pooled,682,,-1.9875,1
g,pooled,683,,-1.9875,1
g,pooled,684,,-1.9875,1
g,pooled,685,,-1.9875,1
g,pooled,686,,-1.9875,1
g,pooled,687,,-1.9875,1
g,pooled,688,,-1.9875,1
g,pooled,689,,-1.9875,1
g,pooled,690,,-1.9875,1
g,pooled,691,,-1.9875,1
g,pooled,692,,-1.9875,1
g,pooled,693,,-1.9875,1
g,pooled,694,,-1.9875,1
g,pooled,695,,-1.9875,1
g,pooled,696,,-1.9875,1
g,pooled,697,,-1.9875,1
g,pooled,698,,-1.9875,1
g,pooled,699,,-1.9875,1
g,pooled,700,,-1.9875,1
g,pooled,701,,-1.9875,1
g,pooled,702,,-1.9875,1
g,pooled,703,,-1.9875,1
g,pooled,704,,-1.9875,1
g,pooled,705,,-1.9875,1
g,pooled,706,,-1.9875,1
g,pooled,707,,-1.9875,1
g,pooled,708,,-1.9875,1
g,pooled,709,,-1.9875,1
g,pooled,710,,-1.9875,1
g,pooled,711,,-1.9875,1
g,pooled,712,,-1.9875,1
g,pooled,713,,-1.9875,1
g,pooled,714,,-1.9875,1
g,pooled,715,,-1.9875,1
g,pooled,716,,-1.9875,1
g,pooled,717,,-1.9875,1
g,pooled,718,,-1.9875,1
g,pooled,719,,-1.9875,1
g,pooled,720,,-1.9875,1
g,pooled,721,,-1.9875,1
g,pooled,722,,-1.9875,1
g,pooled,723,,-1.9875,1
g,pooled,724,,-1.9875,1
g,pooled,725,,-1.9875,1
g,pooled,726,,-1.9875,1
g,pooled,727,,-1.9875,1
g,pooled,728,,-1.9875,1
g,pooled,729,,-1.9875,1
g,pooled,730,,-1.9875,1
g,pooled,731,,-1.9875,1
g,pooled,732,,-1.9875,1
g,pooled,733,,-1.9875,1
g,pooled,734,,-1.9875,1
g,pooled,735,,-1.9875,1
g,pooled,736,,-1.9875,1
g,pooled,737,,-1.9875,1
g,pooled,738,,-1.9875,1
g,pooled,739,,-1.9875,1
g,pooled,740,,-1.9875,1
g,pooled,741,,-1.9875,1
g,pooled,742,,-1.9875,1
g,pooled,743,,-1.9875,1
g,pooled,744,,-1.9875,1
g,pooled,745,,-1.9875,1
g,pooled,746,,-1.9875,1
g,pooled,747,,-1.9875,1
g,pooled,748,,-1.9875,1
g,pooled,749,,-1.9875,1
g,pooled,750,,-1.9875,1
g,pooled,751,,-1.9875,1
g,pooled,752,,-1.9875,1
g,pooled,753,,-1.9875,1
g,pooled,754,,-1.9875,1
g,pooled,755,,-1.9875,1
g,pooled,756,,-1.9875,1
g,pooled,757,,-1.9875,1
g,pooled,758,,-1.9875,1
g,pooled,759,,-1.9875,1
g,pooled,760,,-1.9875,1
g,pooled,761,,-1.9875,1
g,pooled,762,,-1.9875,1
g,pooled,763,,-1.9875,1
g,pooled,764,,-1.9875,1
g,pooled,765,,-1.9875,1
g,pooled,766,,-1.9875,1
g,pooled,767,,-1.9875,1
g,pooled,768,,-1.9875,1
g,pooled,769,,-1.9875,1
g,pooled,770,,-1.9875,1
g,pooled,771,,-1.9875,1
g,pooled,772,,-1.9875,1
g,pooled,773,,-1.9875,1
g,pooled,774,,-1.9875,1
g,pooled,775,,-1.9875,1
g,pooled,776,,-1.9875,1
g,pooled,777,,-1.9875,1
g,pooled,778,,-1.9875,1
g,pooled,779,,-1.9875,1
g,pooled,780,,-1.9875,1
g,pooled,781,,-1.9875,1
g,pooled,782,,-1.9875,1
g,pooled,783,,-1.9875,1
g,pooled,784,,-1.9875,1
g,pooled,785,,-1.9875,1
g,pooled,786,,-1.9875,1
g,pooled,787,,-1.9875,1
g,pooled,788,,-1.9875,1
g,pooled,789,,-1.9875,1
g,pooled,790,,-1.9875,1
g,pooled,791,,-1.9875,1
g,pooled,792,,-1.9875,1
g,pooled,793,,-1.9875,1
g,pooled,794,,-1.9875,1
g,pooled,795,,-1.9875,1
g,pooled,796,,-1.9875,1
g,pooled,797,,-1.9875,1
g,pooled,798,,-1.9875,1
g,pooled,799,,-1.9875,1
g,pooled,800,,-1.9875,1
g,pooled,801,,-1.9875,1
g,pooled,802,,-1.9875,1
g,pooled,803,,-1.9875,1
g,pooled,804,,-1.9875,1
g,pooled,805,,-1.9875,1
g,pooled,806,,-1.9875,1
g,pooled,807,,-1.9875,1
g,pooled,808,,-1.9875,1
g,pooled,809,,-1.9875,1
g,pooled,810,,-1.9875,1
g,pooled,811,,-1.9875,1
g,pooled,812,,-1.9875,1
g,pooled,813,,-1.9875,1
g,pooled,814,,-1.9875,1
g,pooled,815,,-1.9875,1
g,pooled,816,,-1.9875,1
g,pooled,817,,-1.9875,1
g,pooled,818,,-1.9875,1
g,pooled,819,,-1.9875,1
g,pooled,820,,-1.9875,1
g,pooled,821,,-1.9875,1
g,pooled,822,,-1.9625000000000001,1
g,pooled,823,,-1.9625000000000001,1
g,pooled,824,,-1.9625000000000001,1
g,pooled,825,,-1.9625000000000001,1
g,pooled,826,,-1.9625000000000001,1
g,pooled,827,,-1.9625000000000001,1
g,pooled,828,,-1.9625000000000001,1
g,pooled,829,,-1.9625000000000001,1
g,pooled,830,,-1.9625000000000001,1
g,pooled,831,,-1.9625000000000001,1
g,pooled,832,,-1.9625000000000001,1
g,pooled,833,,-1.9625000000000001,1
g,pooled,834,,-1.9625000000000001,1
g,pooled,835,,-1.9625000000000001,1
g,pooled,836,,-1.9625000000000001,1
g,pooled,837,,-1.9625000000000001,1
g,pooled,838,,-1.9625000000000001,1
g,pooled,839,,-1.9625000000000001,1
g,pooled,840,,-1.9625000000000001,1
g,pooled,841,,-1.9625000000000001,1
g,pooled,842,,-1.9625000000000001,1
g,pooled,843,,-1.9625000000000001,1
g,pooled,844,,-1.9625000000000001,1
g,pooled,845,,-1.9625000000000001,1
g,pooled,846,,-1.9625000000000001,1
g,pooled,847,,-1.9625000000000001,1
g,pooled,848,,-1.9625000000000001,1
g,pooled,849,,-1.9625000000000001,1
g,pooled,850,,-1.9625000000000001,1
g,pooled,851,,-1.9625000000000001,1
g,pooled,852,,-1.9625000000000001,1
g,pooled,853,,-1.9625000000000001,1
g,pooled,854,,-1.9625000000000001,1
g,pooled,855,,-1.9625000000000001,1
g,pooled,856,,-1.9625000000000001,1
g,pooled,857,,-1.9625000000000001,1
g,pooled,858,,-1.9625000000000001,1
g,pooled,859,,-1.9625000000000001,1
g,pooled,860,,-1.9625000000000001,1
g,pooled,861,,-1.9625000000000001,1
g,pooled,862,,-1.9625000000000001,1
g,pooled,863,,-1.9625000000000001,1
g,pooled,864,,-1.9625000000000001,1
g,pooled,865,,-1.9625000000000001,1
g,pooled,866,,-1.9625000000000001,1
g,pooled,867,,-1.9625000000000001,1
g,pooled,868,,-1.9625000000000001,1
g,pooled,869,,-1.9625000000000001,1
g,pooled,870,,-1.9625000000000001,1
g,pooled,871,,-1.9625000000000001,1
g,pooled,872,,-1.9625000000000001,1
g,pooled,873,,-1.9625000000000001,1
g,pooled,874,,-1.9625000000000001,1
g,pooled,875,,-1.9625000000000001,1
g,pooled,876,,-1.9625000000000001,1
g,pooled,877,,-1.9625000000000001,1
g,pooled,878,,-1.9625000000000001,1
g,pooled,879,,-1.9625000000000001,1
g,pooled,880,,-1.9625000000000001,1
g,pooled,881,,-1.9625000000000001,1
g,pooled,882,,-1.9625000000000001,1
g,pooled,883,,-1.9625000000000001,1
g,pooled,884,,-1.9625000000000001,1
g,pooled,885,,-1.9625000000000001,1
g,pooled,886,,-1.9625000000000001,1
g,pooled,887,,-1.9625000000000001,1
g,pooled,888,,-1.9625000000000001,1
g,pooled,889,,-1.9625000000000001,1
g,pooled,890,,-1.9625000000000001,1
g,pooled,891,,-1.9625000000000001,1
g,pooled,892,,-1.9625000000000001,1
g,pooled,893,,-1.9625000000000001,1
g,pooled,894,,-1.9625000000000001,1
g,pooled,895,,-1.9625000000000001,1
g,pooled,896,,-1.9625000000000001,1
g,pooled,897,,-1.9625000000000001,1
g,pooled,898,,-1.9625000000000001,1
g,pooled,899,,-1.9625000000000001,1
g,pooled,900,,-1.9625000000000001,1
g,pooled,901,,-1.9625000000000001,1
g,pooled,902,,-1.9625000000000001,1
g,pooled,903,,-1.9625000000000001,1
g,pooled,904,,-1.9625000000000001,1
g,pooled,905,,-1.9625000000000001,1
g,pooled,906,,-1.9625000000000001,1
g,pooled,907,,-1.9625000000000001,1
g,pooled,908,,-1.9625000000000001,1
g,pooled,909,,-1.9375000000000002,1
g,pooled,910,,-1.9375000000000002,1
g,pooled,911,,-1.9375000000000002,1
g,pooled,912,,-1.9375000000000002,1
g,pooled,913,,-1.9375000000000002,1
g,pooled,914,,-1.9375000000000002,1
g,pooled,915,,-1.9375000000000002,1
g,pooled,916,,-1.9375000000000002,1
g,pooled,917,,-1.9375000000000002,1
g,pooled,918,,-1.9375000000000002,1
g,pooled,919,,-1.9375000000000002,1
g,pooled,920,,-1.9375000000000002,1
g,pooled,921,,-1.9375000000000002,1
g,pooled,922,,-1.9375000000000002,1
g,pooled,923,,-1.9375000000000002,1
g,pooled,924,,-1.9375000000000002,1
g,pooled,925,,-1.9375000000000002,1
g,pooled,926,,-1.9375000000000002,1
g,pooled,927,,-1.9375000000000002,1
g,pooled,928,,-1.9375000000000002,1
g,pooled,929,,-1.9375000000000002,1
g,pooled,930,,-1.9375000000000002,1
g,pooled,931,,-1.9375000000000002,1
g,pooled,932,,-1.9375000000000002,1
g,pooled,933,,-1.9375000000000002,1
g,pooled,934,,-1.9375000000000002,1
g,pooled,935,,-1.9375000000000002,1
g,pooled,936,,-1.9375000000000002,1
g,pooled,937,,-1.9375000000000002,1
g,pooled,938,,-1.9375000000000002,1
g,pooled,939,,-1.9375000000000002,1
g,pooled,940,,-1.9375000000000002,1
g,pooled,941,,-1.9375000000000002,1
g,pooled,942,,-1.9375000000000002,1
g,pooled,943,,-1.9375000000000002,1
g,pooled,944,,-1.9375000000000002,1
g,pooled,945,,-1.9375000000000002,1
g,pooled,946,,-1.9375000000000002,1
g,pooled,947,,-1.9375000000000002,1
g,pooled,948,,-1.9375000000000002,1
g,pooled,949,,-1.9375000000000002,1
g,pooled,950,,-1.9375000000000002,1
g,pooled,951,,-1.9375000000000002,1
g,pooled,952,,-1.9375000000000002,1
g,pooled,953,,-1.9375000000000002,1
g,pooled,954,,-1.9375000000000002,1
g,pooled,955,,-1.9375000000000002,1
g,pooled,956,,-1.9375000000000002,1
g,pooled,957,,-1.9375000000000002,1
g,pooled,958,,-1.9375000000000002,1
g,pooled,959,,-1.9375000000000002,1
g,pooled,960,,-1.9375000000000002,1
g,pooled,961,,-1.9375000000000002,1
g,pooled,962,,-1.9375000000000002,1
g,pooled,963,,-1.9375000000000002,1
g,pooled,964,,-1.9375000000000002,1
g,pooled,965,,-1.9375000000000002,1
g,pooled,966,,-1.9375000000000002,1
g,pooled,967,,-1.9375000000000002,1
g,pooled,968,,-1.9375000000000002,1
g,pooled,969,,-1.9375000000000002,1
g,pooled,970,,-1.9375000000000002,1
g,pooled,971,,-1.9375000000000002,1
g,pooled,972,,-1.9375000000000002,1
g,pooled,973,,-1.9375000000000002,1
g,pooled,974,,-1.9375000000000002,1
g,pooled,975,,-1.9375000000000002,1
g,pooled,976,,-1.9375000000000002,1
g,pooled,977,,-1.9375000000000002,1
g,pooled,978,,-1.9375000000000002,1
g,pooled,979,,-1.9375000000000002,1
g,pooled,980,,-1.9375000000000002,1
g,pooled,981,,-1.9375000000000002,1
g,pooled,982,,-1.9375000000000002,1
g,pooled,983,,-1.9375000000000002,1
g,pooled,984,,-1.9375000000000002,1
g,pooled,985,,-1.9375000000000002,1
g,pooled,986,,-1.9375000000000002,1
g,pooled,987,,-1.9375000000000002,1
g,pooled,988,,-1.9375000000000002,1
g,pooled,989,,-1.9375000000000002,1
g,pooled,990,,-1.9125000000000003,1
g,pooled,991,,-1.9125000000000003,1
g,pooled,992,,-1.9125000000000003,1
g,pooled,993,,-1.9125000000000003,1
g,pooled,994,,-1.9125000000000003,1
g,pooled,995,,-1.9125000000000003,1
g,pooled,996,,-1.9125000000000003,1
g,pooled,997,,-1.9125000000000003,1
g,pooled,998,,-1.9125000000000003,1
g,pooled,999,,-1.9125000000000003,1
g,pooled,1000,,-1.9125000000000003,1
g,pooled,1001,,-1.9125000000000003,1
g,pooled,1002,,-1.9125000000000003,1
g,pooled,1003,,-1.9125000000000003,1
g,pooled,1004,,-1.9125000000000003,1
g,pooled,1005,,-1.9125000000000003,1
g,pooled,1006,,-1.9125000000000003,1
g,pooled,1007,,-1.9125000000000003,1
g,pooled,1008,,-1.9125000000000003,1
g,pooled,1009,,-1.9125000000000003,1
g,pooled,1010,,-1.9125000000000003,1
g,pooled,1011,,-1.9125000000000003,1
g,pooled,1012,,-1.9125000000000003,1
g,pooled,1013,,-1.9125000000000003,1
g,pooled,1014,,-1.9125000000000003,1
g,pooled,1015,,-1.9125000000000003,1
g,pooled,1016,,-1.9125000000000003,1
g,pooled,1017,,-1.9125000000000003,1
g,pooled,1018,,-1.9125000000000003,1
g,pooled,1019,,-1.9125000000000003,1
g,pooled,1020,,-1.9125000000000003,1
g,pooled,1021,,-1.9125000000000003,1
g,pooled,1022,,-1.9125000000000003,1
g,pooled,1023,,-1.9125000000000003,1
g,pooled,1024,,-1.9125000000000003,1
g,pooled,1025,,-1.9125000000000003,1
g,pooled,1026,,-1.9125000000000003,1
g,pooled,1027,,-1.9125000000000003,1
g,pooled,1028,,-1.9125000000000003,1
g,pooled,1029,,-1.9125000000000003,1
g,pooled,1030,,-1.9125000000000003,1
g,pooled,1031,,-1.9125000000000003,1
g,pooled,1032,,-1.9125000000000003,1
g,pooled,1033,,-1.9125000000000003,1
g,pooled,1034,,-1.9125000000000003,1
g,pooled,1035,,-1.9125000000000003,1
g,pooled,1036,,-1.9125000000000003,1
g,pooled,1037,,-1.9125000000000003,1
g,pooled,1038,,-1.9125000000000003,1
g,pooled,1039,,-1.9125000000000003,1
g,pooled,1040,,-1.9125000000000003,1
g,pooled,1041,,-1.9125000000000003,1
g,pooled,1042,,-1.9125000000000003,1
g,pooled,1043,,-1.9125000000000003,1
g,pooled,1044,,-1.9125000000000003,1
g,pooled,1045,,-1.9125000000000003,1
g,pooled,1046,,-1.9125000000000003,1
g,pooled,1047,,-1.9125000000000003,1
g,pooled,1048,,-1.9125000000000003,1
g,pooled,1049,,-1.9125000000000003,1
g,pooled,1050,,-1.9125000000000003,1
g,pooled,1051,,-1.9125000000000003,1
g,pooled,1052,,-1.9125000000000003,1
g,pooled,1053,,-1.9125000000000003,1
g,pooled,1054,,-1.9125000000000003,1
g,pooled,1055,,-1.9125000000000003,1
g,pooled,1056,,-1.9125000000000003,1
g,pooled,1057,,-1.9125000000000003,1
g,pooled,1058,,-1.9125000000000003,1
g,pooled,1059,,-1.9125000000000003,1
g,pooled,1060,,-1.9125000000000003,1
g,pooled,1061,,-1.8875000000000004,1
g,pooled,1062,,-1.8875000000000004,1
g,pooled,1063,,-1.8875000000000004,1
g,pooled,1064,,-1.8875000000000004,1
g,pooled,1065,,-1.8875000000000004,1
g,pooled,1066,,-1.8875000000000004,1
g,pooled,1067,,-1.8875000000000004,1
g,pooled,1068,,-1.8875000000000004,1
g,pooled,1069,,-1.8875000000000004,1
g,pooled,1070,,-1.8875000000000004,1
g,pooled,1071,,-1.8875000000000004,1
g,pooled,1072,,-1.8875000000000004,1
g,pooled,1073,,-1.8875000000000004,1
g,pooled,1074,,-1.8875000000000004,1
g,pooled,1075,,-1.8875000000000004,1
g,pooled,1076,,-1.8875000000000004,1
g,pooled,1077,,-1.8875000000000004,1
g,pooled,1078,,-1.8875000000000004,1
g,pooled,1079,,-1.8875000000000004,1
g,pooled,1080,,-1.8875000000000004,1
g,pooled,1081,,-1.8875000000000004,1
g,pooled,1082,,-1.8875000000000004,1
g,pooled,1083,,-1.8875000000000004,1
g,pooled,1084,,-1.8875000000000004,1
g,pooled,1085,,-1.8875000000000004,1
g,pooled,1086,,-1.8875000000000004,1
g,pooled,1087,,-1.8875000000000004,1
g,pooled,1088,,-1.8875000000000004,1
g,pooled,1089,,-1.8875000000000004,1
g,pooled,1090,,-1.8875000000000004,1
g,pooled,1091,,-1.8875000000000004,1
g,pooled,1092,,-1.8875000000000004,1
g,pooled,1093,,-1.8875000000000004,1
g,pooled,1094,,-1.8875000000000004,1
g,pooled,1095,,-1.8875000000000004,1
g,pooled,1096,,-1.8875000000000004,1
g,pooled,1097,,-1.8875000000000004,1
g,pooled,1098,,-1.8875000000000004,1
g,pooled,1099,,-1.8875000000000004,1
g,pooled,1100,,-1.8875000000000004,1
g,pooled,1101,,-1.8875000000000004,1
g,pooled,1102,,-1.8875000000000004,1
g,pooled,1103,,-1.8875000000000004,1
g,pooled,1104,,-1.8875000000000004,1
g,pooled,1105,,-1.8875000000000004,1
g,pooled,1106,,-1.8875000000000004,1
g,pooled,1107,,-1.8875000000000004,1
g,pooled,1108,,-1.8875000000000004,1
g,pooled,1109,,-1.8875000000000004,1
g,pooled,1110,,-1.8875000000000004,1
g,pooled,1111,,-1.8875000000000004,1
g,pooled,1112,,-1.8875000000000004,1
g,pooled,1113,,-1.8875000000000004,1
g,pooled,1114,,-1.8875000000000004,1
g,pooled,1115,,-1.8875000000000004,1
g,pooled,1116,,-1.8875000000000004,1
g,pooled,1117,,-1.8875000000000004,1
g,pooled,1118,,-1.8875000000000004,1
g,pooled,1119,,-1.8875000000000004,1
g,pooled,1120,,-1.8875000000000004,1
g,pooled,1121,,-1.8875000000000004,1
g,pooled,1122,,-1.8875000000000004,1
g,pooled,1123,,-1.8875000000000004,1
g,pooled,1124,,-1.8875000000000004,1
g,pooled,1125,,-1.8875000000000004,1
g,pooled,1126,,-1.8875000000000004,1
g,pooled,1127,,-1.8875000000000004,1
g,pooled,1128,,-1.8875000000000004,1
g,pooled,1129,,-1.8875000000000004,1
g,pooled,1130,,-1.8875000000000004,1
g,pooled,1131,,-1.8875000000000004,1
g,pooled,1132,,-1.8875000000000004,1
g,pooled,1133,,-1.8875000000000004,1
g,pooled,1134,,-1.8875000000000004,1
g,pooled,1135,,-1.8875000000000004,1
g,pooled,1136,,-1.8875000000000004,1
g,pooled,1137,,-1.8625000000000005,1
g,pooled,1138,,-1.8625000000000005,1
g,pooled,1139,,-1.8625000000000005,1
g,pooled,1140,,-1.8625000000000005,1
g,pooled,1141,,-1.8625000000000005,1
g,pooled,1142,,-1.8625000000000005,1
g,pooled,1143,,-1.8625000000000005,1
g,pooled,1144,,-1.8625000000000005,1
g,pooled,1145,,-1.8625000000000005,1
g,pooled,1146,,-1.8625000000000005,1
g,pooled,1147,,-1.8625000000000005,1
g,pooled,1148,,-1.8625000000000005,1
g,pooled,1149,,-1.8625000000000005,1
g,pooled,1150,,-1.8625000000000005,1
g,pooled,1151,,-1.8625000000000005,1
g,pooled,1152,,-1.8625000000000005,1
g,pooled,1153,,-1.8625000000000005,1
g,pooled,1154,,-1.8625000000000005,1
g,pooled,1155,,-1.8625000000000005,1
g,pooled,1156,,-1.8625000000000005,1
g,pooled,1157,,-1.8625000000000005,1
g,pooled,1158,,-1.8625000000000005,1
g,pooled,1159,,-1.8625000000000005,1
g,pooled,1160,,-1.8625000000000005,1
g,pooled,1161,,-1.8625000000000005,1
g,pooled,1162,,-1.8625000000000005,1
g,pooled,1163,,-1.8625000000000005,1
g,pooled,1164,,-1.8625000000000005,1
g,pooled,1165,,-1.8625000000000005,1
g,pooled,1166,,-1.8625000000000005,1
g,pooled,1167,,-1.8625000000000005,1
g,pooled,1168,,-1.8625000000000005,1
g,pooled,1169,,-1.8625000000000005,1
g,pooled,1170,,-1.8625000000000005,1
g,pooled,1171,,-1.8625000000000005,1
g,pooled,1172,,-1.8625000000000005,1
g,pooled,1173,,-1.8625000000000005,1
g,pooled,1174,,-1.8625000000000005,1
g,pooled,1175,,-1.8625000000000005,1
g,pooled,1176,,-1.8625000000000005,1
g,pooled,1177,,-1.8625000000000005,1
g,pooled,1178,,-1.8625000000000005,1
g,pooled,1179,,-1.8625000000000005,1
g,pooled,1180,,-1.8625000000000005,1
g,pooled,1181,,-1.8625000000000005,1
g,pooled,1182,,-1.8625000000000005,1
g,pooled,1183,,-1.8625000000000005,1
g,pooled,1184,,-1.8625000000000005,1
g,pooled,1185,,-1.8625000000000005,1
g,pooled,1186,,-1.8625000000000005,1
g,pooled,1187,,-1.8625000000000005,1
g,pooled,1188,,-1.8625000000000005,1
g,pooled,1189,,-1.8625000000000005,1
g,pooled,1190,,-1.8625000000000005,1
g,pooled,1191,,-1.8625000000000005,1
g,pooled,1192,,-1.8625000000000005,1
g,pooled,1193,,-1.8625000000000005,1
g,pooled,1194,,-1.8625000000000005,1
g,pooled,1195,,-1.8625000000000005,1
g,pooled,1196,,-1.8625000000000005,1
g,pooled,1197,,-1.8625000000000005,1
g,pooled,1198,,-1.8625000000000005,1
g,pooled,1199,,-1.8625000000000005,1
g,pooled,1200,,-1.8625000000000005,1
g,pooled,1201,,-1.8625000000000005,1
g,pooled,1202,,-1.8625000000000005,1
g,pooled,1203,,-1.8625000000000005,1
g,pooled,1204,,-1.8625000000000005,1
g,pooled,1205,,-1.8625000000000005,1
g,pooled,1206,,-1.8625000000000005,1
g,pooled,1207,,-1.8625000000000005,1
g,pooled,1208,,-1.8625000000000005,1
g,pooled,1209,,-1.8375000000000006,1
g,pooled,1210,,-1.8375000000000006,1
g,pooled,1211,,-1.8375000000000006,1
g,pooled,1212,,-1.8375000000000006,1
g,pooled,1213,,-1.8375000000000006,1
g,pooled,1214,,-1.8375000000000006,1
g,pooled,1215,,-1.8375000000000006,1
g,pooled,1216,,-1.8375000000000006,1
g,pooled,1217,,-1.8375000000000006,1
g,pooled,1218,,-1.8375000000000006,1
g,pooled,1219,,-1.8375000000000006,1
g,pooled,1220,,-1.8375000000000006,1
g,pooled,1221,,-1.8375000000000006,1
g,pooled,1222,,-1.8375000000000006,1
g,pooled,1223,,-1.8375000000000006,1
g,pooled,1224,,-1.8375000000000006,1
g,pooled,1225,,-1.8375000000000006,1
g,pooled,1226,,-1.8375000000000006,1
g,pooled,1227,,-1.8375000000000006,1
g,pooled,1228,,-1.8375000000000006,1
g,pooled,1229,,-1.8375000000000006,1
g,pooled,1230,,-1.8375000000000006,1
g,pooled,1231,,-1.8375000000000006,1
g,pooled,1232,,-1.8375000000000006,1
g,pooled,1233,,-1.8375000000000006,1
g,pooled,1234,,-1.8375000000000006,1
g,pooled,1235,,-1.8375000000000006,1
g,pooled,1236,,-1.8375000000000006,1
g,pooled,1237,,-1.8375000000000006,1
g,pooled,1238,,-1.8375000000000006,1
g,pooled,1239,,-1.8375000000000006,1
g,pooled,1240,,-1.8375000000000006,1
g,pooled,1241,,-1.8375000000000006,1
g,pooled,1242,,-1.8375000000000006,1
g,pooled,1243,,-1.8375000000000006,1
g,pooled,1244,,-1.8375000000000006,1
g,pooled,1245,,-1.8375000000000006,1
g,pooled,1246,,-1.8375000000000006,1
g,pooled,1247,,-1.8375000000000006,1
g,pooled,1248,,-1.8375000000000006,1
g,pooled,1249,,-1.8375000000000006,1
g,pooled,1250,,-1.8375000000000006,1
g,pooled,1251,,-1.8375000000000006,1
g,pooled,1252,,-1.8375000000000006,1
g,pooled,1253,,-1.8375000000000006,1
g,pooled,1254,,-1.8375000000000006,1
g,pooled,1255,,-1.8375000000000006,1
g,pooled,1256,,-1.8375000000000006,1
g,pooled,1257,,-1.8375000000000006,1
g,pooled,1258,,-1.8375000000000006,1
g,pooled,1259,,-1.8375000000000006,1
g,pooled,1260,,-1.8375000000000006,1
g,pooled,1261,,-1.8375000000000006,1
g,pooled,1262,,-1.8375000000000006,1
g,pooled,1263,,-1.8375000000000006,1
g,pooled,1264,,-1.8375000000000006,1
g,pooled,1265,,-1.8375000000000006,1
g,pooled,1266,,-1.8375000000000006,1
g,pooled,1267,,-1.8375000000000006,1
g,pooled,1268,,-1.8375000000000006,1
g,pooled,1269,,-1.8375000000000006,1
g,pooled,1270,,-1.8125000000000007,1
g,pooled,1271,,-1.8125000000000007,1
g,pooled,1272,,-1.8125000000000007,1
g,pooled,1273,,-1.8125000000000007,1
g,pooled,1274,,-1.8125000000000007,1
g,pooled,1275,,-1.8125000000000007,1
g,pooled,1276,,-1.8125000000000007,1
g,pooled,1277,,-1.8125000000000007,1
g,pooled,1278,,-1.8125000000000007,1
g,pooled,1279,,-1.8125000000000007,1
g,pooled,1280,,-1.8125000000000007,1
g,pooled,1281,,-1.8125000000000007,1
g,pooled,1282,,-1.8125000000000007,1
g,pooled,1283,,-1.8125000000000007,1
g,pooled,1284,,-1.8125000000000007,1
g,pooled,1285,,-1.8125000000000007,1
g,pooled,1286,,-1.8125000000000007,1
g,pooled,1287,,-1.8125000000000007,1
g,pooled,1288,,-1.8125000000000007,1
g,pooled,1289,,-1.8125000000000007,1
g,pooled,1290,,-1.8125000000000007,1
g,pooled,1291,,-1.8125000000000007,1
g,pooled,1292,,-1.8125000000000007,1
g,pooled,1293,,-1.8125000000000007,1
g,pooled,1294,,-1.8125000000000007,1
g,pooled,1295,,-1.8125000000000007,1
g,pooled,1296,,-1.8125000000000007,1
g,pooled,1297,,-1.8125000000000007,1
g,pooled,1298,,-1.8125000000000007,1
g,pooled,1299,,-1.8125000000000007,1
g,pooled,1300,,-1.8125000000000007,1
g,pooled,1301,,-1.8125000000000007,1
g,pooled,1302,,-1.8125000000000007,1
g,pooled,1303,,-1.8125000000000007,1
g,pooled,1304,,-1.8125000000000007,1
g,pooled,1305,,-1.8125000000000007,1
g,pooled,1306,,-1.8125000000000007,1
g,pooled,1307,,-1.8125000000000007,1
g,pooled,1308,,-1.8125000000000007,1
g,pooled,1309,,-1.8125000000000007,1
g,pooled,1310,,-1.8125000000000007,1
g,pooled,1311,,-1.8125000000000007,1
g,pooled,1312,,-1.8125000000000007,1
g,pooled,1313,,-1.8125000000000007,1
g,pooled,1314,,-1.8125000000000007,1
g,pooled,1315,,-1.8125000000000007,1
g,pooled,1316,,-1.8125000000000007,1
g,pooled,1317,,-1.8125000000000007,1
g,pooled,1318,,-1.8125000000000007,1
g,pooled,1319,,-1.8125000000000007,1
g,pooled,1320,,-1.8125000000000007,1
g,pooled,1321,,-1.8125000000000007,1
g,pooled,1322,,-1.8125000000000007,1
g,pooled,1323,,-1.7875000000000008,1
g,pooled,1324,,-1.7875000000000008,1
g,pooled,1325,,-1.7875000000000008,1
g,pooled,1326,,-1.7875000000000008,1
g,pooled,1327,,-1.7875000000000008,1
g,pooled,1328,,-1.7875000000000008,1
g,pooled,1329,,-1.7875000000000008,1
g,pooled,1330,,-1.7875000000000008,1
g,pooled,1331,,-1.7875000000000008,1
g,pooled,1332,,-1.7875000000000008,1
g,pooled,1333,,-1.7875000000000008,1
g,pooled,1334,,-1.7875000000000008,1
g,pooled,1335,,-1.7875000000000008,1
g,pooled,1336,,-1.7875000000000008,1
g,pooled,1337,,-1.7875000000000008,1
g,pooled,1338,,-1.7875000000000008,1
g,pooled,1339,,-1.7875000000000008,1
g,pooled,1340,,-1.7875000000000008,1
g,pooled,1341,,-1.7875000000000008,1
g,pooled,1342,,-1.7875000000000008,1
g,pooled,1343,,-1.7875000000000008,1
g,pooled,1344,,-1.7875000000000008,1
g,pooled,1345,,-1.7875000000000008,1
g,pooled,1346,,-1.7875000000000008,1
g,pooled,1347,,-1.7875000000000008,1
g,pooled,1348,,-1.7875000000000008,1
g,pooled,1349,,-1.7875000000000008,1
g,pooled,1350,,-1.7875000000000008,1
g,pooled,1351,,-1.7875000000000008,1
g,pooled,1352,,-1.7875000000000008,1
g,pooled,1353,,-1.7875000000000008,1
g,pooled,1354,,-1.7875000000000008,1
g,pooled,1355,,-1.7875000000000008,1
g,pooled,1356,,-1.7875000000000008,1
g,pooled,1357,,-1.7875000000000008,1
g,pooled,1358,,-1.7875000000000008,1
g,pooled,1359,,-1.7875000000000008,1
g,pooled,1360,,-1.7875000000000008,1
g,pooled,1361,,-1.7875000000000008,1
g,pooled,1362,,-1.7875000000000008,1
g,pooled,1363,,-1.7875000000000008,1
g,pooled,1364,,-1.7875000000000008,1
g,pooled,1365,,-1.7625000000000008,1
g,pooled,1366,,-1.7625000000000008,1
g,pooled,1367,,-1.7625000000000008,1
g,pooled,1368,,-1.7625000000000008,1
g,pooled,1369,,-1.7625000000000008,1
g,pooled,1370,,-1.7625000000000008,1
g,pooled,1371,,-1.7625000000000008,1
g,pooled,1372,,-1.7625000000000008,1
g,pooled,1373,,-1.7625000000000008,1
g,pooled,1374,,-1.7625000000000008,1
g,pooled,1375,,-1.7625000000000008,1
g,pooled,1376,,-1.7625000000000008,1
g,pooled,1377,,-1.7625000000000008,1
g,pooled,1378,,-1.7625000000000008,1
g,pooled,1379,,-1.7625000000000008,1
g,pooled,1380,,-1.7625000000000008,1
g,pooled,1381,,-1.7625000000000008,1
g,pooled,1382,,-1.7625000000000008,1
g,pooled,1383,,-1.7625000000000008,1
g,pooled,1384,,-1.7625000000000008,1
g,pooled,1385,,-1.7625000000000008,1
g,pooled,1386,,-1.7625000000000008,1
g,pooled,1387,,-1.7625000000000008,1
g,pooled,1388,,-1.7625000000000008,1
g,pooled,1389,,-1.7625000000000008,1
g,pooled,1390,,-1.7625000000000008,1
g,pooled,1391,,-1.7625000000000008,1
g,pooled,1392,,-1.7625000000000008,1
g,pooled,1393,,-1.7625000000000008,1
g,pooled,1394,,-1.7625000000000008,1
g,pooled,1395,,-1.7625000000000008,1
g,pooled,1396,,-1.7625000000000008,1
g,pooled,1397,,-1.7625000000000008,1
g,pooled,1398,,-1.7625000000000008,1
g,pooled,1399,,-1.7625000000000008,1
g,pooled,1400,,-1.7625000000000008,1
g,pooled,1401,,-1.7625000000000008,1
g,pooled,1402,,-1.7625000000000008,1
g,pooled,1403,,-1.7625000000000008,1
g,pooled,1404,,-1.7625000000000008,1
g,pooled,1405,,-1.7625000000000008,1
g,pooled,1406,,-1.7625000000000008,1
g,pooled,1407,,-1.7625000000000008,1
g,pooled,1408,,-1.7625000000000008,1
g,pooled,1409,,-1.7625000000000008,1
g,pooled,1410,,-1.7625000000000008,1
g,pooled,1411,,-1.7625000000000008,1
g,pooled,1412,,-1.7625000000000008,1
g,pooled,1413,,-1.7625000000000008,1
g,pooled,1414,,-1.7625000000000008,1
g,pooled,1415,,-1.7625000000000008,1
g,pooled,1416,,-1.7625000000000008,1
g,pooled,1417,,-1.7625000000000008,1
g,pooled,1418,,-1.7625000000000008,1
g,pooled,1419,,-1.737500000000001,1
g,pooled,1420,,-1.737500000000001,1
g,pooled,1421,,-1.737500000000001,1
g,pooled,1422,,-1.737500000000001,1
g,pooled,1423,,-1.737500000000001,1
g,pooled,1424,,-1.737500000000001,1
g,pooled,1425,,-1.737500000000001,1
g,pooled,1426,,-1.737500000000001,1
g,pooled,1427,,-1.737500000000001,1
g,pooled,1428,,-1.737500000000001,1
g,pooled,1429,,-1.737500000000001,1
g,pooled,1430,,-1.737500000000001,1
g,pooled,1431,,-1.737500000000001,1
g,pooled,1432,,-1.737500000000001,1
g,pooled,1433,,-1.737500000000001,1
g,pooled,1434,,-1.737500000000001,1
g,pooled,1435,,-1.737500000000001,1
g,pooled,1436,,-1.737500000000001,1
g,pooled,1437,,-1.737500000000001,1
g,pooled,1438,,-1.737500000000001,1
g,pooled,1439,,-1.737500000000001,1
g,pooled,1440,,-1.737500000000001,1
g,pooled,1441,,-1.737500000000001,1
g,pooled,1442,,-1.737500000000001,1
g,pooled,1443,,-1.737500000000001,1
g,pooled,1444,,-1.737500000000001,1
g,pooled,1445,,-1.737500000000001,1
g,pooled,1446,,-1.737500000000001,1
g,pooled,1447,,-1.737500000000001,1
g,pooled,1448,,-1.737500000000001,1
g,pooled,1449,,-1.737500000000001,1
g,pooled,1450,,-1.737500000000001,1
g,pooled,1451,,-1.737500000000001,1
g,pooled,1452,,-1.737500000000001,1
g,pooled,1453,,-1.737500000000001,1
g,pooled,1454,,-1.737500000000001,1
g,pooled,1455,,-1.737500000000001,1
g,pooled,1456,,-1.737500000000001,1
g,pooled,1457,,-1.737500000000001,1
g,pooled,1458,,-1.737500000000001,1
g,pooled,1459,,-1.737500000000001,1
g,pooled,1460,,-1.737500000000001,1
g,pooled,1461,,-1.737500000000001,1
g,pooled,1462,,-1.737500000000001,1
g,pooled,1463,,-1.712500000000001,1
g,pooled,1464,,-1.712500000000001,1
g,pooled,1465,,-1.712500000000001,1
g,pooled,1466,,-1.712500000000001,1
g,pooled,1467,,-1.712500000000001,1
g,pooled,1468,,-1.712500000000001,1
g,pooled,1469,,-1.712500000000001,1
g,pooled,1470,,-1.712500000000001,1
g,pooled,1471,,-1.712500000000001,1
g,pooled,1472,,-1.712500000000001,1
g,pooled,1473,,-1.712500000000001,1
g,pooled,1474,,-1.712500000000001,1
g,pooled,1475,,-1.712500000000001,1
g,pooled,1476,,-1.712500000000001,1
g,pooled,1477,,-1.712500000000001,1
g,pooled,1478,,-1.712500000000001,1
g,pooled,1479,,-1.712500000000001,1
g,pooled,1480,,-1.712500000000001,1
g,pooled,1481,,-1.712500000000001,1
g,pooled,1482,,-1.712500000000001,1
g,pooled,1483,,-1.712500000000001,1
g,pooled,1484,,-1.712500000000001,1
g,pooled,1485,,-1.712500000000001,1
g,pooled,1486,,-1.712500000000001,1
g,pooled,1487,,-1.712500000000001,1
g,pooled,1488,,-1.712500000000001,1
g,pooled,1489,,-1.712500000000001,1
g,pooled,1490,,-1.712500000000001,1
g,pooled,1491,,-1.712500000000001,1
g,pooled,1492,,-1.712500000000001,1
g,pooled,1493,,-1.712500000000001,1
g,pooled,1494,,-1.712500000000001,1
g,pooled,1495,,-1.712500000000001,1
g,pooled,1496,,-1.712500000000001,1
g,pooled,1497,,-1.712500000000001,1
g,pooled,1498,,-1.712500000000001,1
g,pooled,1499,,-1.712500000000001,1
g,pooled,1500,,-1.712500000000001,1
g,pooled,1501,,-1.712500000000001,1
g,pooled,1502,,-1.712500000000001,1
g,pooled,1503,,-1.712500000000001,1
g,pooled,1504,,-1.712500000000001,1
g,pooled,1505,,-1.712500000000001,1
g,pooled,1506,,-1.712500000000001,1
g,pooled,1507,,-1.712500000000001,1
g,pooled,1508,,-1.712500000000001,1
g,pooled,1509,,-1.712500000000001,1
g,pooled,1510,,-1.712500000000001,1
g,pooled,1511,,-1.712500000000001,1
g,pooled,1512,,-1.712500000000001,1
g,pooled,1513,,-1.687500000000001,1
g,pooled,1514,,-1.687500000000001,1
g,pooled,1515,,-1.687500000000001,1
g,pooled,1516,,-1.687500000000001,1
g,pooled,1517,,-1.687500000000001,1
g,pooled,1518,,-1.687500000000001,1
g,pooled,1519,,-1.687500000000001,1
g,pooled,1520,,-1.687500000000001,1
g,pooled,1521,,-1.687500000000001,1
g,pooled,1522,,-1.687500000000001,1
g,pooled,1523,,-1.687500000000001,1
g,pooled,1524,,-1.687500000000001,1
g,pooled,1525,,-1.687500000000001,1
g,pooled,1526,,-1.687500000000001,1
g,pooled,1527,,-1.687500000000001,1
g,pooled,1528,,-1.687500000000001,1
g,pooled,1529,,-1.687500000000001,1
g,pooled,1530,,-1.687500000000001,1
g,pooled,1531,,-1.687500000000001,1
g,pooled,1532,,-1.687500000000001,1
g,pooled,1533,,-1.687500000000001,1
g,pooled,1534,,-1.687500000000001,1
g,pooled,1535,,-1.687500000000001,1
g,pooled,1536,,-1.687500000000001,1
g,pooled,1537,,-1.687500000000001,1
g,pooled,1538,,-1.687500000000001,1
g,pooled,1539,,-1.687500000000001,1
g,pooled,1540,,-1.687500000000001,1
g,pooled,1541,,-1.687500000000001,1
g,pooled,1542,,-1.687500000000001,1
g,pooled,1543,,-1.687500000000001,1
g,pooled,1544,,-1.687500000000001,1
g,pooled,1545,,-1.687500000000001,1
g,pooled,1546,,-1.687500000000001,1
g,pooled,1547,,-1.687500000000001,1
g,pooled,1548,,-1.687500000000001,1
g,pooled,1549,,-1.687500000000001,1
g,pooled,1550,,-1.687500000000001,1
g,pooled,1551,,-1.687500000000001,1
g,pooled,1552,,-1.687500000000001,1
g,pooled,1553,,-1.687500000000001,1
g,pooled,1554,,-1.687500000000001,1
g,pooled,1555,,-1.687500000000001,1
g,pooled,1556,,-1.687500000000001,1
g,pooled,1557,,-1.6625000000000012,1
g,pooled,1558,,-1.6625000000000012,1
g,pooled,1559,,-1.6625000000000012,1
g,pooled,1560,,-1.6625000000000012,1
g,pooled,1561,,-1.6625000000000012,1
g,pooled,1562,,-1.6625000000000012,1
g,pooled,1563,,-1.6625000000000012,1
g,pooled,1564,,-1.6625000000000012,1
g,pooled,1565,,-1.6625000000000012,1
g,pooled,1566,,-1.6625000000000012,1
g,pooled,1567,,-1.6625000000000012,1
g,pooled,1568,,-1.6625000000000012,1
g,pooled,1569,,-1.6625000000000012,1
g,pooled,1570,,-1.6625000000000012,1
g,pooled,1571,,-1.6625000000000012,1
g,pooled,1572,,-1.6625000000000012,1
g,pooled,1573,,-1.6625000000000012,1
g,pooled,1574,,-1.6625000000000012,1
g,pooled,1575,,-1.6625000000000012,1
g,pooled,1576,,-1.6625000000000012,1
g,pooled,1577,,-1.6625000000000012,1
g,pooled,1578,,-1.6625000000000012,1
g,pooled,1579,,-1.6625000000000012,1
g,pooled,1580,,-1.6625000000000012,1
g,pooled,1581,,-1.6625000000000012,1
g,pooled,1582,,-1.6625000000000012,1
g,pooled,1583,,-1.6625000000000012,1
g,pooled,1584,,-1.6625000000000012,1
g,pooled,1585,,-1.6625000000000012,1
g,pooled,1586,,-1.6625000000000012,1
g,pooled,1587,,-1.6625000000000012,1
g,pooled,1588,,-1.6625000000000012,1
g,pooled,1589,,-1.6625000000000012,1
g,pooled,1590,,-1.6625000000000012,1
g,pooled,1591,,-1.6625000000000012,1
g,pooled,1592,,-1.6625000000000012,1
g,pooled,1593,,-1.6625000000000012,1
g,pooled,1594,,-1.6625000000000012,1
g,pooled,1595,,-1.6625000000000012,1
g,pooled,1596,,-1.6625000000000012,1
g,pooled,1597,,-1.6625000000000012,1
g,pooled,1598,,-1.6625000000000012,1
g,pooled,1599,,-1.6625000000000012,1
g,pooled,1600,,-1.6375000000000013,1
g,pooled,1601,,-1.6375000000000013,1
g,pooled,1602,,-1.6375000000000013,1
g,pooled,1603,,-1.6375000000000013,1
g,pooled,1604,,-1.6375000000000013,1
g,pooled,1605,,-1.6375000000000013,1
g,pooled,1606,,-1.6375000000000013,1
g,pooled,1607,,-1.6375000000000013,1
g,pooled,1608,,-1.6375000000000013,1
g,pooled,1609,,-1.6375000000000013,1
g,pooled,1610,,-1.6375000000000013,1
g,pooled,1611,,-1.6375000000000013,1
g,pooled,1612,,-1.6375000000000013,1
g,pooled,1613,,-1.6375000000000013,1
g,pooled,1614,,-1.6375000000000013,1
g,pooled,1615,,-1.6375000000000013,1
g,pooled,1616,,-1.6375000000000013,1
g,pooled,1617,,-1.6375000000000013,1
g,pooled,1618,,-1.6375000000000013,1
g,pooled,1619,,-1.6375000000000013,1
g,pooled,1620,,-1.6375000000000013,1
g,pooled,1621,,-1.6375000000000013,1
g,pooled,1622,,-1.6375000000000013,1
g,pooled,1623,,-1.6375000000000013,1
g,pooled,1624,,-1.6375000000000013,1
g,pooled,1625,,-1.6375000000000013,1
g,pooled,1626,,-1.6375000000000013,1
g,pooled,1627,,-1.6125000000000014,1
g,pooled,1628,,-1.6125000000000014,1
g,pooled,1629,,-1.6125000000000014,1
g,pooled,1630,,-1.6125000000000014,1
g,pooled,1631,,-1.6125000000000014,1
g,pooled,1632,,-1.6125000000000014,1
g,pooled,1633,,-1.6125000000000014,1
g,pooled,1634,,-1.6125000000000014,1
g,pooled,1635,,-1.6125000000000014,1
g,pooled,1636,,-1.6125000000000014,1
g,pooled,1637,,-1.6125000000000014,1
g,pooled,1638,,-1.6125000000000014,1
g,pooled,1639,,-1.6125000000000014,1
g,pooled,1640,,-1.6125000000000014,1
g,pooled,1641,,-1.6125000000000014,1
g,pooled,1642,,-1.6125000000000014,1
g,pooled,1643,,-1.6125000000000014,1
g,pooled,1644,,-1.6125000000000014,1
g,pooled,1645,,-1.6125000000000014,1
g,pooled,1646,,-1.6125000000000014,1
g,pooled,1647,,-1.6125000000000014,1
g,pooled,1648,,-1.6125000000000014,1
g,pooled,1649,,-1.6125000000000014,1
g,pooled,1650,,-1.6125000000000014,1
g,pooled,1651,,-1.6125000000000014,1
g,pooled,1652,,-1.6125000000000014,1
g,pooled,1653,,-1.6125000000000014,1
g,pooled,1654,,-1.6125000000000014,1
g,pooled,1655,,-1.6125000000000014,1
g,pooled,1656,,-1.6125000000000014,1
g,pooled,1657,,-1.6125000000000014,1
g,pooled,1658,,-1.6125000000000014,1
g,pooled,1659,,-1.6125000000000014,1
g,pooled,1660,,-1.6125000000000014,1
g,pooled,1661,,-1.6125000000000014,1
g,pooled,1662,,-1.6125000000000014,1
g,pooled,1663,,-1.5875000000000015,1
g,pooled,1664,,-1.5875000000000015,1
g,pooled,1665,,-1.5875000000000015,1
g,pooled,1666,,-1.5875000000000015,1
g,pooled,1667,,-1.5875000000000015,1
g,pooled,1668,,-1.5875000000000015,1
g,pooled,1669,,-1.5875000000000015,1
g,pooled,1670,,-1.5875000000000015,1
g,pooled,1671,,-1.5875000000000015,1
g,pooled,1672,,-1.5875000000000015,1
g,pooled,1673,,-1.5875000000000015,1
g,pooled,1674,,-1.5875000000000015,1
g,pooled,1675,,-1.5875000000000015,1
g,pooled,1676,,-1.5875000000000015,1
g,pooled,1677,,-1.5875000000000015,1
g,pooled,1678,,-1.5875000000000015,1
g,pooled,1679,,-1.5875000000000015,1
g,pooled,1680,,-1.5875000000000015,1
g,pooled,1681,,-1.5875000000000015,1
g,pooled,1682,,-1.5875000000000015,1
g,pooled,1683,,-1.5875000000000015,1
g,pooled,1684,,-1.5875000000000015,1
g,pooled,1685,,-1.5875000000000015,1
g,pooled,1686,,-1.5875000000000015,1
g,pooled,1687,,-1.5875000000000015,1
g,pooled,1688,,-1.5875000000000015,1
g,pooled,1689,,-1.5875000000000015,1
g,pooled,1690,,-1.5875000000000015,1
g,pooled,1691,,-1.5875000000000015,1
g,pooled,1692,,-1.5625000000000016,1
g,pooled,1693,,-1.5625000000000016,1
g,pooled,1694,,-1.5625000000000016,1
g,pooled,1695,,-1.5625000000000016,1
g,pooled,1696,,-1.5625000000000016,1
g,pooled,1697,,-1.5625000000000016,1
g,pooled,1698,,-1.5625000000000016,1
g,pooled,1699,,-1.5625000000000016,1
g,pooled,1700,,-1.5625000000000016,1
g,pooled,1701,,-1.5625000000000016,1
g,pooled,1702,,-1.5625000000000016,1
g,pooled,1703,,-1.5625000000000016,1
g,pooled,1704,,-1.5625000000000016,1
g,pooled,1705,,-1.5625000000000016,1
g,pooled,1706,,-1.5625000000000016,1
g,pooled,1707,,-1.5625000000000016,1
g,pooled,1708,,-1.5625000000000016,1
g,pooled,1709,,-1.5625000000000016,1
g,pooled,1710,,-1.5625000000000016,1
g,pooled,1711,,-1.5625000000000016,1
g,pooled,1712,,-1.5625000000000016,1
g,pooled,1713,,-1.5625000000000016,1
g,pooled,1714,,-1.5625000000000016,1
g,pooled,1715,,-1.5625000000000016,1
g,pooled,1716,,-1.5625000000000016,1
g,pooled,1717,,-1.5625000000000016,1
g,pooled,1718,,-1.5625000000000016,1
g,pooled,1719,,-1.5625000000000016,1
g,pooled,1720,,-1.5625000000000016,1
g,pooled,1721,,-1.5625000000000016,1
g,pooled,1722,,-1.5625000000000016,1
g,pooled,1723,,-1.5625000000000016,1
g,pooled,1724,,-1.5625000000000016,1
g,pooled,1725,,-1.5625000000000016,1
g,pooled,1726,,-1.5625000000000016,1
g,pooled,1727,,-1.5625000000000016,1
g,pooled,1728,,-1.5625000000000016,1
g,pooled,1729,,-1.5625000000000016,1
g,pooled,1730,,-1.5625000000000016,1
g,pooled,1731,,-1.5625000000000016,1
g,pooled,1732,,-1.5625000000000016,1
g,pooled,1733,,-1.5625000000000016,1
g,pooled,1734,,-1.5625000000000016,1
g,pooled,1735,,-1.5375000000000016,1
g,pooled,1736,,-1.5375000000000016,1
g,pooled,1737,,-1.5375000000000016,1
g,pooled,1738,,-1.5375000000000016,1
g,pooled,1739,,-1.5375000000000016,1
g,pooled,1740,,-1.5375000000000016,1
g,pooled,1741,,-1.5375000000000016,1
g,pooled,1742,,-1.5375000000000016,1
g,pooled,1743,,-1.5375000000000016,1
g,pooled,1744,,-1.5375000000000016,1
g,pooled,1745,,-1.5375000000000016,1
g,pooled,1746,,-1.5375000000000016,1
g,pooled,1747,,-1.5375000000000016,1
g,pooled,1748,,-1.5375000000000016,1
g,pooled,1749,,-1.5375000000000016,1
g,pooled,1750,,-1.5375000000000016,1
g,pooled,1751,,-1.5375000000000016,1
g,pooled,1752,,-1.5375000000000016,1
g,pooled,1753,,-1.5375000000000016,1
g,pooled,1754,,-1.5375000000000016,1
g,pooled,1755,,-1.5375000000000016,1
g,pooled,1756,,-1.5375000000000016,1
g,pooled,1757,,-1.5375000000000016,1
g,pooled,1758,,-1.5375000000000016,1
g,pooled,1759,,-1.5375000000000016,1
g,pooled,1760,,-1.5375000000000016,1
g,pooled,1761,,-1.5375000000000016,1
g,pooled,1762,,-1.5375000000000016,1
g,pooled,1763,,-1.5375000000000016,1
g,pooled,1764,,-1.5375000000000016,1
g,pooled,1765,,-1.5375000000000016,1
g,pooled,1766,,-1.5125000000000017,1
g,pooled,1767,,-1.5125000000000017,1
g,pooled,1768,,-1.5125000000000017,1
g,pooled,1769,,-1.5125000000000017,1
g,pooled,1770,,-1.5125000000000017,1
g,pooled,1771,,-1.5125000000000017,1
g,pooled,1772,,-1.5125000000000017,1
g,pooled,1773,,-1.5125000000000017,1
g,pooled,1774,,-1.5125000000000017,1
g,pooled,1775,,-1.5125000000000017,1
g,pooled,1776,,-1.5125000000000017,1
g,pooled,1777,,-1.5125000000000017,1
g,pooled,1778,,-1.5125000000000017,1
g,pooled,1779,,-1.5125000000000017,1
g,pooled,1780,,-1.5125000000000017,1
g,pooled,1781,,-1.5125000000000017,1
g,pooled,1782,,-1.5125000000000017,1
g,pooled,1783,,-1.5125000000000017,1
g,pooled,1784,,-1.5125000000000017,1
g,pooled,1785,,-1.5125000000000017,1
g,pooled,1786,,-1.5125000000000017,1
g,pooled,1787,,-1.5125000000000017,1
g,pooled,1788,,-1.5125000000000017,1
g,pooled,1789,,-1.5125000000000017,1
g,pooled,1790,,-1.5125000000000017,1
g,pooled,1791,,-1.4875000000000018,1
g,pooled,1792,,-1.4875000000000018,1
g,pooled,1793,,-1.4875000000000018,1
g,pooled,1794,,-1.4875000000000018,1
g,pooled,1795,,-1.4875000000000018,1
g,pooled,1796,,-1.4875000000000018,1
g,pooled,1797,,-1.4875000000000018,1
g,pooled,1798,,-1.4875000000000018,1
g,pooled,1799,,-1.4875000000000018,1
g,pooled,1800,,-1.4875000000000018,1
g,pooled,1801,,-1.4875000000000018,1
g,pooled,1802,,-1.4875000000000018,1
g,pooled,1803,,-1.4875000000000018,1
g,pooled,1804,,-1.4875000000000018,1
g,pooled,1805,,-1.4875000000000018,1
g,pooled,1806,,-1.4875000000000018,1
g,pooled,1807,,-1.4875000000000018,1
g,pooled,1808,,-1.4875000000000018,1
g,pooled,1809,,-1.4875000000000018,1
g,pooled,1810,,-1.4875000000000018,1
g,pooled,1811,,-1.4875000000000018,1
g,pooled,1812,,-1.4875000000000018,1
g,pooled,1813,,-1.4875000000000018,1
g,pooled,1814,,-1.4875000000000018,1
g,pooled,1815,,-1.4875000000000018,1
g,pooled,1816,,-1.4875000000000018,1
g,pooled,1817,,-1.4875000000000018,1
g,pooled,1818,,-1.462500000000002,1
g,pooled,1819,,-1.462500000000002,1
g,pooled,1820,,-1.462500000000002,1
g,pooled,1821,,-1.462500000000002,1
g,pooled,1822,,-1.462500000000002,1
g,pooled,1823,,-1.462500000000002,1
g,pooled,1824,,-1.462500000000002,1
g,pooled,1825,,-1.462500000000002,1
g,pooled,1826,,-1.462500000000002,1
g,pooled,1827,,-1.462500000000002,1
g,pooled,1828,,-1.462500000000002,1
g,pooled,1829,,-1.462500000000002,1
g,pooled,1830,,-1.462500000000002,1
g,pooled,1831,,-1.462500000000002,1
g,pooled,1832,,-1.462500000000002,1
g,pooled,1833,,-1.462500000000002,1
g,pooled,1834,,-1.462500000000002,1
g,pooled,1835,,-1.462500000000002,1
g,pooled,1836,,-1.462500000000002,1
g,pooled,1837,,-1.462500000000002,1
g,pooled,1838,,-1.462500000000002,1
g,pooled,1839,,-1.462500000000002,1
g,pooled,1840,,-1.462500000000002,1
g,pooled,1841,,-1.462500000000002,1
g,pooled,1842,,-1.462500000000002,1
g,pooled,1843,,-1.462500000000002,1
g,pooled,1844,,-1.462500000000002,1
g,pooled,1845,,-1.437500000000002,1
g,pooled,1846,,-1.437500000000002,1
g,pooled,1847,,-1.437500000000002,1
g,pooled,1848,,-1.437500000000002,1
g,pooled,1849,,-1.437500000000002,1
g,pooled,1850,,-1.437500000000002,1
g,pooled,1851,,-1.437500000000002,1
g,pooled,1852,,-1.437500000000002,1
g,pooled,1853,,-1.437500000000002,1
g,pooled,1854,,-1.437500000000002,1
g,pooled,1855,,-1.437500000000002,1
g,pooled,1856,,-1.437500000000002,1
g,pooled,1857,,-1.437500000000002,1
g,pooled,1858,,-1.437500000000002,1
g,pooled,1859,,-1.437500000000002,1
g,pooled,1860,,-1.437500000000002,1
g,pooled,1861,,-1.437500000000002,1
g,pooled,1862,,-1.437500000000002,1
g,pooled,1863,,-1.437500000000002,1
g,pooled,1864,,-1.437500000000002,1
g,pooled,1865,,-1.437500000000002,1
g,pooled,1866,,-1.437500000000002,1
g,pooled,1867,,-1.412500000000002,1
g,pooled,1868,,-1.412500000000002,1
g,pooled,1869,,-1.412500000000002,1
g,pooled,1870,,-1.412500000000002,1
g,pooled,1871,,-1.412500000000002,1
g,pooled,1872,,-1.412500000000002,1
g,pooled,1873,,-1.412500000000002,1
g,pooled,1874,,-1.412500000000002,1
g,pooled,1875,,-1.412500000000002,1
g,pooled,1876,,-1.412500000000002,1
g,pooled,1877,,-1.412500000000002,1
g,pooled,1878,,-1.412500000000002,1
g,pooled,1879,,-1.412500000000002,1
g,pooled,1880,,-1.412500000000002,1
g,pooled,1881,,-1.412500000000002,1
g,pooled,1882,,-1.412500000000002,1
g,pooled,1883,,-1.412500000000002,1
g,pooled,1884,,-1.412500000000002,1
g,pooled,1885,,-1.412500000000002,1
g,pooled,1886,,-1.412500000000002,1
g,pooled,1887,,-1.412500000000002,1
g,pooled,1888,,-1.412500000000002,1
g,pooled,1889,,-1.412500000000002,1
g,pooled,1890,,-1.3875000000000022,1
g,pooled,1891,,-1.3875000000000022,1
g,pooled,1892,,-1.3875000000000022,1
g,pooled,1893,,-1.3875000000000022,1
g,pooled,1894,,-1.3875000000000022,1
g,pooled,1895,,-1.3875000000000022,1
g,pooled,1896,,-1.3875000000000022,1
g,pooled,1897,,-1.3875000000000022,1
g,pooled,1898,,-1.3875000000000022,1
g,pooled,1899,,-1.3875000000000022,1
g,pooled,1900,,-1.3875000000000022,1
g,pooled,1901,,-1.3875000000000022,1
g,pooled,1902,,-1.3875000000000022,1
g,pooled,1903,,-1.3875000000000022,1
g,pooled,1904,,-1.3875000000000022,1
g,pooled,1905,,-1.3875000000000022,1
g,pooled,1906,,-1.3875000000000022,1
g,pooled,1907,,-1.3875000000000022,1
g,pooled,1908,,-1.3875000000000022,1
g,pooled,1909,,-1.3875000000000022,1
g,pooled,1910,,-1.3875000000000022,1
g,pooled,1911,,-1.3875000000000022,1
g,pooled,1912,,-1.3875000000000022,1
g,pooled,1913,,-1.3875000000000022,1
g,pooled,1914,,-1.3875000000000022,1
g,pooled,1915,,-1.3875000000000022,1
g,pooled,1916,,-1.3875000000000022,1
g,pooled,1917,,-1.3875000000000022,1
g,pooled,1918,,-1.3875000000000022,1
g,pooled,1919,,-1.3875000000000022,1
g,pooled,1920,,-1.3875000000000022,1
g,pooled,1921,,-1.3625000000000023,1
g,pooled,1922,,-1.3625000000000023,1
g,pooled,1923,,-1.3625000000000023,1
g,pooled,1924,,-1.3625000000000023,1
g,pooled,1925,,-1.3625000000000023,1
g,pooled,1926,,-1.3625000000000023,1
g,pooled,1927,,-1.3625000000000023,1
g,pooled,1928,,-1.3625000000000023,1
g,pooled,1929,,-1.3625000000000023,1
g,pooled,1930,,-1.3625000000000023,1
g,pooled,1931,,-1.3625000000000023,1
g,pooled,1932,,-1.3625000000000023,1
g,pooled,1933,,-1.3625000000000023,1
g,pooled,1934,,-1.3625000000000023,1
g,pooled,1935,,-1.3625000000000023,1
g,pooled,1936,,-1.3625000000000023,1
g,pooled,1937,,-1.3625000000000023,1
g,pooled,1938,,-1.3625000000000023,1
g,pooled,1939,,-1.3625000000000023,1
g,pooled,1940,,-1.3625000000000023,1
g,pooled,1941,,-1.3375000000000024,1
g,pooled,1942,,-1.3375000000000024,1
g,pooled,1943,,-1.3375000000000024,1
g,pooled,1944,,-1.3375000000000024,1
g,pooled,1945,,-1.3375000000000024,1
g,pooled,1946,,-1.3375000000000024,1
g,pooled,1947,,-1.3375000000000024,1
g,pooled,1948,,-1.3375000000000024,1
g,pooled,1949,,-1.3375000000000024,1
g,pooled,1950,,-1.3375000000000024,1
g,pooled,1951,,-1.3375000000000024,1
g,pooled,1952,,-1.3375000000000024,1
g,pooled,1953,,-1.3375000000000024,1
g,pooled,1954,,-1.3375000000000024,1
g,pooled,1955,,-1.3375000000000024,1
g,pooled,1956,,-1.3375000000000024,1
g,pooled,1957,,-1.3375000000000024,1
g,pooled,1958,,-1.3375000000000024,1
g,pooled,1959,,-1.3375000000000024,1
g,pooled,1960,,-1.3375000000000024,1
g,pooled,1961,,-1.3375000000000024,1
g,pooled,1962,,-1.3375000000000024,1
g,pooled,1963,,-1.3375000000000024,1
g,pooled,1964,,-1.3375000000000024,1
g,pooled,1965,,-1.3375000000000024,1
g,pooled,1966,,-1.3375000000000024,1
g,pooled,1967,,-1.3375000000000024,1
g,pooled,1968,,-1.3375000000000024,1
g,pooled,1969,,-1.3375000000000024,1
g,pooled,1970,,-1.3375000000000024,1
g,pooled,1971,,-1.3125000000000024,1
g,pooled,1972,,-1.3125000000000024,1
g,pooled,1973,,-1.3125000000000024,1
g,pooled,1974,,-1.3125000000000024,1
g,pooled,1975,,-1.3125000000000024,1
g,pooled,1976,,-1.3125000000000024,1
g,pooled,1977,,-1.3125000000000024,1
g,pooled,1978,,-1.3125000000000024,1
g,pooled,1979,,-1.3125000000000024,1
g,pooled,1980,,-1.3125000000000024,1
g,pooled,1981,,-1.3125000000000024,1
g,pooled,1982,,-1.3125000000000024,1
g,pooled,1983,,-1.3125000000000024,1
g,pooled,1984,,-1.3125000000000024,1
g,pooled,1985,,-1.3125000000000024,1
g,pooled,1986,,-1.3125000000000024,1
g,pooled,1987,,-1.3125000000000024,1
g,pooled,1988,,-1.3125000000000024,1
g,pooled,1989,,-1.3125000000000024,1
g,pooled,1990,,-1.3125000000000024,1
g,pooled,1991,,-1.3125000000000024,1
g,pooled,1992,,-1.3125000000000024,1
g,pooled,1993,,-1.3125000000000024,1
g,pooled,1994,,-1.3125000000000024,1
g,pooled,1995,,-1.3125000000000024,1
g,pooled,1996,,-1.2875000000000025,1
g,pooled,1997,,-1.2875000000000025,1
g,pooled,1998,,-1.2875000000000025,1
g,pooled,1999,,-1.2875000000000025,1
g,pooled,2000,,-1.2875000000000025,1
g,pooled,2001,,-1.2875000000000025,1
g,pooled,2002,,-1.2875000000000025,1
g,pooled,2003,,-1.2875000000000025,1
g,pooled,2004,,-1.2875000000000025,1
g,pooled,2005,,-1.2875000000000025,1
g,pooled,2006,,-1.2875000000000025,1
g,pooled,2007,,-1.2875000000000025,1
g,pooled,2008,,-1.2875000000000025,1
g,pooled,2009,,-1.2875000000000025,1
g,pooled,2010,,-1.2875000000000025,1
g,pooled,2011,,-1.2875000000000025,1
g,pooled,2012,,-1.2875000000000025,1
g,pooled,2013,,-1.2875000000000025,1
g,pooled,2014,,-1.2875000000000025,1
g,pooled,2015,,-1.2875000000000025,1
g,pooled,2016,,-1.2625000000000026,1
g,pooled,2017,,-1.2625000000000026,1
g,pooled,2018,,-1.2625000000000026,1
g,pooled,2019,,-1.2625000000000026,1
g,pooled,2020,,-1.2625000000000026,1
g,pooled,2021,,-1.2625000000000026,1
g,pooled,2022,,-1.2625000000000026,1
g,pooled,2023,,-1.2625000000000026,1
g,pooled,2024,,-1.2625000000000026,1
g,pooled,2025,,-1.2625000000000026,1
g,pooled,2026,,-1.2625000000000026,1
g,pooled,2027,,-1.2625000000000026,1
g,pooled,2028,,-1.2625000000000026,1
g,pooled,2029,,-1.2625000000000026,1
g,pooled,2030,,-1.2625000000000026,1
g,pooled,2031,,-1.2625000000000026,1
g,pooled,2032,,-1.2625000000000026,1
g,pooled,2033,,-1.2625000000000026,1
g,pooled,2034,,-1.2625000000000026,1
g,pooled,2035,,-1.2375000000000027,1
g,pooled,2036,,-1.2375000000000027,1
g,pooled,2037,,-1.2375000000000027,1
g,pooled,2038,,-1.2375000000000027,1
g,pooled,2039,,-1.2375000000000027,1
g,pooled,2040,,-1.2375000000000027,1
g,pooled,2041,,-1.2375000000000027,1
g,pooled,2042,,-1.2375000000000027,1
g,pooled,2043,,-1.2375000000000027,1
g,pooled,2044,,-1.2375000000000027,1
g,pooled,2045,,-1.2375000000000027,1
g,pooled,2046,,-1.2375000000000027,1
g,pooled,2047,,-1.2375000000000027,1
g,pooled,2048,,-1.2375000000000027,1
g,pooled,2049,,-1.2375000000000027,1
g,pooled,2050,,-1.2375000000000027,1
g,pooled,2051,,-1.2375000000000027,1
g,pooled,2052,,-1.2375000000000027,1
g,pooled,2053,,-1.2375000000000027,1
g,pooled,2054,,-1.2125000000000028,1
g,pooled,2055,,-1.2125000000000028,1
g,pooled,2056,,-1.2125000000000028,1
g,pooled,2057,,-1.2125000000000028,1
g,pooled,2058,,-1.2125000000000028,1
g,pooled,2059,,-1.2125000000000028,1
g,pooled,2060,,-1.2125000000000028,1
g,pooled,2061,,-1.2125000000000028,1
g,pooled,2062,,-1.2125000000000028,1
g,pooled,2063,,-1.2125000000000028,1
g,pooled,2064,,-1.2125000000000028,1
g,pooled,2065,,-1.2125000000000028,1
g,pooled,2066,,-1.2125000000000028,1
g,pooled,2067,,-1.2125000000000028,1
g,pooled,2068,,-1.2125000000000028,1
g,pooled,2069,,-1.2125000000000028,1
g,pooled,2070,,-1.2125000000000028,1
g,pooled,2071,,-1.2125000000000028,1
g,pooled,2072,,-1.2125000000000028,1
g,pooled,2073,,-1.2125000000000028,1
g,pooled,2074,,-1.2125000000000028,1
g,pooled,2075,,-1.2125000000000028,1
g,pooled,2076,,-1.2125000000000028,1
g,pooled,2077,,-1.2125000000000028,1
g,pooled,2078,,-1.2125000000000028,1
g,pooled,2079,,-1.2125000000000028,1
g,pooled,2080,,-1.1875000000000029,1
g,pooled,2081,,-1.1875000000000029,1
g,pooled,2082,,-1.1875000000000029,1
g,pooled,2083,,-1.1875000000000029,1
g,pooled,2084,,-1.1875000000000029,1
g,pooled,2085,,-1.1875000000000029,1
g,pooled,2086,,-1.1875000000000029,1
g,pooled,2087,,-1.1875000000000029,1
g,pooled,2088,,-1.1875000000000029,1
g,pooled,2089,,-1.1875000000000029,1
g,pooled,2090,,-1.1875000000000029,1
g,pooled,2091,,-1.1875000000000029,1
g,pooled,2092,,-1.1875000000000029,1
g,pooled,2093,,-1.1875000000000029,1
g,pooled,2094,,-1.1875000000000029,1
g,pooled,2095,,-1.1875000000000029,1
g,pooled,2096,,-1.1875000000000029,1
g,pooled,2097,,-1.162500000000003,1
g,pooled,2098,,-1.162500000000003,1
g,pooled,2099,,-1.162500000000003,1
g,pooled,2100,,-1.162500000000003,1
g,pooled,2101,,-1.162500000000003,1
g,pooled,2102,,-1.162500000000003,1
g,pooled,2103,,-1.162500000000003,1
g,pooled,2104,,-1.162500000000003,1
g,pooled,2105,,-1.162500000000003,1
g,pooled,2106,,-1.162500000000003,1
g,pooled,2107,,-1.162500000000003,1
g,pooled,2108,,-1.162500000000003,1
g,pooled,2109,,-1.162500000000003,1
g,pooled,2110,,-1.162500000000003,1
g,pooled,2111,,-1.162500000000003,1
g,pooled,2112,,-1.162500000000003,1
g,pooled,2113,,-1.162500000000003,1
g,pooled,2114,,-1.162500000000003,1
g,pooled,2115,,-1.162500000000003,1
g,pooled,2116,,-1.162500000000003,1
g,pooled,2117,,-1.162500000000003,1
g,pooled,2118,,-1.162500000000003,1
g,pooled,2119,,-1.162500000000003,1
g,pooled,2120,,-1.162500000000003,1
g,pooled,2121,,-1.137500000000003,1
g,pooled,2122,,-1.137500000000003,1
g,pooled,2123,,-1.137500000000003,1
g,pooled,2124,,-1.137500000000003,1
g,pooled,2125,,-1.137500000000003,1
g,pooled,2126,,-1.137500000000003,1
g,pooled,2127,,-1.137500000000003,1
g,pooled,2128,,-1.137500000000003,1
g,pooled,2129,,-1.137500000000003,1
g,pooled,2130,,-1.137500000000003,1
g,pooled,2131,,-1.137500000000003,1
g,pooled,2132,,-1.137500000000003,1
g,pooled,2133,,-1.137500000000003,1
g,pooled,2134,,-1.137500000000003,1
g,pooled,2135,,-1.137500000000003,1
g,pooled,2136,,-1.137500000000003,1
g,pooled,2137,,-1.137500000000003,1
g,pooled,2138,,-1.137500000000003,1
g,pooled,2139,,-1.137500000000003,1
g,pooled,2140,,-1.137500000000003,1
g,pooled,2141,,-1.137500000000003,1
g,pooled,2142,,-1.137500000000003,1
g,pooled,2143,,-1.1125000000000032,1
g,pooled,2144,,-1.1125000000000032,1
g,pooled,2145,,-1.1125000000000032,1
g,pooled,2146,,-1.1125000000000032,1
g,pooled,2147,,-1.1125000000000032,1
g,pooled,2148,,-1.1125000000000032,1
g,pooled,2149,,-1.1125000000000032,1
g,pooled,2150,,-1.1125000000000032,1
g,pooled,2151,,-1.1125000000000032,1
g,pooled,2152,,-1.1125000000000032,1
g,pooled,2153,,-1.1125000000000032,1
g,pooled,2154,,-1.1125000000000032,1
g,pooled,2155,,-1.1125000000000032,1
g,pooled,2156,,-1.1125000000000032,1
g,pooled,2157,,-1.1125000000000032,1
g,pooled,2158,,-1.1125000000000032,1
g,pooled,2159,,-1.1125000000000032,1
g,pooled,2160,,-1.1125000000000032,1
g,pooled,2161,,-1.1125000000000032,1
g,pooled,2162,,-1.1125000000000032,1
g,pooled,2163,,-1.1125000000000032,1
g,pooled,2164,,-1.1125000000000032,1
g,pooled,2165,,-1.1125000000000032,1
g,pooled,2166,,-1.1125000000000032,1
g,pooled,2167,,-1.0875000000000032,1
g,pooled,2168,,-1.0875000000000032,1
g,pooled,2169,,-1.0875000000000032,1
g,pooled,2170,,-1.0875000000000032,1
g,pooled,2171,,-1.0875000000000032,1
g,pooled,2172,,-1.0875000000000032,1
g,pooled,2173,,-1.0875000000000032,1
g,pooled,2174,,-1.0875000000000032,1
g,pooled,2175,,-1.0875000000000032,1
g,pooled,2176,,-1.0875000000000032,1
g,pooled,2177,,-1.0875000000000032,1
g,pooled,2178,,-1.0875000000000032,1
g,pooled,2179,,-1.0875000000000032,1
g,pooled,2180,,-1.0875000000000032,1
g,pooled,2181,,-1.0875000000000032,1
g,pooled,2182,,-1.0875000000000032,1
g,pooled,2183,,-1.0625000000000033,1
g,pooled,2184,,-1.0625000000000033,1
g,pooled,2185,,-1.0625000000000033,1
g,pooled,2186,,-1.0625000000000033,1
g,pooled,2187,,-1.0625000000000033,1
g,pooled,2188,,-1.0625000000000033,1
g,pooled,2189,,-1.0625000000000033,1
g,pooled,2190,,-1.0625000000000033,1
g,pooled,2191,,-1.0625000000000033,1
g,pooled,2192,,-1.0625000000000033,1
g,pooled,2193,,-1.0625000000000033,1
g,pooled,2194,,-1.0625000000000033,1
g,pooled,2195,,-1.0625000000000033,1
g,pooled,2196,,-1.0625000000000033,1
g,pooled,2197,,-1.0625000000000033,1
g,pooled,2198,,-1.0625000000000033,1
g,pooled,2199,,-1.0625000000000033,1
g,pooled,2200,,-1.0625000000000033,1
g,pooled,2201,,-1.0625000000000033,1
g,pooled,2202,,-1.0625000000000033,1
g,pooled,2203,,-1.0625000000000033,1
g,pooled,2204,,-1.0375000000000034,1
g,pooled,2205,,-1.0375000000000034,1
g,pooled,2206,,-1.0375000000000034,1
g,pooled,2207,,-1.0375000000000034,1
g,pooled,2208,,-1.0375000000000034,1
g,pooled,2209,,-1.0375000000000034,1
g,pooled,2210,,-1.0375000000000034,1
g,pooled,2211,,-1.0375000000000034,1
g,pooled,2212,,-1.0375000000000034,1
g,pooled,2213,,-1.0375000000000034,1
g,pooled,2214,,-1.0375000000000034,1
g,pooled,2215,,-1.0375000000000034,1
g,pooled,2216,,-1.0375000000000034,1
g,pooled,2217,,-1.0375000000000034,1
g,pooled,2218,,-1.0375000000000034,1
g,pooled,2219,,-1.0375000000000034,1
g,pooled,2220,,-1.0375000000000034,1
g,pooled,2221,,-1.0375000000000034,1
g,pooled,2222,,-1.0375000000000034,1
g,pooled,2223,,-1.0375000000000034,1
g,pooled,2224,,-1.0375000000000034,1
g,pooled,2225,,-1.0125000000000035,1
g,pooled,2226,,-1.0125000000000035,1
g,pooled,2227,,-1.0125000000000035,1
g,pooled,2228,,-1.0125000000000035,1
g,pooled,2229,,-1.0125000000000035,1
g,pooled,2230,,-1.0125000000000035,1
g,pooled,2231,,-1.0125000000000035,1
g,pooled,2232,,-1.0125000000000035,1
g,pooled,2233,,-1.0125000000000035,1
g,pooled,2234,,-1.0125000000000035,1
g,pooled,2235,,-1.0125000000000035,1
g,pooled,2236,,-1.0125000000000035,1
g,pooled,2237,,-1.0125000000000035,1
g,pooled,2238,,-1.0125000000000035,1
g,pooled,2239,,-1.0125000000000035,1
g,pooled,2240,,-1.0125000000000035,1
g,pooled,2241,,-1.0125000000000035,1
g,pooled,2242,,-1.0125000000000035,1
g,pooled,2243,,-1.0125000000000035,1
g,pooled,2244,,-1.0125000000000035,1
g,pooled,2245,,-0.9875000000000036,1
g,pooled,2246,,-0.9875000000000036,1
g,pooled,2247,,-0.9875000000000036,1
g,pooled,2248,,-0.9875000000000036,1
g,pooled,2249,,-0.9875000000000036,1
g,pooled,2250,,-0.9875000000000036,1
g,pooled,2251,,-0.9875000000000036,1
g,pooled,2252,,-0.9875000000000036,1
g,pooled,2253,,-0.9875000000000036,1
g,pooled,2254,,-0.9875000000000036,1
g,pooled,2255,,-0.9875000000000036,1
g,pooled,2256,,-0.9875000000000036,1
g,pooled,2257,,-0.9875000000000036,1
g,pooled,2258,,-0.9875000000000036,1
g,pooled,2259,,-0.9625000000000037,1
g,pooled,2260,,-0.9625000000000037,1
g,pooled,2261,,-0.9625000000000037,1
g,pooled,2262,,-0.9625000000000037,1
g,pooled,2263,,-0.9625000000000037,1
g,pooled,2264,,-0.9625000000000037,1
g,pooled,2265,,-0.9625000000000037,1
g,pooled,2266,,-0.9625000000000037,1
g,pooled,2267,,-0.9625000000000037,1
g,pooled,2268,,-0.9625000000000037,1
g,pooled,2269,,-0.9625000000000037,1
g,pooled,2270,,-0.9625000000000037,1
g,pooled,2271,,-0.9625000000000037,1
g,pooled,2272,,-0.9625000000000037,1
g,pooled,2273,,-0.9375000000000038,1
g,pooled,2274,,-0.9375000000000038,1
g,pooled,2275,,-0.9375000000000038,1
g,pooled,2276,,-0.9375000000000038,1
g,pooled,2277,,-0.9375000000000038,1
g,pooled,2278,,-0.9375000000000038,1
g,pooled,2279,,-0.9375000000000038,1
g,pooled,2280,,-0.9375000000000038,1
g,pooled,2281,,-0.9375000000000038,1
g,pooled,2282,,-0.9375000000000038,1
g,pooled,2283,,-0.9375000000000038,1
g,pooled,2284,,-0.9375000000000038,1
g,pooled,2285,,-0.9375000000000038,1
g,pooled,2286,,-0.9375000000000038,1
g,pooled,2287,,-0.9375000000000038,1
g,pooled,2288,,-0.9375000000000038,1
g,pooled,2289,,-0.9375000000000038,1
g,pooled,2290,,-0.9375000000000038,1
g,pooled,2291,,-0.9375000000000038,1
g,pooled,2292,,-0.9375000000000038,1
g,pooled,2293,,-0.9375000000000038,1
g,pooled,2294,,-0.9375000000000038,1
g,pooled,2295,,-0.9375000000000038,1
g,pooled,2296,,-0.9375000000000038,1
g,pooled,2297,,-0.9375000000000038,1
g,pooled,2298,,-0.9375000000000038,1
g,pooled,2299,,-0.9375000000000038,1
g,pooled,2300,,-0.9375000000000038,1
g,pooled,2301,,-0.9125000000000039,1
g,pooled,2302,,-0.9125000000000039,1
g,pooled,2303,,-0.9125000000000039,1
g,pooled,2304,,-0.9125000000000039,1
g,pooled,2305,,-0.9125000000000039,1
g,pooled,2306,,-0.9125000000000039,1
g,pooled,2307,,-0.9125000000000039,1
g,pooled,2308,,-0.9125000000000039,1
g,pooled,2309,,-0.9125000000000039,1
g,pooled,2310,,-0.9125000000000039,1
g,pooled,2311,,-0.9125000000000039,1
g,pooled,2312,,-0.9125000000000039,1
g,pooled,2313,,-0.9125000000000039,1
g,pooled,2314,,-0.9125000000000039,1
g,pooled,2315,,-0.9125000000000039,1
g,pooled,2316,,-0.9125000000000039,1
g,pooled,2317,,-0.887500000000004,1
g,pooled,2318,,-0.887500000000004,1
g,pooled,2319,,-0.887500000000004,1
g,pooled,2320,,-0.887500000000004,1
g,pooled,2321,,-0.887500000000004,1
g,pooled,2322,,-0.887500000000004,1
g,pooled,2323,,-0.887500000000004,1
g,pooled,2324,,-0.887500000000004,1
g,pooled,2325,,-0.887500000000004,1
g,pooled,2326,,-0.887500000000004,1
g,pooled,2327,,-0.887500000000004,1
g,pooled,2328,,-0.887500000000004,1
g,pooled,2329,,-0.887500000000004,1
g,pooled,2330,,-0.887500000000004,1
g,pooled,2331,,-0.887500000000004,1
g,pooled,2332,,-0.887500000000004,1
g,pooled,2333,,-0.887500000000004,1
g,pooled,2334,,-0.887500000000004,1
g,pooled,2335,,-0.887500000000004,1
g,pooled,2336,,-0.887500000000004,1
g,pooled,2337,,-0.887500000000004,1
g,pooled,2338,,-0.887500000000004,1
g,pooled,2339,,-0.887500000000004,1
g,pooled,2340,,-0.862500000000004,1
g,pooled,2341,,-0.862500000000004,1
g,pooled,2342,,-0.862500000000004,1
g,pooled,2343,,-0.862500000000004,1
g,pooled,2344,,-0.862500000000004,1
g,pooled,2345,,-0.862500000000004,1
g,pooled,2346,,-0.862500000000004,1
g,pooled,2347,,-0.862500000000004,1
g,pooled,2348,,-0.862500000000004,1
g,pooled,2349,,-0.862500000000004,1
g,pooled,2350,,-0.862500000000004,1
g,pooled,2351,,-0.862500000000004,1
g,pooled,2352,,-0.862500000000004,1
g,pooled,2353,,-0.862500000000004,1
g,pooled,2354,,-0.862500000000004,1
g,pooled,2355,,-0.862500000000004,1
g,pooled,2356,,-0.862500000000004,1
g,pooled,2357,,-0.862500000000004,1
g,pooled,2358,,-0.862500000000004,1
g,pooled,2359,,-0.862500000000004,1
g,pooled,2360,,-0.862500000000004,1
g,pooled,2361,,-0.862500000000004,1
g,pooled,2362,,-0.862500000000004,1
g,pooled,2363,,-0.8375000000000041,1
g,pooled,2364,,-0.8375000000000041,1
g,pooled,2365,,-0.8375000000000041,1
g,pooled,2366,,-0.8375000000000041,1
g,pooled,2367,,-0.8375000000000041,1
g,pooled,2368,,-0.8375000000000041,1
g,pooled,2369,,-0.8375000000000041,1
g,pooled,2370,,-0.8375000000000041,1
g,pooled,2371,,-0.8375000000000041,1
g,pooled,2372,,-0.8375000000000041,1
g,pooled,2373,,-0.8375000000000041,1
g,pooled,2374,,-0.8375000000000041,1
g,pooled,2375,,-0.8375000000000041,1
g,pooled,2376,,-0.8375000000000041,1
g,pooled,2377,,-0.8375000000000041,1
g,pooled,2378,,-0.8125000000000042,1
g,pooled,2379,,-0.8125000000000042,1
g,pooled,2380,,-0.8125000000000042,1
g,pooled,2381,,-0.8125000000000042,1
g,pooled,2382,,-0.8125000000000042,1
g,pooled,2383,,-0.8125000000000042,1
g,pooled,2384,,-0.8125000000000042,1
g,pooled,2385,,-0.8125000000000042,1
g,pooled,2386,,-0.8125000000000042,1
g,pooled,2387,,-0.8125000000000042,1
g,pooled,2388,,-0.8125000000000042,1
g,pooled,2389,,-0.8125000000000042,1
g,pooled,2390,,-0.8125000000000042,1
g,pooled,2391,,-0.8125000000000042,1
g,pooled,2392,,-0.8125000000000042,1
g,pooled,2393,,-0.8125000000000042,1
g,pooled,2394,,-0.8125000000000042,1
g,pooled,2395,,-0.8125000000000042,1
g,pooled,2396,,-0.8125000000000042,1
g,pooled,2397,,-0.8125000000000042,1
g,pooled,2398,,-0.7875000000000043,1
g,pooled,2399,,-0.7875000000000043,1
g,pooled,2400,,-0.7875000000000043,1
g,pooled,2401,,-0.7875000000000043,1
g,pooled,2402,,-0.7875000000000043,1
g,pooled,2403,,-0.7875000000000043,1
g,pooled,2404,,-0.7875000000000043,1
g,pooled,2405,,-0.7875000000000043,1
g,pooled,2406,,-0.7875000000000043,1
g,pooled,2407,,-0.7875000000000043,1
g,pooled,2408,,-0.7875000000000043,1
g,pooled,2409,,-0.7875000000000043,1
g,pooled,2410,,-0.7875000000000043,1
g,pooled,2411,,-0.7875000000000043,1
g,pooled,2412,,-0.7875000000000043,1
g,pooled,2413,,-0.7875000000000043,1
g,pooled,2414,,-0.7875000000000043,1
g,pooled,2415,,-0.7875000000000043,1
g,pooled,2416,,-0.7875000000000043,1
g,pooled,2417,,-0.7875000000000043,1
g,pooled,2418,,-0.7875000000000043,1
g,pooled,2419,,-0.7625000000000044,1
g,pooled,2420,,-0.7625000000000044,1
g,pooled,2421,,-0.7625000000000044,1
g,pooled,2422,,-0.7625000000000044,1
g,pooled,2423,,-0.7625000000000044,1
g,pooled,2424,,-0.7625000000000044,1
g,pooled,2425,,-0.7625000000000044,1
g,pooled,2426,,-0.7625000000000044,1
g,pooled,2427,,-0.7625000000000044,1
g,pooled,2428,,-0.7625000000000044,1
g,pooled,2429,,-0.7625000000000044,1
g,pooled,2430,,-0.7625000000000044,1
g,pooled,2431,,-0.7625000000000044,1
g,pooled,2432,,-0.7625000000000044,1
g,pooled,2433,,-0.7625000000000044,1
g,pooled,2434,,-0.7625000000000044,1
g,pooled,2435,,-0.7625000000000044,1
g,pooled,2436,,-0.7625000000000044,1
g,pooled,2437,,-0.7625000000000044,1
g,pooled,2438,,-0.7625000000000044,1
g,pooled,2439,,-0.7625000000000044,1
g,pooled,2440,,-0.7375000000000045,1
g,pooled,2441,,-0.7375000000000045,1
g,pooled,2442,,-0.7375000000000045,1
g,pooled,2443,,-0.7375000000000045,1
g,pooled,2444,,-0.7375000000000045,1
g,pooled,2445,,-0.7375000000000045,1
g,pooled,2446,,-0.7375000000000045,1
g,pooled,2447,,-0.7375000000000045,1
g,pooled,2448,,-0.7375000000000045,1
g,pooled,2449,,-0.7375000000000045,1
g,pooled,2450,,-0.7375000000000045,1
g,pooled,2451,,-0.7375000000000045,1
g,pooled,2452,,-0.7375000000000045,1
g,pooled,2453,,-0.7375000000000045,1
g,pooled,2454,,-0.7375000000000045,1
g,pooled,2455,,-0.7375000000000045,1
g,pooled,2456,,-0.7375000000000045,1
g,pooled,2457,,-0.7375000000000045,1
g,pooled,2458,,-0.7375000000000045,1
g,pooled,2459,,-0.7125000000000046,1
g,pooled,2460,,-0.7125000000000046,1
g,pooled,2461,,-0.7125000000000046,1
g,pooled,2462,,-0.7125000000000046,1
g,pooled,2463,,-0.7125000000000046,1
g,pooled,2464,,-0.7125000000000046,1
g,pooled,2465,,-0.7125000000000046,1
g,pooled,2466,,-0.7125000000000046,1
g,pooled,2467,,-0.7125000000000046,1
g,pooled,2468,,-0.7125000000000046,1
g,pooled,2469,,-0.7125000000000046,1
g,pooled,2470,,-0.7125000000000046,1
g,pooled,2471,,-0.7125000000000046,1
g,pooled,2472,,-0.7125000000000046,1
g,pooled,2473,,-0.7125000000000046,1
g,pooled,2474,,-0.7125000000000046,1
g,pooled,2475,,-0.7125000000000046,1
g,pooled,2476,,-0.7125000000000046,1
g,pooled,2477,,-0.7125000000000046,1
g,pooled,2478,,-0.7125000000000046,1
g,pooled,2479,,-0.7125000000000046,1
g,pooled,2480,,-0.7125000000000046,1
g,pooled,2481,,-0.7125000000000046,1
g,pooled,2482,,-0.7125000000000046,1
g,pooled,2483,,-0.6875000000000047,1
g,pooled,2484,,-0.6875000000000047,1
g,pooled,2485,,-0.6875000000000047,1
g,pooled,2486,,-0.6875000000000047,1
g,pooled,2487,,-0.6875000000000047,1
g,pooled,2488,,-0.6875000000000047,1
g,pooled,2489,,-0.6875000000000047,1
g,pooled,2490,,-0.6875000000000047,1
g,pooled,2491,,-0.6875000000000047,1
g,pooled,2492,,-0.6875000000000047,1
g,pooled,2493,,-0.6875000000000047,1
g,pooled,2494,,-0.6875000000000047,1
g,pooled,2495,,-0.6875000000000047,1
g,pooled,2496,,-0.6875000000000047,1
g,pooled,2497,,-0.6875000000000047,1
g,pooled,2498,,-0.6875000000000047,1
g,pooled,2499,,-0.6875000000000047,1
g,pooled,2500,,-0.6875000000000047,1
g,pooled,2501,,-0.6875000000000047,1
g,pooled,2502,,-0.6875000000000047,1
g,pooled,2503,,-0.6875000000000047,1
g,pooled,2504,,-0.6875000000000047,1
g,pooled,2505,,-0.6875000000000047,1
g,pooled,2506,,-0.6625000000000048,1
g,pooled,2507,,-0.6625000000000048,1
g,pooled,2508,,-0.6625000000000048,1
g,pooled,2509,,-0.6625000000000048,1
g,pooled,2510,,-0.6625000000000048,1
g,pooled,2511,,-0.6625000000000048,1
g,pooled,2512,,-0.6625000000000048,1
g,pooled,2513,,-0.6625000000000048,1
g,pooled,2514,,-0.6625000000000048,1
g,pooled,2515,,-0.6625000000000048,1
g,pooled,2516,,-0.6625000000000048,1
g,pooled,2517,,-0.6625000000000048,1
g,pooled,2518,,-0.6625000000000048,1
g,pooled,2519,,-0.6625000000000048,1
g,pooled,2520,,-0.6625000000000048,1
g,pooled,2521,,-0.6625000000000048,1
g,pooled,2522,,-0.6625000000000048,1
g,pooled,2523,,-0.6625000000000048,1
g,pooled,2524,,-0.6625000000000048,1
g,pooled,2525,,-0.6625000000000048,1
g,pooled,2526,,-0.6625000000000048,1
g,pooled,2527,,-0.6625000000000048,1
g,pooled,2528,,-0.6625000000000048,1
g,pooled,2529,,-0.6375000000000048,1
g,pooled,2530,,-0.6375000000000048,1
g,pooled,2531,,-0.6375000000000048,1
g,pooled,2532,,-0.6375000000000048,1
g,pooled,2533,,-0.6375000000000048,1
g,pooled,2534,,-0.6375000000000048,1
g,pooled,2535,,-0.6375000000000048,1
g,pooled,2536,,-0.6375000000000048,1
g,pooled,2537,,-0.6375000000000048,1
g,pooled,2538,,-0.6375000000000048,1
g,pooled,2539,,-0.6375000000000048,1
g,pooled,2540,,-0.6375000000000048,1
g,pooled,2541,,-0.6375000000000048,1
g,pooled,2542,,-0.6375000000000048,1
g,pooled,2543,,-0.6375000000000048,1
g,pooled,2544,,-0.6375000000000048,1
g,pooled,2545,,-0.6375000000000048,1
g,pooled,2546,,-0.6375000000000048,1
g,pooled,2547,,-0.6375000000000048,1
g,pooled,2548,,-0.6375000000000048,1
g,pooled,2549,,-0.6375000000000048,1
g,pooled,2550,,-0.6375000000000048,1
g,pooled,2551,,-0.6375000000000048,1
g,pooled,2552,,-0.6375000000000048,1
g,pooled,2553,,-0.6375000000000048,1
g,pooled,2554,,-0.6375000000000048,1
g,pooled,2555,,-0.6375000000000048,1
g,pooled,2556,,-0.6375000000000048,1
g,pooled,2557,,-0.6375000000000048,1
g,pooled,2558,,-0.6375000000000048,1
g,pooled,2559,,-0.6375000000000048,1
g,pooled,2560,,-0.6375000000000048,1
g,pooled,2561,,-0.6125000000000049,1
g,pooled,2562,,-0.6125000000000049,1
g,pooled,2563,,-0.6125000000000049,1
g,pooled,2564,,-0.6125000000000049,1
g,pooled,2565,,-0.6125000000000049,1
g,pooled,2566,,-0.6125000000000049,1
g,pooled,2567,,-0.6125000000000049,1
g,pooled,2568,,-0.6125000000000049,1
g,pooled,2569,,-0.6125000000000049,1
g,pooled,2570,,-0.6125000000000049,1
g,pooled,2571,,-0.6125000000000049,1
g,pooled,2572,,-0.6125000000000049,1
g,pooled,2573,,-0.6125000000000049,1
g,pooled,2574,,-0.6125000000000049,1
g,pooled,2575,,-0.6125000000000049,1
g,pooled,2576,,-0.6125000000000049,1
g,pooled,2577,,-0.6125000000000049,1
g,pooled,2578,,-0.6125000000000049,1
g,pooled,2579,,-0.6125000000000049,1
g,pooled,2580,,-0.6125000000000049,1
g,pooled,2581,,-0.6125000000000049,1
g,pooled,2582,,-0.6125000000000049,1
g,pooled,2583,,-0.6125000000000049,1
g,pooled,2584,,-0.6125000000000049,1
g,pooled,2585,,-0.6125000000000049,1
g,pooled,2586,,-0.6125000000000049,1
g,pooled,2587,,-0.6125000000000049,1
g,pooled,2588,,-0.6125000000000049,1
g,pooled,2589,,-0.587500000000005,1
g,pooled,2590,,-0.587500000000005,1
g,pooled,2591,,-0.587500000000005,1
g,pooled,2592,,-0.587500000000005,1
g,pooled,2593,,-0.587500000000005,1
g,pooled,2594,,-0.587500000000005,1
g,pooled,2595,,-0.587500000000005,1
g,pooled,2596,,-0.587500000000005,1
g,pooled,2597,,-0.587500000000005,1
g,pooled,2598,,-0.587500000000005,1
g,pooled,2599,,-0.587500000000005,1
g,pooled,2600,,-0.587500000000005,1
g,pooled,2601,,-0.587500000000005,1
g,pooled,2602,,-0.587500000000005,1
g,pooled,2603,,-0.587500000000005,1
g,pooled,2604,,-0.587500000000005,1
g,pooled,2605,,-0.587500000000005,1
g,pooled,2606,,-0.587500000000005,1
g,pooled,2607,,-0.587500000000005,1
g,pooled,2608,,-0.587500000000005,1
g,pooled,2609,,-0.587500000000005,1
g,pooled,2610,,-0.587500000000005,1
g,pooled,2611,,-0.587500000000005,1
g,pooled,2612,,-0.587500000000005,1
g,pooled,2613,,-0.587500000000005,1
g,pooled,2614,,-0.587500000000005,1
g,pooled,2615,,-0.587500000000005,1
g,pooled,2616,,-0.5625000000000051,1
g,pooled,2617,,-0.5625000000000051,1
g,pooled,2618,,-0.5625000000000051,1
g,pooled,2619,,-0.5625000000000051,1
g,pooled,2620,,-0.5625000000000051,1
g,pooled,2621,,-0.5625000000000051,1
g,pooled,2622,,-0.5625000000000051,1
g,pooled,2623,,-0.5625000000000051,1
g,pooled,2624,,-0.5625000000000051,1
g,pooled,2625,,-0.5625000000000051,1
g,pooled,2626,,-0.5625000000000051,1
g,pooled,2627,,-0.5625000000000051,1
g,pooled,2628,,-0.5625000000000051,1
g,pooled,2629,,-0.5625000000000051,1
g,pooled,2630,,-0.5625000000000051,1
g,pooled,2631,,-0.5625000000000051,1
g,pooled,2632,,-0.5625000000000051,1
g,pooled,2633,,-0.5625000000000051,1
g,pooled,2634,,-0.5625000000000051,1
g,pooled,2635,,-0.5625000000000051,1
g,pooled,2636,,-0.5625000000000051,1
g,pooled,2637,,-0.5625000000000051,1
g,pooled,2638,,-0.5625000000000051,1
g,pooled,2639,,-0.5625000000000051,1
g,pooled,2640,,-0.5625000000000051,1
g,pooled,2641,,-0.5625000000000051,1
g,pooled,2642,,-0.5625000000000051,1
g,pooled,2643,,-0.5625000000000051,1
g,pooled,2644,,-0.5625000000000051,1
g,pooled,2645,,-0.5625000000000051,1
g,pooled,2646,,-0.5625000000000051,1
g,pooled,2647,,-0.5625000000000051,1
g,pooled,2648,,-0.5625000000000051,1
g,pooled,2649,,-0.5625000000000051,1
g,pooled,2650,,-0.5625000000000051,1
g,pooled,2651,,-0.5625000000000051,1
g,pooled,2652,,-0.5625000000000051,1
g,pooled,2653,,-0.5625000000000051,1
g,pooled,2654,,-0.5625000000000051,1
g,pooled,2655,,-0.5375000000000052,1
g,pooled,2656,,-0.5375000000000052,1
g,pooled,2657,,-0.5375000000000052,1
g,pooled,2658,,-0.5375000000000052,1
g,pooled,2659,,-0.5375000000000052,1
g,pooled,2660,,-0.5375000000000052,1
g,pooled,2661,,-0.5375000000000052,1
g,pooled,2662,,-0.5375000000000052,1
g,pooled,2663,,-0.5375000000000052,1
g,pooled,2664,,-0.5375000000000052,1
g,pooled,2665,,-0.5375000000000052,1
g,pooled,2666,,-0.5375000000000052,1
g,pooled,2667,,-0.5375000000000052,1
g,pooled,2668,,-0.5375000000000052,1
g,pooled,2669,,-0.5375000000000052,1
g,pooled,2670,,-0.5375000000000052,1
g,pooled,2671,,-0.5375000000000052,1
g,pooled,2672,,-0.5375000000000052,1
g,pooled,2673,,-0.5375000000000052,1
g,pooled,2674,,-0.5375000000000052,1
g,pooled,2675,,-0.5375000000000052,1
g,pooled,2676,,-0.5375000000000052,1
g,pooled,2677,,-0.5375000000000052,1
g,pooled,2678,,-0.5375000000000052,1
g,pooled,2679,,-0.5375000000000052,1
g,pooled,2680,,-0.5375000000000052,1
g,pooled,2681,,-0.5375000000000052,1
g,pooled,2682,,-0.5375000000000052,1
g,pooled,2683,,-0.5375000000000052,1
g,pooled,2684,,-0.5375000000000052,1
g,pooled,2685,,-0.5375000000000052,1
g,pooled,2686,,-0.5375000000000052,1
g,pooled,2687,,-0.5375000000000052,1
g,pooled,2688,,-0.5375000000000052,1
g,pooled,2689,,-0.5375000000000052,1
g,pooled,2690,,-0.5375000000000052,1
g,pooled,2691,,-0.5375000000000052,1
g,pooled,2692,,-0.5375000000000052,1
g,pooled,2693,,-0.5375000000000052,1
g,pooled,2694,,-0.5375000000000052,1
g,pooled,2695,,-0.5375000000000052,1
g,pooled,2696,,-0.5125000000000053,1
g,pooled,2697,,-0.5125000000000053,1
g,pooled,2698,,-0.5125000000000053,1
g,pooled,2699,,-0.5125000000000053,1
g,pooled,2700,,-0.5125000000000053,1
g,pooled,2701,,-0.5125000000000053,1
g,pooled,2702,,-0.5125000000000053,1
g,pooled,2703,,-0.5125000000000053,1
g,pooled,2704,,-0.5125000000000053,1
g,pooled,2705,,-0.5125000000000053,1
g,pooled,2706,,-0.5125000000000053,1
g,pooled,2707,,-0.5125000000000053,1
g,pooled,2708,,-0.5125000000000053,1
g,pooled,2709,,-0.5125000000000053,1
g,pooled,2710,,-0.5125000000000053,1
g,pooled,2711,,-0.5125000000000053,1
g,pooled,2712,,-0.5125000000000053,1
g,pooled,2713,,-0.5125000000000053,1
g,pooled,2714,,-0.5125000000000053,1
g,pooled,2715,,-0.5125000000000053,1
g,pooled,2716,,-0.5125000000000053,1
g,pooled,2717,,-0.5125000000000053,1
g,pooled,2718,,-0.5125000000000053,1
g,pooled,2719,,-0.5125000000000053,1
g,pooled,2720,,-0.5125000000000053,1
g,pooled,2721,,-0.5125000000000053,1
g,pooled,2722,,-0.5125000000000053,1
g,pooled,2723,,-0.5125000000000053,1
g,pooled,2724,,-0.5125000000000053,1
g,pooled,2725,,-0.5125000000000053,1
g,pooled,2726,,-0.5125000000000053,1
g,pooled,2727,,-0.5125000000000053,1
g,pooled,2728,,-0.4875000000000054,1
g,pooled,2729,,-0.4875000000000054,1
g,pooled,2730,,-0.4875000000000054,1
g,pooled,2731,,-0.4875000000000054,1
g,pooled,2732,,-0.4875000000000054,1
g,pooled,2733,,-0.4875000000000054,1
g,pooled,2734,,-0.4875000000000054,1
g,pooled,2735,,-0.4875000000000054,1
g,pooled,2736,,-0.4875000000000054,1
g,pooled,2737,,-0.4875000000000054,1
g,pooled,2738,,-0.4875000000000054,1
g,pooled,2739,,-0.4875000000000054,1
g,pooled,2740,,-0.4875000000000054,1
g,pooled,2741,,-0.4875000000000054,1
g,pooled,2742,,-0.4875000000000054,1
g,pooled,2743,,-0.4875000000000054,1
g,pooled,2744,,-0.4875000000000054,1
g,pooled,2745,,-0.4875000000000054,1
g,pooled,2746,,-0.4875000000000054,1
g,pooled,2747,,-0.4875000000000054,1
g,pooled,2748,,-0.4875000000000054,1
g,pooled,2749,,-0.4875000000000054,1
g,pooled,2750,,-0.4875000000000054,1
g,pooled,2751,,-0.4875000000000054,1
g,pooled,2752,,-0.4875000000000054,1
g,pooled,2753,,-0.4875000000000054,1
g,pooled,2754,,-0.4875000000000054,1
g,pooled,2755,,-0.4875000000000054,1
g,pooled,2756,,-0.4875000000000054,1
g,pooled,2757,,-0.4875000000000054,1
g,pooled,2758,,-0.4875000000000054,1
g,pooled,2759,,-0.4875000000000054,1
g,pooled,2760,,-0.4875000000000054,1
g,pooled,2761,,-0.4875000000000054,1
g,pooled,2762,,-0.4875000000000054,1
g,pooled,2763,,-0.4875000000000054,1
g,pooled,2764,,-0.4875000000000054,1
g,pooled,2765,,-0.4875000000000054,1
g,pooled,2766,,-0.4875000000000054,1
g,pooled,2767,,-0.4875000000000054,1
g,pooled,2768,,-0.4875000000000054,1
g,pooled,2769,,-0.4875000000000054,1
g,pooled,2770,,-0.4875000000000054,1
g,pooled,2771,,-0.4875000000000054,1
g,pooled,2772,,-0.4875000000000054,1
g,pooled,2773,,-0.46250000000000546,1
g,pooled,2774,,-0.46250000000000546,1
g,pooled,2775,,-0.46250000000000546,1
g,pooled,2776,,-0.46250000000000546,1
g,pooled,2777,,-0.46250000000000546,1
g,pooled,2778,,-0.46250000000000546,1
g,pooled,2779,,-0.46250000000000546,1
g,pooled,2780,,-0.46250000000000546,1
g,pooled,2781,,-0.46250000000000546,1
g,pooled,2782,,-0.46250000000000546,1
g,pooled,2783,,-0.46250000000000546,1
g,pooled,2784,,-0.46250000000000546,1
g,pooled,2785,,-0.46250000000000546,1
g,pooled,2786,,-0.46250000000000546,1
g,pooled,2787,,-0.46250000000000546,1
g,pooled,2788,,-0.46250000000000546,1
g,pooled,2789,,-0.46250000000000546,1
g,pooled,2790,,-0.46250000000000546,1
g,pooled,2791,,-0.46250000000000546,1
g,pooled,2792,,-0.46250000000000546,1
g,pooled,2793,,-0.46250000000000546,1
g,pooled,2794,,-0.46250000000000546,1
g,pooled,2795,,-0.46250000000000546,1
g,pooled,2796,,-0.46250000000000546,1
g,pooled,2797,,-0.46250000000000546,1
g,pooled,2798,,-0.46250000000000546,1
g,pooled,2799,,-0.46250000000000546,1
g,pooled,2800,,-0.46250000000000546,1
g,pooled,2801,,-0.46250000000000546,1
g,pooled,2802,,-0.46250000000000546,1
g,pooled,2803,,-0.46250000000000546,1
g,pooled,2804,,-0.46250000000000546,1
g,pooled,2805,,-0.46250000000000546,1
g,pooled,2806,,-0.46250000000000546,1
g,pooled,2807,,-0.46250000000000546,1
g,pooled,2808,,-0.46250000000000546,1
g,pooled,2809,,-0.46250000000000546,1
g,pooled,2810,,-0.46250000000000546,1
g,pooled,2811,,-0.46250000000000546,1
g,pooled,2812,,-0.46250000000000546,1
g,pooled,2813,,-0.46250000000000546,1
g,pooled,2814,,-0.46250000000000546,1
g,pooled,2815,,-0.46250000000000546,1
g,pooled,2816,,-0.46250000000000546,1
g,pooled,2817,,-0.46250000000000546,1
g,pooled,2818,,-0.46250000000000546,1
g,pooled,2819,,-0.46250000000000546,1
g,pooled,2820,,-0.46250000000000546,1
g,pooled,2821,,-0.46250000000000546,1
g,pooled,2822,,-0.46250000000000546,1
g,pooled,2823,,-0.46250000000000546,1
g,pooled,2824,,-0.46250000000000546,1
g,pooled,2825,,-0.46250000000000546,1
g,pooled,2826,,-0.46250000000000546,1
g,pooled,2827,,-0.46250000000000546,1
g,pooled,2828,,-0.46250000000000546,1
g,pooled,2829,,-0.43750000000000555,1
g,pooled,2830,,-0.43750000000000555,1
g,pooled,2831,,-0.43750000000000555,1
g,pooled,2832,,-0.43750000000000555,1
g,pooled,2833,,-0.43750000000000555,1
g,pooled,2834,,-0.43750000000000555,1
g,pooled,2835,,-0.43750000000000555,1
g,pooled,2836,,-0.43750000000000555,1
g,pooled,2837,,-0.43750000000000555,1
g,pooled,2838,,-0.43750000000000555,1
g,pooled,2839,,-0.43750000000000555,1
g,pooled,2840,,-0.43750000000000555,1
g,pooled,2841,,-0.43750000000000555,1
g,pooled,2842,,-0.43750000000000555,1
g,pooled,2843,,-0.43750000000000555,1
g,pooled,2844,,-0.43750000000000555,1
g,pooled,2845,,-0.43750000000000555,1
g,pooled,2846,,-0.43750000000000555,1
g,pooled,2847,,-0.43750000000000555,1
g,pooled,2848,,-0.43750000000000555,1
g,pooled,2849,,-0.43750000000000555,1
g,pooled,2850,,-0.43750000000000555,1
g,pooled,2851,,-0.43750000000000555,1
g,pooled,2852,,-0.43750000000000555,1
g,pooled,2853,,-0.43750000000000555,1
g,pooled,2854,,-0.43750000000000555,1
g,pooled,2855,,-0.43750000000000555,1
g,pooled,2856,,-0.43750000000000555,1
g,pooled,2857,,-0.43750000000000555,1
g,pooled,2858,,-0.43750000000000555,1
g,pooled,2859,,-0.43750000000000555,1
g,pooled,2860,,-0.43750000000000555,1
g,pooled,2861,,-0.43750000000000555,1
g,pooled,2862,,-0.43750000000000555,1
g,pooled,2863,,-0.43750000000000555,1
g,pooled,2864,,-0.43750000000000555,1
g,pooled,2865,,-0.43750000000000555,1
g,pooled,2866,,-0.43750000000000555,1
g,pooled,2867,,-0.43750000000000555,1
g,pooled,2868,,-0.43750000000000555,1
g,pooled,2869,,-0.43750000000000555,1
g,pooled,2870,,-0.43750000000000555,1
g,pooled,2871,,-0.43750000000000555,1
g,pooled,2872,,-0.43750000000000555,1
g,pooled,2873,,-0.43750000000000555,1
g,pooled,2874,,-0.43750000000000555,1
g,pooled,2875,,-0.43750000000000555,1
g,pooled,2876,,-0.43750000000000555,1
g,pooled,2877,,-0.43750000000000555,1
g,pooled,2878,,-0.43750000000000555,1
g,pooled,2879,,-0.41250000000000564,1
g,pooled,2880,,-0.41250000000000564,1
g,pooled,2881,,-0.41250000000000564,1
g,pooled,2882,,-0.41250000000000564,1
g,pooled,2883,,-0.41250000000000564,1
g,pooled,2884,,-0.41250000000000564,1
g,pooled,2885,,-0.41250000000000564,1
g,pooled,2886,,-0.41250000000000564,1
g,pooled,2887,,-0.41250000000000564,1
g,pooled,2888,,-0.41250000000000564,1
g,pooled,2889,,-0.41250000000000564,1
g,pooled,2890,,-0.41250000000000564,1
g,pooled,2891,,-0.41250000000000564,1
g,pooled,2892,,-0.41250000000000564,1
g,pooled,2893,,-0.41250000000000564,1
g,pooled,2894,,-0.41250000000000564,1
g,pooled,2895,,-0.41250000000000564,1
g,pooled,2896,,-0.41250000000000564,1
g,pooled,2897,,-0.41250000000000564,1
g,pooled,2898,,-0.41250000000000564,1
g,pooled,2899,,-0.41250000000000564,1
g,pooled,2900,,-0.41250000000000564,1
g,pooled,2901,,-0.41250000000000564,1
g,pooled,2902,,-0.41250000000000564,1
g,pooled,2903,,-0.41250000000000564,1
g,pooled,2904,,-0.41250000000000564,1
g,pooled,2905,,-0.41250000000000564,1
g,pooled,2906,,-0.41250000000000564,1
g,pooled,2907,,-0.41250000000000564,1
g,pooled,2908,,-0.41250000000000564,1
g,pooled,2909,,-0.41250000000000564,1
g,pooled,2910,,-0.41250000000000564,1
g,pooled,2911,,-0.41250000000000564,1
g,pooled,2912,,-0.41250000000000564,1
g,pooled,2913,,-0.41250000000000564,1
g,pooled,2914,,-0.41250000000000564,1
g,pooled,2915,,-0.41250000000000564,1
g,pooled,2916,,-0.41250000000000564,1
g,pooled,2917,,-0.41250000000000564,1
g,pooled,2918,,-0.41250000000000564,1
g,pooled,2919,,-0.41250000000000564,1
g,pooled,2920,,-0.41250000000000564,1
g,pooled,2921,,-0.41250000000000564,1
g,pooled,2922,,-0.41250000000000564,1
g,pooled,2923,,-0.41250000000000564,1
g,pooled,2924,,-0.41250000000000564,1
g,pooled,2925,,-0.41250000000000564,1
g,pooled,2926,,-0.41250000000000564,1
g,pooled,2927,,-0.41250000000000564,1
g,pooled,2928,,-0.41250000000000564,1
g,pooled,2929,,-0.41250000000000564,1
g,pooled,2930,,-0.41250000000000564,1
g,pooled,2931,,-0.41250000000000564,1
g,pooled,2932,,-0.41250000000000564,1
g,pooled,2933,,-0.41250000000000564,1
g,pooled,2934,,-0.41250000000000564,1
g,pooled,2935,,-0.41250000000000564,1
g,pooled,2936,,-0.41250000000000564,1
g,pooled,2937,,-0.41250000000000564,1
g,pooled,2938,,-0.41250000000000564,1
g,pooled,2939,,-0.41250000000000564,1
g,pooled,2940,,-0.41250000000000564,1
g,pooled,2941,,-0.41250000000000564,1
g,pooled,2942,,-0.41250000000000564,1
g,pooled,2943,,-0.38750000000000573,1
g,pooled,2944,,-0.38750000000000573,1
g,pooled,2945,,-0.38750000000000573,1
g,pooled,2946,,-0.38750000000000573,1
g,pooled,2947,,-0.38750000000000573,1
g,pooled,2948,,-0.38750000000000573,1
g,pooled,2949,,-0.38750000000000573,1
g,pooled,2950,,-0.38750000000000573,1
g,pooled,2951,,-0.38750000000000573,1
g,pooled,2952,,-0.38750000000000573,1
g,pooled,2953,,-0.38750000000000573,1
g,pooled,2954,,-0.38750000000000573,1
g,pooled,2955,,-0.38750000000000573,1
g,pooled,2956,,-0.38750000000000573,1
g,pooled,2957,,-0.38750000000000573,1
g,pooled,2958,,-0.38750000000000573,1
g,pooled,2959,,-0.38750000000000573,1
g,pooled,2960,,-0.38750000000000573,1
g,pooled,2961,,-0.38750000000000573,1
g,pooled,2962,,-0.38750000000000573,1
g,pooled,2963,,-0.38750000000000573,1
g,pooled,2964,,-0.38750000000000573,1
g,pooled,2965,,-0.38750000000000573,1
g,pooled,2966,,-0.38750000000000573,1
g,pooled,2967,,-0.38750000000000573,1
g,pooled,2968,,-0.38750000000000573,1
g,pooled,2969,,-0.38750000000000573,1
g,pooled,2970,,-0.38750000000000573,1
g,pooled,2971,,-0.38750000000000573,1
g,pooled,2972,,-0.38750000000000573,1
g,pooled,2973,,-0.38750000000000573,1
g,pooled,2974,,-0.38750000000000573,1
g,pooled,2975,,-0.38750000000000573,1
g,pooled,2976,,-0.38750000000000573,1
g,pooled,2977,,-0.38750000000000573,1
g,pooled,2978,,-0.38750000000000573,1
g,pooled,2979,,-0.38750000000000573,1
g,pooled,2980,,-0.38750000000000573,1
g,pooled,2981,,-0.38750000000000573,1
g,pooled,2982,,-0.38750000000000573,1
g,pooled,2983,,-0.38750000000000573,1
g,pooled,2984,,-0.38750000000000573,1
g,pooled,2985,,-0.38750000000000573,1
g,pooled,2986,,-0.38750000000000573,1
g,pooled,2987,,-0.38750000000000573,1
g,pooled,2988,,-0.38750000000000573,1
g,pooled,2989,,-0.38750000000000573,1
g,pooled,2990,,-0.38750000000000573,1
g,pooled,2991,,-0.38750000000000573,1
g,pooled,2992,,-0.38750000000000573,1
g,pooled,2993,,-0.38750000000000573,1
g,pooled,2994,,-0.38750000000000573,1
g,pooled,2995,,-0.38750000000000573,1
g,pooled,2996,,-0.38750000000000573,1
g,pooled,2997,,-0.38750000000000573,1
g,pooled,2998,,-0.38750000000000573,1
g,pooled,2999,,-0.38750000000000573,1
g,pooled,3000,,-0.38750000000000573,1
g,pooled,3001,,-0.38750000000000573,1
g,pooled,3002,,-0.38750000000000573,1
g,pooled,3003,,-0.38750000000000573,1
g,pooled,3004,,-0.38750000000000573,1
g,pooled,3005,,-0.38750000000000573,1
g,pooled,3006,,-0.38750000000000573,1
g,pooled,3007,,-0.38750000000000573,1
g,pooled,3008,,-0.38750000000000573,1
g,pooled,3009,,-0.38750000000000573,1
g,pooled,3010,,-0.38750000000000573,1
g,pooled,3011,,-0.3625000000000058,1
g,pooled,3012,,-0.3625000000000058,1
g,pooled,3013,,-0.3625000000000058,1
g,pooled,3014,,-0.3625000000000058,1
g,pooled,3015,,-0.3625000000000058,1
g,pooled,3016,,-0.3625000000000058,1
g,pooled,3017,,-0.3625000000000058,1
g,pooled,3018,,-0.3625000000000058,1
g,pooled,3019,,-0.3625000000000058,1
g,pooled,3020,,-0.3625000000000058,1
g,pooled,3021,,-0.3625000000000058,1
g,pooled,3022,,-0.3625000000000058,1
g,pooled,3023,,-0.3625000000000058,1
g,pooled,3024,,-0.3625000000000058,1
g,pooled,3025,,-0.3625000000000058,1
g,pooled,3026,,-0.3625000000000058,1
g,pooled,3027,,-0.3625000000000058,1
g,pooled,3028,,-0.3625000000000058,1
g,pooled,3029,,-0.3625000000000058,1
g,pooled,3030,,-0.3625000000000058,1
g,pooled,3031,,-0.3625000000000058,1
g,pooled,3032,,-0.3625000000000058,1
g,pooled,3033,,-0.3625000000000058,1
g,pooled,3034,,-0.3625000000000058,1
g,pooled,3035,,-0.3625000000000058,1
g,pooled,3036,,-0.3625000000000058,1
g,pooled,3037,,-0.3625000000000058,1
g,pooled,3038,,-0.3625000000000058,1
g,pooled,3039,,-0.3625000000000058,1
g,pooled,3040,,-0.3625000000000058,1
g,pooled,3041,,-0.3625000000000058,1
g,pooled,3042,,-0.3625000000000058,1
g,pooled,3043,,-0.3625000000000058,1
g,pooled,3044,,-0.3625000000000058,1
g,pooled,3045,,-0.3625000000000058,1
g,pooled,3046,,-0.3625000000000058,1
g,pooled,3047,,-0.3625000000000058,1
g,pooled,3048,,-0.3625000000000058,1
g,pooled,3049,,-0.3625000000000058,1
g,pooled,3050,,-0.3625000000000058,1
g,pooled,3051,,-0.3625000000000058,1
g,pooled,3052,,-0.3625000000000058,1
g,pooled,3053,,-0.3625000000000058,1
g,pooled,3054,,-0.3625000000000058,1
g,pooled,3055,,-0.3625000000000058,1
g,pooled,3056,,-0.3625000000000058,1
g,pooled,3057,,-0.3625000000000058,1
g,pooled,3058,,-0.3625000000000058,1
g,pooled,3059,,-0.3625000000000058,1
g,pooled,3060,,-0.3625000000000058,1
g,pooled,3061,,-0.3625000000000058,1
g,pooled,3062,,-0.3625000000000058,1
g,pooled,3063,,-0.3625000000000058,1
g,pooled,3064,,-0.3625000000000058,1
g,pooled,3065,,-0.3625000000000058,1
g,pooled,3066,,-0.3625000000000058,1
g,pooled,3067,,-0.3625000000000058,1
g,pooled,3068,,-0.3625000000000058,1
g,pooled,3069,,-0.3625000000000058,1
g,pooled,3070,,-0.3625000000000058,1
g,pooled,3071,,-0.3625000000000058,1
g,pooled,3072,,-0.3625000000000058,1
g,pooled,3073,,-0.3625000000000058,1
g,pooled,3074,,-0.3625000000000058,1
g,pooled,3075,,-0.3625000000000058,1
g,pooled,3076,,-0.3625000000000058,1
g,pooled,3077,,-0.3625000000000058,1
g,pooled,3078,,-0.3625000000000058,1
g,pooled,3079,,-0.3625000000000058,1
g,pooled,3080,,-0.3625000000000058,1
g,pooled,3081,,-0.3625000000000058,1
g,pooled,3082,,-0.3625000000000058,1
g,pooled,3083,,-0.3625000000000058,1
g,pooled,3084,,-0.3625000000000058,1
g,pooled,3085,,-0.3625000000000058,1
g,pooled,3086,,-0.3625000000000058,1
g,pooled,3087,,-0.3375000000000059,1
g,pooled,3088,,-0.3375000000000059,1
g,pooled,3089,,-0.3375000000000059,1
g,pooled,3090,,-0.3375000000000059,1
g,pooled,3091,,-0.3375000000000059,1
g,pooled,3092,,-0.3375000000000059,1
g,pooled,3093,,-0.3375000000000059,1
g,pooled,3094,,-0.3375000000000059,1
g,pooled,3095,,-0.3375000000000059,1
g,pooled,3096,,-0.3375000000000059,1
g,pooled,3097,,-0.3375000000000059,1
g,pooled,3098,,-0.3375000000000059,1
g,pooled,3099,,-0.3375000000000059,1
g,pooled,3100,,-0.3375000000000059,1
g,pooled,3101,,-0.3375000000000059,1
g,pooled,3102,,-0.3375000000000059,1
g,pooled,3103,,-0.3375000000000059,1
g,pooled,3104,,-0.3375000000000059,1
g,pooled,3105,,-0.3375000000000059,1
g,pooled,3106,,-0.3375000000000059,1
g,pooled,3107,,-0.3375000000000059,1
g,pooled,3108,,-0.3375000000000059,1
g,pooled,3109,,-0.3375000000000059,1
g,pooled,3110,,-0.3375000000000059,1
g,pooled,3111,,-0.3375000000000059,1
g,pooled,3112,,-0.3375000000000059,1
g,pooled,3113,,-0.3375000000000059,1
g,pooled,3114,,-0.3375000000000059,1
g,pooled,3115,,-0.3375000000000059,1
g,pooled,3116,,-0.3375000000000059,1
g,pooled,3117,,-0.3375000000000059,1
g,pooled,3118,,-0.3375000000000059,1
g,pooled,3119,,-0.3375000000000059,1
g,pooled,3120,,-0.3375000000000059,1
g,pooled,3121,,-0.3375000000000059,1
g,pooled,3122,,-0.3375000000000059,1
g,pooled,3123,,-0.3375000000000059,1
g,pooled,3124,,-0.3375000000000059,1
g,pooled,3125,,-0.3375000000000059,1
g,pooled,3126,,-0.3375000000000059,1
g,pooled,3127,,-0.3375000000000059,1
g,pooled,3128,,-0.3375000000000059,1
g,pooled,3129,,-0.3375000000000059,1
g,pooled,3130,,-0.3375000000000059,1
g,pooled,3131,,-0.3375000000000059,1
g,pooled,3132,,-0.3375000000000059,1
g,pooled,3133,,-0.3375000000000059,1
g,pooled,3134,,-0.3375000000000059,1
g,pooled,3135,,-0.3375000000000059,1
g,pooled,3136,,-0.3375000000000059,1
g,pooled,3137,,-0.3375000000000059,1
g,pooled,3138,,-0.3375000000000059,1
g,pooled,3139,,-0.3375000000000059,1
g,pooled,3140,,-0.3375000000000059,1
g,pooled,3141,,-0.3375000000000059,1
g,pooled,3142,,-0.3375000000000059,1
g,pooled,3143,,-0.3375000000000059,1
g,pooled,3144,,-0.3375000000000059,1
g,pooled,3145,,-0.3375000000000059,1
g,pooled,3146,,-0.3375000000000059,1
g,pooled,3147,,-0.3375000000000059,1
g,pooled,3148,,-0.3375000000000059,1
g,pooled,3149,,-0.3375000000000059,1
g,pooled,3150,,-0.3375000000000059,1
g,pooled,3151,,-0.3375000000000059,1
g,pooled,3152,,-0.3375000000000059,1
g,pooled,3153,,-0.3375000000000059,1
g,pooled,3154,,-0.3375000000000059,1
g,pooled,3155,,-0.3375000000000059,1
g,pooled,3156,,-0.3375000000000059,1
g,pooled,3157,,-0.3375000000000059,1
g,pooled,3158,,-0.3375000000000059,1
g,pooled,3159,,-0.3375000000000059,1
g,pooled,3160,,-0.3375000000000059,1
g,pooled,3161,,-0.3375000000000059,1
g,pooled,3162,,-0.3375000000000059,1
g,pooled,3163,,-0.3375000000000059,1
g,pooled,3164,,-0.3375000000000059,1
g,pooled,3165,,-0.3375000000000059,1
g,pooled,3166,,-0.3375000000000059,1
g,pooled,3167,,-0.3375000000000059,1
g,pooled,3168,,-0.3375000000000059,1
g,pooled,3169,,-0.3375000000000059,1
g,pooled,3170,,-0.3375000000000059,1
g,pooled,3171,,-0.3375000000000059,1
g,pooled,3172,,-0.3375000000000059,1
g,pooled,3173,,-0.3375000000000059,1
g,pooled,3174,,-0.3375000000000059,1
g,pooled,3175,,-0.312500000000006,1
g,pooled,3176,,-0.312500000000006,1
g,pooled,3177,,-0.312500000000006,1
g,pooled,3178,,-0.312500000000006,1
g,pooled,3179,,-0.312500000000006,1
g,pooled,3180,,-0.312500000000006,1
g,pooled,3181,,-0.312500000000006,1
g,pooled,3182,,-0.312500000000006,1
g,pooled,3183,,-0.312500000000006,1
g,pooled,3184,,-0.312500000000006,1
g,pooled,3185,,-0.312500000000006,1
g,pooled,3186,,-0.312500000000006,1
g,pooled,3187,,-0.312500000000006,1
g,pooled,3188,,-0.312500000000006,1
g,pooled,3189,,-0.312500000000006,1
g,pooled,3190,,-0.312500000000006,1
g,pooled,3191,,-0.312500000000006,1
g,pooled,3192,,-0.312500000000006,1
g,pooled,3193,,-0.312500000000006,1
g,pooled,3194,,-0.312500000000006,1
g,pooled,3195,,-0.312500000000006,1
g,pooled,3196,,-0.312500000000006,1
g,pooled,3197,,-0.312500000000006,1
g,pooled,3198,,-0.312500000000006,1
g,pooled,3199,,-0.312500000000006,1
g,pooled,3200,,-0.312500000000006,1
g,pooled,3201,,-0.312500000000006,1
g,pooled,3202,,-0.312500000000006,1
g,pooled,3203,,-0.312500000000006,1
g,pooled,3204,,-0.312500000000006,1
g,pooled,3205,,-0.312500000000006,1
g,pooled,3206,,-0.312500000000006,1
g,pooled,3207,,-0.312500000000006,1
g,pooled,3208,,-0.312500000000006,1
g,pooled,3209,,-0.312500000000006,1
g,pooled,3210,,-0.312500000000006,1
g,pooled,3211,,-0.312500000000006,1
g,pooled,3212,,-0.312500000000006,1
g,pooled,3213,,-0.312500000000006,1
g,pooled,3214,,-0.312500000000006,1
g,pooled,3215,,-0.312500000000006,1
g,pooled,3216,,-0.312500000000006,1
g,pooled,3217,,-0.312500000000006,1
g,pooled,3218,,-0.312500000000006,1
g,pooled,3219,,-0.312500000000006,1
g,pooled,3220,,-0.312500000000006,1
g,pooled,3221,,-0.312500000000006,1
g,pooled,3222,,-0.312500000000006,1
g,pooled,3223,,-0.312500000000006,1
g,pooled,3224,,-0.312500000000006,1
g,pooled,3225,,-0.312500000000006,1
g,pooled,3226,,-0.312500000000006,1
g,pooled,3227,,-0.312500000000006,1
g,pooled,3228,,-0.312500000000006,1
g,pooled,3229,,-0.312500000000006,1
g,pooled,3230,,-0.312500000000006,1
g,pooled,3231,,-0.312500000000006,1
g,pooled,3232,,-0.312500000000006,1
g,pooled,3233,,-0.312500000000006,1
g,pooled,3234,,-0.312500000000006,1
g,pooled,3235,,-0.312500000000006,1
g,pooled,3236,,-0.312500000000006,1
g,pooled,3237,,-0.312500000000006,1
g,pooled,3238,,-0.312500000000006,1
g,pooled,3239,,-0.312500000000006,1
g,pooled,3240,,-0.312500000000006,1
g,pooled,3241,,-0.312500000000006,1
g,pooled,3242,,-0.312500000000006,1
g,pooled,3243,,-0.312500000000006,1
g,pooled,3244,,-0.312500000000006,1
g,pooled,3245,,-0.312500000000006,1
g,pooled,3246,,-0.312500000000006,1
g,pooled,3247,,-0.312500000000006,1
g,pooled,3248,,-0.312500000000006,1
g,pooled,3249,,-0.312500000000006,1
g,pooled,3250,,-0.312500000000006,1
g,pooled,3251,,-0.312500000000006,1
g,pooled,3252,,-0.312500000000006,1
g,pooled,3253,,-0.312500000000006,1
g,pooled,3254,,-0.312500000000006,1
g,pooled,3255,,-0.312500000000006,1
g,pooled,3256,,-0.312500000000006,1
g,pooled,3257,,-0.312500000000006,1
g,pooled,3258,,-0.312500000000006,1
g,pooled,3259,,-0.312500000000006,1
g,pooled,3260,,-0.312500000000006,1
g,pooled,3261,,-0.312500000000006,1
g,pooled,3262,,-0.312500000000006,1
g,pooled,3263,,-0.312500000000006,1
g,pooled,3264,,-0.312500000000006,1
g,pooled,3265,,-0.312500000000006,1
g,pooled,3266,,-0.312500000000006,1
g,pooled,3267,,-0.312500000000006,1
g,pooled,3268,,-0.312500000000006,1
g,pooled,3269,,-0.312500000000006,1
g,pooled,3270,,-0.312500000000006,1
g,pooled,3271,,-0.312500000000006,1
g,pooled,3272,,-0.312500000000006,1
g,pooled,3273,,-0.312500000000006,1
g,pooled,3274,,-0.2875000000000061,1
g,pooled,3275,,-0.2875000000000061,1
g,pooled,3276,,-0.2875000000000061,1
g,pooled,3277,,-0.2875000000000061,1
g,pooled,3278,,-0.2875000000000061,1
g,pooled,3279,,-0.2875000000000061,1
g,pooled,3280,,-0.2875000000000061,1
g,pooled,3281,,-0.2875000000000061,1
g,pooled,3282,,-0.2875000000000061,1
g,pooled,3283,,-0.2875000000000061,1
g,pooled,3284,,-0.2875000000000061,1
g,pooled,3285,,-0.2875000000000061,1
g,pooled,3286,,-0.2875000000000061,1
g,pooled,3287,,-0.2875000000000061,1
g,pooled,3288,,-0.2875000000000061,1
g,pooled,3289,,-0.2875000000000061,1
g,pooled,3290,,-0.2875000000000061,1
g,pooled,3291,,-0.2875000000000061,1
g,pooled,3292,,-0.2875000000000061,1
g,pooled,3293,,-0.2875000000000061,1
g,pooled,3294,,-0.2875000000000061,1
g,pooled,3295,,-0.2875000000000061,1
g,pooled,3296,,-0.2875000000000061,1
g,pooled,3297,,-0.2875000000000061,1
g,pooled,3298,,-0.2875000000000061,1
g,pooled,3299,,-0.2875000000000061,1
g,pooled,3300,,-0.2875000000000061,1
g,pooled,3301,,-0.2875000000000061,1
g,pooled,3302,,-0.2875000000000061,1
g,pooled,3303,,-0.2875000000000061,1
g,pooled,3304,,-0.2875000000000061,1
g,pooled,3305,,-0.2875000000000061,1
g,pooled,3306,,-0.2875000000000061,1
g,pooled,3307,,-0.2875000000000061,1
g,pooled,3308,,-0.2875000000000061,1
g,pooled,3309,,-0.2875000000000061,1
g,pooled,3310,,-0.2875000000000061,1
g,pooled,3311,,-0.2875000000000061,1
g,pooled,3312,,-0.2875000000000061,1
g,pooled,3313,,-0.2875000000000061,1
g,pooled,3314,,-0.2875000000000061,1
g,pooled,3315,,-0.2875000000000061,1
g,pooled,3316,,-0.2875000000000061,1
g,pooled,3317,,-0.2875000000000061,1
g,pooled,3318,,-0.2875000000000061,1
g,pooled,3319,,-0.2875000000000061,1
g,pooled,3320,,-0.2875000000000061,1
g,pooled,3321,,-0.2875000000000061,1
g,pooled,3322,,-0.2875000000000061,1
g,pooled,3323,,-0.2875000000000061,1
g,pooled,3324,,-0.2875000000000061,1
g,pooled,3325,,-0.2875000000000061,1
g,pooled,3326,,-0.2875000000000061,1
g,pooled,3327,,-0.2875000000000061,1
g,pooled,3328,,-0.2875000000000061,1
g,pooled,3329,,-0.2875000000000061,1
g,pooled,3330,,-0.2875000000000061,1
g,pooled,3331,,-0.2875000000000061,1
g,pooled,3332,,-0.2875000000000061,1
g,pooled,3333,,-0.2875000000000061,1
g,pooled,3334,,-0.2875000000000061,1
g,pooled,3335,,-0.2875000000000061,1
g,pooled,3336,,-0.2875000000000061,1
g,pooled,3337,,-0.2875000000000061,1
g,pooled,3338,,-0.2875000000000061,1
g,pooled,3339,,-0.2875000000000061,1
g,pooled,3340,,-0.2875000000000061,1
g,pooled,3341,,-0.2875000000000061,1
g,pooled,3342,,-0.2875000000000061,1
g,pooled,3343,,-0.2875000000000061,1
g,pooled,3344,,-0.2875000000000061,1
g,pooled,3345,,-0.2875000000000061,1
g,pooled,3346,,-0.2875000000000061,1
g,pooled,3347,,-0.2875000000000061,1
g,pooled,3348,,-0.2875000000000061,1
g,pooled,3349,,-0.2875000000000061,1
g,pooled,3350,,-0.2875000000000061,1
g,pooled,3351,,-0.2875000000000061,1
g,pooled,3352,,-0.2875000000000061,1
g,pooled,3353,,-0.2875000000000061,1
g,pooled,3354,,-0.2875000000000061,1
g,pooled,3355,,-0.2875000000000061,1
g,pooled,3356,,-0.2875000000000061,1
g,pooled,3357,,-0.2875000000000061,1
g,pooled,3358,,-0.2875000000000061,1
g,pooled,3359,,-0.2875000000000061,1
g,pooled,3360,,-0.2875000000000061,1
g,pooled,3361,,-0.2875000000000061,1
g,pooled,3362,,-0.2875000000000061,1
g,pooled,3363,,-0.2875000000000061,1
g,pooled,3364,,-0.2875000000000061,1
g,pooled,3365,,-0.2875000000000061,1
g,pooled,3366,,-0.2875000000000061,1
g,pooled,3367,,-0.2875000000000061,1
g,pooled,3368,,-0.2875000000000061,1
g,pooled,3369,,-0.2875000000000061,1
g,pooled,3370,,-0.2875000000000061,1
g,pooled,3371,,-0.2875000000000061,1
g,pooled,3372,,-0.2875000000000061,1
g,pooled,3373,,-0.2875000000000061,1
g,pooled,3374,,-0.2875000000000061,1
g,pooled,3375,,-0.2875000000000061,1
g,pooled,3376,,-0.2875000000000061,1
g,pooled,3377,,-0.2875000000000061,1
g,pooled,3378,,-0.2875000000000061,1
g,pooled,3379,,-0.2875000000000061,1
g,pooled,3380,,-0.2875000000000061,1
g,pooled,3381,,-0.2875000000000061,1
g,pooled,3382,,-0.2875000000000061,1
g,pooled,3383,,-0.2875000000000061,1
g,pooled,3384,,-0.2875000000000061,1
g,pooled,3385,,-0.2875000000000061,1
g,pooled,3386,,-0.2875000000000061,1
g,pooled,3387,,-0.2875000000000061,1
g,pooled,3388,,-0.2875000000000061,1
g,pooled,3389,,-0.2875000000000061,1
g,pooled,3390,,-0.2875000000000061,1
g,pooled,3391,,-0.2875000000000061,1
g,pooled,3392,,-0.2875000000000061,1
g,pooled,3393,,-0.2875000000000061,1
g,pooled,3394,,-0.2875000000000061,1
g,pooled,3395,,-0.2875000000000061,1
g,pooled,3396,,-0.2875000000000061,1
g,pooled,3397,,-0.2625000000000062,1
g,pooled,3398,,-0.2625000000000062,1
g,pooled,3399,,-0.2625000000000062,1
g,pooled,3400,,-0.2625000000000062,1
g,pooled,3401,,-0.2625000000000062,1
g,pooled,3402,,-0.2625000000000062,1
g,pooled,3403,,-0.2625000000000062,1
g,pooled,3404,,-0.2625000000000062,1
g,pooled,3405,,-0.2625000000000062,1
g,pooled,3406,,-0.2625000000000062,1
g,pooled,3407,,-0.2625000000000062,1
g,pooled,3408,,-0.2625000000000062,1
g,pooled,3409,,-0.2625000000000062,1
g,pooled,3410,,-0.2625000000000062,1
g,pooled,3411,,-0.2625000000000062,1
g,pooled,3412,,-0.2625000000000062,1
g,pooled,3413,,-0.2625000000000062,1
g,pooled,3414,,-0.2625000000000062,1
g,pooled,3415,,-0.2625000000000062,1
g,pooled,3416,,-0.2625000000000062,1
g,pooled,3417,,-0.2625000000000062,1
g,pooled,3418,,-0.2625000000000062,1
g,pooled,3419,,-0.2625000000000062,1
g,pooled,3420,,-0.2625000000000062,1
g,pooled,3421,,-0.2625000000000062,1
g,pooled,3422,,-0.2625000000000062,1
g,pooled,3423,,-0.2625000000000062,1
g,pooled,3424,,-0.2625000000000062,1
g,pooled,3425,,-0.2625000000000062,1
g,pooled,3426,,-0.2625000000000062,1
g,pooled,3427,,-0.2625000000000062,1
g,pooled,3428,,-0.2625000000000062,1
g,pooled,3429,,-0.2625000000000062,1
g,pooled,3430,,-0.2625000000000062,1
g,pooled,3431,,-0.2625000000000062,1
g,pooled,3432,,-0.2625000000000062,1
g,pooled,3433,,-0.2625000000000062,1
g,pooled,3434,,-0.2625000000000062,1
g,pooled,3435,,-0.2625000000000062,1
g,pooled,3436,,-0.2625000000000062,1
g,pooled,3437,,-0.2625000000000062,1
g,pooled,3438,,-0.2625000000000062,1
g,pooled,3439,,-0.2625000000000062,1
g,pooled,3440,,-0.2625000000000062,1
g,pooled,3441,,-0.2625000000000062,1
g,pooled,3442,,-0.2625000000000062,1
g,pooled,3443,,-0.2625000000000062,1
g,pooled,3444,,-0.2625000000000062,1
g,pooled,3445,,-0.2625000000000062,1
g,pooled,3446,,-0.2625000000000062,1
g,pooled,3447,,-0.2625000000000062,1
g,pooled,3448,,-0.2625000000000062,1
g,pooled,3449,,-0.2625000000000062,1
g,pooled,3450,,-0.2625000000000062,1
g,pooled,3451,,-0.2625000000000062,1
g,pooled,3452,,-0.2625000000000062,1
g,pooled,3453,,-0.2625000000000062,1
g,pooled,3454,,-0.2625000000000062,1
g,pooled,3455,,-0.2625000000000062,1
g,pooled,3456,,-0.2625000000000062,1
g,pooled,3457,,-0.2625000000000062,1
g,pooled,3458,,-0.2625000000000062,1
g,pooled,3459,,-0.2625000000000062,1
g,pooled,3460,,-0.2625000000000062,1
g,pooled,3461,,-0.2625000000000062,1
g,pooled,3462,,-0.2625000000000062,1
g,pooled,3463,,-0.2625000000000062,1
g,pooled,3464,,-0.2625000000000062,1
g,pooled,3465,,-0.2625000000000062,1
g,pooled,3466,,-0.2625000000000062,1
g,pooled,3467,,-0.2625000000000062,1
g,pooled,3468,,-0.2625000000000062,1
g,pooled,3469,,-0.2625000000000062,1
g,pooled,3470,,-0.2625000000000062,1
g,pooled,3471,,-0.2625000000000062,1
g,pooled,3472,,-0.2625000000000062,1
g,pooled,3473,,-0.2625000000000062,1
g,pooled,3474,,-0.2625000000000062,1
g,pooled,3475,,-0.2625000000000062,1
g,pooled,3476,,-0.2625000000000062,1
g,pooled,3477,,-0.2625000000000062,1
g,pooled,3478,,-0.2625000000000062,1
g,pooled,3479,,-0.2625000000000062,1
g,pooled,3480,,-0.2625000000000062,1
g,pooled,3481,,-0.2625000000000062,1
g,pooled,3482,,-0.2625000000000062,1
g,pooled,3483,,-0.2625000000000062,1
g,pooled,3484,,-0.2625000000000062,1
g,pooled,3485,,-0.2625000000000062,1
g,pooled,3486,,-0.2625000000000062,1
g,pooled,3487,,-0.2625000000000062,1
g,pooled,3488,,-0.2625000000000062,1
g,pooled,3489,,-0.2625000000000062,1
g,pooled,3490,,-0.2625000000000062,1
g,pooled,3491,,-0.2625000000000062,1
g,pooled,3492,,-0.2625000000000062,1
g,pooled,3493,,-0.2625000000000062,1
g,pooled,3494,,-0.2625000000000062,1
g,pooled,3495,,-0.2625000000000062,1
g,pooled,3496,,-0.2625000000000062,1
g,pooled,3497,,-0.2625000000000062,1
g,pooled,3498,,-0.2625000000000062,1
g,pooled,3499,,-0.2625000000000062,1
g,pooled,3500,,-0.2625000000000062,1
g,pooled,3501,,-0.2625000000000062,1
g,pooled,3502,,-0.2625000000000062,1
g,pooled,3503,,-0.2625000000000062,1
g,pooled,3504,,-0.2625000000000062,1
g,pooled,3505,,-0.2625000000000062,1
g,pooled,3506,,-0.2625000000000062,1
g,pooled,3507,,-0.23750000000000626,1
g,pooled,3508,,-0.23750000000000626,1
g,pooled,3509,,-0.23750000000000626,1
g,pooled,3510,,-0.23750000000000626,1
g,pooled,3511,,-0.23750000000000626,1
g,pooled,3512,,-0.23750000000000626,1
g,pooled,3513,,-0.23750000000000626,1
g,pooled,3514,,-0.23750000000000626,1
g,pooled,3515,,-0.23750000000000626,1
g,pooled,3516,,-0.23750000000000626,1
g,pooled,3517,,-0.23750000000000626,1
g,pooled,3518,,-0.23750000000000626,1
g,pooled,3519,,-0.23750000000000626,1
g,pooled,3520,,-0.23750000000000626,1
g,pooled,3521,,-0.23750000000000626,1
g,pooled,3522,,-0.23750000000000626,1
g,pooled,3523,,-0.23750000000000626,1
g,pooled,3524,,-0.23750000000000626,1
g,pooled,3525,,-0.23750000000000626,1
g,pooled,3526,,-0.23750000000000626,1
g,pooled,3527,,-0.23750000000000626,1
g,pooled,3528,,-0.23750000000000626,1
g,pooled,3529,,-0.23750000000000626,1
g,pooled,3530,,-0.23750000000000626,1
g,pooled,3531,,-0.23750000000000626,1
g,pooled,3532,,-0.23750000000000626,1
g,pooled,3533,,-0.23750000000000626,1
g,pooled,3534,,-0.23750000000000626,1
g,pooled,3535,,-0.23750000000000626,1
g,pooled,3536,,-0.23750000000000626,1
g,pooled,3537,,-0.23750000000000626,1
g,pooled,3538,,-0.23750000000000626,1
g,pooled,3539,,-0.23750000000000626,1
g,pooled,3540,,-0.23750000000000626,1
g,pooled,3541,,-0.23750000000000626,1
g,pooled,3542,,-0.23750000000000626,1
g,pooled,3543,,-0.23750000000000626,1
g,pooled,3544,,-0.23750000000000626,1
g,pooled,3545,,-0.23750000000000626,1
g,pooled,3546,,-0.23750000000000626,1
g,pooled,3547,,-0.23750000000000626,1
g,pooled,3548,,-0.23750000000000626,1
g,pooled,3549,,-0.23750000000000626,1
g,pooled,3550,,-0.23750000000000626,1
g,pooled,3551,,-0.23750000000000626,1
g,pooled,3552,,-0.23750000000000626,1
g,pooled,3553,,-0.23750000000000626,1
g,pooled,3554,,-0.23750000000000626,1
g,pooled,3555,,-0.23750000000000626,1
g,pooled,3556,,-0.23750000000000626,1
g,pooled,3557,,-0.23750000000000626,1
g,pooled,3558,,-0.23750000000000626,1
g,pooled,3559,,-0.23750000000000626,1
g,pooled,3560,,-0.23750000000000626,1
g,pooled,3561,,-0.23750000000000626,1
g,pooled,3562,,-0.23750000000000626,1
g,pooled,3563,,-0.23750000000000626,1
g,pooled,3564,,-0.23750000000000626,1
g,pooled,3565,,-0.23750000000000626,1
g,pooled,3566,,-0.23750000000000626,1
g,pooled,3567,,-0.23750000000000626,1
g,pooled,3568,,-0.23750000000000626,1
g,pooled,3569,,-0.23750000000000626,1
g,pooled,3570,,-0.23750000000000626,1
g,pooled,3571,,-0.23750000000000626,1
g,pooled,3572,,-0.23750000000000626,1
g,pooled,3573,,-0.23750000000000626,1
g,pooled,3574,,-0.23750000000000626,1
g,pooled,3575,,-0.23750000000000626,1
g,pooled,3576,,-0.23750000000000626,1
g,pooled,3577,,-0.23750000000000626,1
g,pooled,3578,,-0.23750000000000626,1
g,pooled,3579,,-0.23750000000000626,1
g,pooled,3580,,-0.23750000000000626,1
g,pooled,3581,,-0.23750000000000626,1
g,pooled,3582,,-0.23750000000000626,1
g,pooled,3583,,-0.23750000000000626,1
g,pooled,3584,,-0.23750000000000626,1
g,pooled,3585,,-0.23750000000000626,1
g,pooled,3586,,-0.23750000000000626,1
g,pooled,3587,,-0.23750000000000626,1
g,pooled,3588,,-0.23750000000000626,1
g,pooled,3589,,-0.23750000000000626,1
g,pooled,3590,,-0.23750000000000626,1
g,pooled,3591,,-0.23750000000000626,1
g,pooled,3592,,-0.23750000000000626,1
g,pooled,3593,,-0.23750000000000626,1
g,pooled,3594,,-0.23750000000000626,1
g,pooled,3595,,-0.23750000000000626,1
g,pooled,3596,,-0.23750000000000626,1
g,pooled,3597,,-0.23750000000000626,1
g,pooled,3598,,-0.23750000000000626,1
g,pooled,3599,,-0.23750000000000626,1
g,pooled,3600,,-0.23750000000000626,1
g,pooled,3601,,-0.23750000000000626,1
g,pooled,3602,,-0.23750000000000626,1
g,pooled,3603,,-0.23750000000000626,1
g,pooled,3604,,-0.23750000000000626,1
g,pooled,3605,,-0.23750000000000626,1
g,pooled,3606,,-0.23750000000000626,1
g,pooled,3607,,-0.23750000000000626,1
g,pooled,3608,,-0.23750000000000626,1
g,pooled,3609,,-0.23750000000000626,1
g,pooled,3610,,-0.23750000000000626,1
g,pooled,3611,,-0.23750000000000626,1
g,pooled,3612,,-0.23750000000000626,1
g,pooled,3613,,-0.23750000000000626,1
g,pooled,3614,,-0.23750000000000626,1
g,pooled,3615,,-0.23750000000000626,1
g,pooled,3616,,-0.23750000000000626,1
g,pooled,3617,,-0.23750000000000626,1
g,pooled,3618,,-0.23750000000000626,1
g,pooled,3619,,-0.23750000000000626,1
g,pooled,3620,,-0.23750000000000626,1
g,pooled,3621,,-0.23750000000000626,1
g,pooled,3622,,-0.23750000000000626,1
g,pooled,3623,,-0.23750000000000626,1
g,pooled,3624,,-0.23750000000000626,1
g,pooled,3625,,-0.23750000000000626,1
g,pooled,3626,,-0.23750000000000626,1
g,pooled,3627,,-0.23750000000000626,1
g,pooled,3628,,-0.23750000000000626,1
g,pooled,3629,,-0.23750000000000626,1
g,pooled,3630,,-0.23750000000000626,1
g,pooled,3631,,-0.23750000000000626,1
g,pooled,3632,,-0.23750000000000626,1
g,pooled,3633,,-0.23750000000000626,1
g,pooled,3634,,-0.23750000000000626,1
g,pooled,3635,,-0.23750000000000626,1
g,pooled,3636,,-0.23750000000000626,1
g,pooled,3637,,-0.23750000000000626,1
g,pooled,3638,,-0.23750000000000626,1
g,pooled,3639,,-0.23750000000000626,1
g,pooled,3640,,-0.23750000000000626,1
g,pooled,3641,,-0.23750000000000626,1
g,pooled,3642,,-0.23750000000000626,1
g,pooled,3643,,-0.23750000000000626,1
g,pooled,3644,,-0.23750000000000626,1
g,pooled,3645,,-0.23750000000000626,1
g,pooled,3646,,-0.23750000000000626,1
g,pooled,3647,,-0.23750000000000626,1
g,pooled,3648,,-0.23750000000000626,1
g,pooled,3649,,-0.23750000000000626,1
g,pooled,3650,,-0.23750000000000626,1
g,pooled,3651,,-0.23750000000000626,1
g,pooled,3652,,-0.23750000000000626,1
g,pooled,3653,,-0.23750000000000626,1
g,pooled,3654,,-0.23750000000000626,1
g,pooled,3655,,-0.23750000000000626,1
g,pooled,3656,,-0.23750000000000626,1
g,pooled,3657,,-0.23750000000000626,1
g,pooled,3658,,-0.23750000000000626,1
g,pooled,3659,,-0.23750000000000626,1
g,pooled,3660,,-0.23750000000000626,1
g,pooled,3661,,-0.23750000000000626,1
g,pooled,3662,,-0.23750000000000626,1
g,pooled,3663,,-0.21250000000000635,1
g,pooled,3664,,-0.21250000000000635,1
g,pooled,3665,,-0.21250000000000635,1
g,pooled,3666,,-0.21250000000000635,1
g,pooled,3667,,-0.21250000000000635,1
g,pooled,3668,,-0.21250000000000635,1
g,pooled,3669,,-0.21250000000000635,1
g,pooled,3670,,-0.21250000000000635,1
g,pooled,3671,,-0.21250000000000635,1
g,pooled,3672,,-0.21250000000000635,1
g,pooled,3673,,-0.21250000000000635,1
g,pooled,3674,,-0.21250000000000635,1
g,pooled,3675,,-0.21250000000000635,1
g,pooled,3676,,-0.21250000000000635,1
g,pooled,3677,,-0.21250000000000635,1
g,pooled,3678,,-0.21250000000000635,1
g,pooled,3679,,-0.21250000000000635,1
g,pooled,3680,,-0.21250000000000635,1
g,pooled,3681,,-0.21250000000000635,1
g,pooled,3682,,-0.21250000000000635,1
g,pooled,3683,,-0.21250000000000635,1
g,pooled,3684,,-0.21250000000000635,1
g,pooled,3685,,-0.21250000000000635,1
g,pooled,3686,,-0.21250000000000635,1
g,pooled,3687,,-0.21250000000000635,1
g,pooled,3688,,-0.21250000000000635,1
g,pooled,3689,,-0.21250000000000635,1
g,pooled,3690,,-0.21250000000000635,1
g,pooled,3691,,-0.21250000000000635,1
g,pooled,3692,,-0.21250000000000635,1
g,pooled,3693,,-0.21250000000000635,1
g,pooled,3694,,-0.21250000000000635,1
g,pooled,3695,,-0.21250000000000635,1
g,pooled,3696,,-0.21250000000000635,1
g,pooled,3697,,-0.21250000000000635,1
g,pooled,3698,,-0.21250000000000635,1
g,pooled,3699,,-0.21250000000000635,1
g,pooled,3700,,-0.21250000000000635,1
g,pooled,3701,,-0.21250000000000635,1
g,pooled,3702,,-0.21250000000000635,1
g,pooled,3703,,-0.21250000000000635,1
g,pooled,3704,,-0.21250000000000635,1
g,pooled,3705,,-0.21250000000000635,1
g,pooled,3706,,-0.21250000000000635,1
g,pooled,3707,,-0.21250000000000635,1
g,pooled,3708,,-0.21250000000000635,1
g,pooled,3709,,-0.21250000000000635,1
g,pooled,3710,,-0.21250000000000635,1
g,pooled,3711,,-0.21250000000000635,1
g,pooled,3712,,-0.21250000000000635,1
g,pooled,3713,,-0.21250000000000635,1
g,pooled,3714,,-0.21250000000000635,1
g,pooled,3715,,-0.21250000000000635,1
g,pooled,3716,,-0.21250000000000635,1
g,pooled,3717,,-0.21250000000000635,1
g,pooled,3718,,-0.21250000000000635,1
g,pooled,3719,,-0.21250000000000635,1
g,pooled,3720,,-0.21250000000000635,1
g,pooled,3721,,-0.21250000000000635,1
g,pooled,3722,,-0.21250000000000635,1
g,pooled,3723,,-0.21250000000000635,1
g,pooled,3724,,-0.21250000000000635,1
g,pooled,3725,,-0.21250000000000635,1
g,pooled,3726,,-0.21250000000000635,1
g,pooled,3727,,-0.21250000000000635,1
g,pooled,3728,,-0.21250000000000635,1
g,pooled,3729,,-0.21250000000000635,1
g,pooled,3730,,-0.21250000000000635,1
g,pooled,3731,,-0.21250000000000635,1
g,pooled,3732,,-0.21250000000000635,1
g,pooled,3733,,-0.21250000000000635,1
g,pooled,3734,,-0.21250000000000635,1
g,pooled,3735,,-0.21250000000000635,1
g,pooled,3736,,-0.21250000000000635,1
g,pooled,3737,,-0.21250000000000635,1
g,pooled,3738,,-0.21250000000000635,1
g,pooled,3739,,-0.21250000000000635,1
g,pooled,3740,,-0.21250000000000635,1
g,pooled,3741,,-0.21250000000000635,1
g,pooled,3742,,-0.21250000000000635,1
g,pooled,3743,,-0.21250000000000635,1
g,pooled,3744,,-0.21250000000000635,1
g,pooled,3745,,-0.21250000000000635,1
g,pooled,3746,,-0.21250000000000635,1
g,pooled,3747,,-0.21250000000000635,1
g,pooled,3748,,-0.21250000000000635,1
g,pooled,3749,,-0.21250000000000635,1
g,pooled,3750,,-0.21250000000000635,1
g,pooled,3751,,-0.21250000000000635,1
g,pooled,3752,,-0.21250000000000635,1
g,pooled,3753,,-0.21250000000000635,1
g,pooled,3754,,-0.21250000000000635,1
g,pooled,3755,,-0.21250000000000635,1
g,pooled,3756,,-0.21250000000000635,1
g,pooled,3757,,-0.21250000000000635,1
g,pooled,3758,,-0.21250000000000635,1
g,pooled,3759,,-0.21250000000000635,1
g,pooled,3760,,-0.21250000000000635,1
g,pooled,3761,,-0.21250000000000635,1
g,pooled,3762,,-0.21250000000000635,1
g,pooled,3763,,-0.21250000000000635,1
g,pooled,3764,,-0.21250000000000635,1
g,pooled,3765,,-0.21250000000000635,1
g,pooled,3766,,-0.21250000000000635,1
g,pooled,3767,,-0.21250000000000635,1
g,pooled,3768,,-0.21250000000000635,1
g,pooled,3769,,-0.21250000000000635,1
g,pooled,3770,,-0.21250000000000635,1
g,pooled,3771,,-0.21250000000000635,1
g,pooled,3772,,-0.21250000000000635,1
g,pooled,3773,,-0.21250000000000635,1
g,pooled,3774,,-0.21250000000000635,1
g,pooled,3775,,-0.21250000000000635,1
g,pooled,3776,,-0.21250000000000635,1
g,pooled,3777,,-0.21250000000000635,1
g,pooled,3778,,-0.21250000000000635,1
g,pooled,3779,,-0.21250000000000635,1
g,pooled,3780,,-0.21250000000000635,1
g,pooled,3781,,-0.21250000000000635,1
g,pooled,3782,,-0.21250000000000635,1
g,pooled,3783,,-0.21250000000000635,1
g,pooled,3784,,-0.21250000000000635,1
g,pooled,3785,,-0.21250000000000635,1
g,pooled,3786,,-0.21250000000000635,1
g,pooled,3787,,-0.21250000000000635,1
g,pooled,3788,,-0.21250000000000635,1
g,pooled,3789,,-0.21250000000000635,1
g,pooled,3790,,-0.21250000000000635,1
g,pooled,3791,,-0.21250000000000635,1
g,pooled,3792,,-0.21250000000000635,1
g,pooled,3793,,-0.21250000000000635,1
g,pooled,3794,,-0.21250000000000635,1
g,pooled,3795,,-0.21250000000000635,1
g,pooled,3796,,-0.21250000000000635,1
g,pooled,3797,,-0.21250000000000635,1
g,pooled,3798,,-0.21250000000000635,1
g,pooled,3799,,-0.21250000000000635,1
g,pooled,3800,,-0.21250000000000635,1
g,pooled,3801,,-0.21250000000000635,1
g,pooled,3802,,-0.21250000000000635,1
g,pooled,3803,,-0.21250000000000635,1
g,pooled,3804,,-0.21250000000000635,1
g,pooled,3805,,-0.21250000000000635,1
g,pooled,3806,,-0.21250000000000635,1
g,pooled,3807,,-0.21250000000000635,1
g,pooled,3808,,-0.21250000000000635,1
g,pooled,3809,,-0.21250000000000635,1
g,pooled,3810,,-0.21250000000000635,1
g,pooled,3811,,-0.21250000000000635,1
g,pooled,3812,,-0.21250000000000635,1
g,pooled,3813,,-0.21250000000000635,1
g,pooled,3814,,-0.21250000000000635,1
g,pooled,3815,,-0.21250000000000635,1
g,pooled,3816,,-0.21250000000000635,1
g,pooled,3817,,-0.21250000000000635,1
g,pooled,3818,,-0.21250000000000635,1
g,pooled,3819,,-0.21250000000000635,1
g,pooled,3820,,-0.21250000000000635,1
g,pooled,3821,,-0.21250000000000635,1
g,pooled,3822,,-0.21250000000000635,1
g,pooled,3823,,-0.21250000000000635,1
g,pooled,3824,,-0.21250000000000635,1
g,pooled,3825,,-0.21250000000000635,1
g,pooled,3826,,-0.21250000000000635,1
g,pooled,3827,,-0.21250000000000635,1
g,pooled,3828,,-0.21250000000000635,1
g,pooled,3829,,-0.21250000000000635,1
g,pooled,3830,,-0.21250000000000635,1
g,pooled,3831,,-0.21250000000000635,1
g,pooled,3832,,-0.21250000000000635,1
g,pooled,3833,,-0.21250000000000635,1
g,pooled,3834,,-0.21250000000000635,1
g,pooled,3835,,-0.21250000000000635,1
g,pooled,3836,,-0.21250000000000635,1
g,pooled,3837,,-0.21250000000000635,1
g,pooled,3838,,-0.21250000000000635,1
g,pooled,3839,,-0.21250000000000635,1
g,pooled,3840,,-0.21250000000000635,1
g,pooled,3841,,-0.21250000000000635,1
g,pooled,3842,,-0.21250000000000635,1
g,pooled,3843,,-0.21250000000000635,1
g,pooled,3844,,-0.21250000000000635,1
g,pooled,3845,,-0.21250000000000635,1
g,pooled,3846,,-0.21250000000000635,1
g,pooled,3847,,-0.21250000000000635,1
g,pooled,3848,,-0.21250000000000635,1
g,pooled,3849,,-0.21250000000000635,1
g,pooled,3850,,-0.21250000000000635,1
g,pooled,3851,,-0.21250000000000635,1
g,pooled,3852,,-0.18750000000000644,1
g,pooled,3853,,-0.18750000000000644,1
g,pooled,3854,,-0.18750000000000644,1
g,pooled,3855,,-0.18750000000000644,1
g,pooled,3856,,-0.18750000000000644,1
g,pooled,3857,,-0.18750000000000644,1
g,pooled,3858,,-0.18750000000000644,1
g,pooled,3859,,-0.18750000000000644,1
g,pooled,3860,,-0.18750000000000644,1
g,pooled,3861,,-0.18750000000000644,1
g,pooled,3862,,-0.18750000000000644,1
g,pooled,3863,,-0.18750000000000644,1
g,pooled,3864,,-0.18750000000000644,1
g,pooled,3865,,-0.18750000000000644,1
g,pooled,3866,,-0.18750000000000644,1
g,pooled,3867,,-0.18750000000000644,1
g,pooled,3868,,-0.18750000000000644,1
g,pooled,3869,,-0.18750000000000644,1
g,pooled,3870,,-0.18750000000000644,1
g,pooled,3871,,-0.18750000000000644,1
g,pooled,3872,,-0.18750000000000644,1
g,pooled,3873,,-0.18750000000000644,1
g,pooled,3874,,-0.18750000000000644,1
g,pooled,3875,,-0.18750000000000644,1
g,pooled,3876,,-0.18750000000000644,1
g,pooled,3877,,-0.18750000000000644,1
g,pooled,3878,,-0.18750000000000644,1
g,pooled,3879,,-0.18750000000000644,1
g,pooled,3880,,-0.18750000000000644,1
g,pooled,3881,,-0.18750000000000644,1
g,pooled,3882,,-0.18750000000000644,1
g,pooled,3883,,-0.18750000000000644,1
g,pooled,3884,,-0.18750000000000644,1
g,pooled,3885,,-0.18750000000000644,1
g,pooled,3886,,-0.18750000000000644,1
g,pooled,3887,,-0.18750000000000644,1
g,pooled,3888,,-0.18750000000000644,1
g,pooled,3889,,-0.18750000000000644,1
g,pooled,3890,,-0.18750000000000644,1
g,pooled,3891,,-0.18750000000000644,1
g,pooled,3892,,-0.18750000000000644,1
g,pooled,3893,,-0.18750000000000644,1
g,pooled,3894,,-0.18750000000000644,1
g,pooled,3895,,-0.18750000000000644,1
g,pooled,3896,,-0.18750000000000644,1
g,pooled,3897,,-0.18750000000000644,1
g,pooled,3898,,-0.18750000000000644,1
g,pooled,3899,,-0.18750000000000644,1
g,pooled,3900,,-0.18750000000000644,1
g,pooled,3901,,-0.18750000000000644,1
g,pooled,3902,,-0.18750000000000644,1
g,pooled,3903,,-0.18750000000000644,1
g,pooled,3904,,-0.18750000000000644,1
g,pooled,3905,,-0.18750000000000644,1
g,pooled,3906,,-0.18750000000000644,1
g,pooled,3907,,-0.18750000000000644,1
g,pooled,3908,,-0.18750000000000644,1
g,pooled,3909,,-0.18750000000000644,1
g,pooled,3910,,-0.18750000000000644,1
g,pooled,3911,,-0.18750000000000644,1
g,pooled,3912,,-0.18750000000000644,1
g,pooled,3913,,-0.18750000000000644,1
g,pooled,3914,,-0.18750000000000644,1
g,pooled,3915,,-0.18750000000000644,1
g,pooled,3916,,-0.18750000000000644,1
g,pooled,3917,,-0.18750000000000644,1
g,pooled,3918,,-0.18750000000000644,1
g,pooled,3919,,-0.18750000000000644,1
g,pooled,3920,,-0.18750000000000644,1
g,pooled,3921,,-0.18750000000000644,1
g,pooled,3922,,-0.18750000000000644,1
g,pooled,3923,,-0.18750000000000644,1
g,pooled,3924,,-0.18750000000000644,1
g,pooled,3925,,-0.18750000000000644,1
g,pooled,3926,,-0.18750000000000644,1
g,pooled,3927,,-0.18750000000000644,1
g,pooled,3928,,-0.18750000000000644,1
g,pooled,3929,,-0.18750000000000644,1
g,pooled,3930,,-0.18750000000000644,1
g,pooled,3931,,-0.18750000000000644,1
g,pooled,3932,,-0.18750000000000644,1
g,pooled,3933,,-0.18750000000000644,1
g,pooled,3934,,-0.18750000000000644,1
g,pooled,3935,,-0.18750000000000644,1
g,pooled,3936,,-0.18750000000000644,1
g,pooled,3937,,-0.18750000000000644,1
g,pooled,3938,,-0.18750000000000644,1
g,pooled,3939,,-0.18750000000000644,1
g,pooled,3940,,-0.18750000000000644,1
g,pooled,3941,,-0.18750000000000644,1
g,pooled,3942,,-0.18750000000000644,1
g,pooled,3943,,-0.18750000000000644,1
g,pooled,3944,,-0.18750000000000644,1
g,pooled,3945,,-0.18750000000000644,1
g,pooled,3946,,-0.18750000000000644,1
g,pooled,3947,,-0.18750000000000644,1
g,pooled,3948,,-0.18750000000000644,1
g,pooled,3949,,-0.18750000000000644,1
g,pooled,3950,,-0.18750000000000644,1
g,pooled,3951,,-0.18750000000000644,1
g,pooled,3952,,-0.18750000000000644,1
g,pooled,3953,,-0.18750000000000644,1
g,pooled,3954,,-0.18750000000000644,1
g,pooled,3955,,-0.18750000000000644,1
g,pooled,3956,,-0.18750000000000644,1
g,pooled,3957,,-0.18750000000000644,1
g,pooled,3958,,-0.18750000000000644,1
g,pooled,3959,,-0.18750000000000644,1
g,pooled,3960,,-0.18750000000000644,1
g,pooled,3961,,-0.18750000000000644,1
g,pooled,3962,,-0.18750000000000644,1
g,pooled,3963,,-0.18750000000000644,1
g,pooled,3964,,-0.18750000000000644,1
g,pooled,3965,,-0.18750000000000644,1
g,pooled,3966,,-0.18750000000000644,1
g,pooled,3967,,-0.18750000000000644,1
g,pooled,3968,,-0.18750000000000644,1
g,pooled,3969,,-0.18750000000000644,1
g,pooled,3970,,-0.18750000000000644,1
g,pooled,3971,,-0.18750000000000644,1
g,pooled,3972,,-0.18750000000000644,1
g,pooled,3973,,-0.18750000000000644,1
g,pooled,3974,,-0.18750000000000644,1
g,pooled,3975,,-0.18750000000000644,1
g,pooled,3976,,-0.18750000000000644,1
g,pooled,3977,,-0.18750000000000644,1
g,pooled,3978,,-0.18750000000000644,1
g,pooled,3979,,-0.18750000000000644,1
g,pooled,3980,,-0.18750000000000644,1
g,pooled,3981,,-0.18750000000000644,1
g,pooled,3982,,-0.18750000000000644,1
g,pooled,3983,,-0.18750000000000644,1
g,pooled,3984,,-0.18750000000000644,1
g,pooled,3985,,-0.18750000000000644,1
g,pooled,3986,,-0.18750000000000644,1
g,pooled,3987,,-0.18750000000000644,1
g,pooled,3988,,-0.18750000000000644,1
g,pooled,3989,,-0.18750000000000644,1
g,pooled,3990,,-0.18750000000000644,1
g,pooled,3991,,-0.18750000000000644,1
g,pooled,3992,,-0.18750000000000644,1
g,pooled,3993,,-0.18750000000000644,1
g,pooled,3994,,-0.18750000000000644,1
g,pooled,3995,,-0.18750000000000644,1
g,pooled,3996,,-0.18750000000000644,1
g,pooled,3997,,-0.18750000000000644,1
g,pooled,3998,,-0.18750000000000644,1
g,pooled,3999,,-0.18750000000000644,1
g,pooled,4000,,-0.18750000000000644,1
g,pooled,4001,,-0.18750000000000644,1
g,pooled,4002,,-0.18750000000000644,1
g,pooled,4003,,-0.18750000000000644,1
g,pooled,4004,,-0.18750000000000644,1
g,pooled,4005,,-0.18750000000000644,1
g,pooled,4006,,-0.18750000000000644,1
g,pooled,4007,,-0.18750000000000644,1
g,pooled,4008,,-0.18750000000000644,1
g,pooled,4009,,-0.18750000000000644,1
g,pooled,4010,,-0.18750000000000644,1
g,pooled,4011,,-0.18750000000000644,1
g,pooled,4012,,-0.18750000000000644,1
g,pooled,4013,,-0.18750000000000644,1
g,pooled,4014,,-0.18750000000000644,1
g,pooled,4015,,-0.18750000000000644,1
g,pooled,4016,,-0.18750000000000644,1
g,pooled,4017,,-0.18750000000000644,1
g,pooled,4018,,-0.18750000000000644,1
g,pooled,4019,,-0.18750000000000644,1
g,pooled,4020,,-0.18750000000000644,1
g,pooled,4021,,-0.18750000000000644,1
g,pooled,4022,,-0.18750000000000644,1
g,pooled,4023,,-0.18750000000000644,1
g,pooled,4024,,-0.18750000000000644,1
g,pooled,4025,,-0.18750000000000644,1
g,pooled,4026,,-0.18750000000000644,1
g,pooled,4027,,-0.18750000000000644,1
g,pooled,4028,,-0.18750000000000644,1
g,pooled,4029,,-0.18750000000000644,1
g,pooled,4030,,-0.18750000000000644,1
g,pooled,4031,,-0.18750000000000644,1
g,pooled,4032,,-0.18750000000000644,1
g,pooled,4033,,-0.18750000000000644,1
g,pooled,4034,,-0.18750000000000644,1
g,pooled,4035,,-0.18750000000000644,1
g,pooled,4036,,-0.18750000000000644,1
g,pooled,4037,,-0.18750000000000644,1
g,pooled,4038,,-0.18750000000000644,1
g,pooled,4039,,-0.18750000000000644,1
g,pooled,4040,,-0.18750000000000644,1
g,pooled,4041,,-0.18750000000000644,1
g,pooled,4042,,-0.18750000000000644,1
g,pooled,4043,,-0.18750000000000644,1
g,pooled,4044,,-0.18750000000000644,1
g,pooled,4045,,-0.18750000000000644,1
g,pooled,4046,,-0.18750000000000644,1
g,pooled,4047,,-0.18750000000000644,1
g,pooled,4048,,-0.18750000000000644,1
g,pooled,4049,,-0.18750000000000644,1
g,pooled,4050,,-0.18750000000000644,1
g,pooled,4051,,-0.18750000000000644,1
g,pooled,4052,,-0.18750000000000644,1
g,pooled,4053,,-0.18750000000000644,1
g,pooled,4054,,-0.18750000000000644,1
g,pooled,4055,,-0.16250000000000653,1
g,pooled,4056,,-0.16250000000000653,1
g,pooled,4057,,-0.16250000000000653,1
g,pooled,4058,,-0.16250000000000653,1
g,pooled,4059,,-0.16250000000000653,1
g,pooled,4060,,-0.16250000000000653,1
g,pooled,4061,,-0.16250000000000653,1
g,pooled,4062,,-0.16250000000000653,1
g,pooled,4063,,-0.16250000000000653,1
g,pooled,4064,,-0.16250000000000653,1
g,pooled,4065,,-0.16250000000000653,1
g,pooled,4066,,-0.16250000000000653,1
g,pooled,4067,,-0.16250000000000653,1
g,pooled,4068,,-0.16250000000000653,1
g,pooled,4069,,-0.16250000000000653,1
g,pooled,4070,,-0.16250000000000653,1
g,pooled,4071,,-0.16250000000000653,1
g,pooled,4072,,-0.16250000000000653,1
g,pooled,4073,,-0.16250000000000653,1
g,pooled,4074,,-0.16250000000000653,1
g,pooled,4075,,-0.16250000000000653,1
g,pooled,4076,,-0.16250000000000653,1
g,pooled,4077,,-0.16250000000000653,1
g,pooled,4078,,-0.16250000000000653,1
g,pooled,4079,,-0.16250000000000653,1
g,pooled,4080,,-0.16250000000000653,1
g,pooled,4081,,-0.16250000000000653,1
g,pooled,4082,,-0.16250000000000653,1
g,pooled,4083,,-0.16250000000000653,1
g,pooled,4084,,-0.16250000000000653,1
g,pooled,4085,,-0.16250000000000653,1
g,pooled,4086,,-0.16250000000000653,1
g,pooled,4087,,-0.16250000000000653,1
g,pooled,4088,,-0.16250000000000653,1
g,pooled,4089,,-0.16250000000000653,1
g,pooled,4090,,-0.16250000000000653,1
g,pooled,4091,,-0.16250000000000653,1
g,pooled,4092,,-0.16250000000000653,1
g,pooled,4093,,-0.16250000000000653,1
g,pooled,4094,,-0.16250000000000653,1
g,pooled,4095,,-0.16250000000000653,1
g,pooled,4096,,-0.16250000000000653,1
g,pooled,4097,,-0.16250000000000653,1
g,pooled,4098,,-0.16250000000000653,1
g,pooled,4099,,-0.16250000000000653,1
g,pooled,4100,,-0.16250000000000653,1
g,pooled,4101,,-0.16250000000000653,1
g,pooled,4102,,-0.16250000000000653,1
g,pooled,4103,,-0.16250000000000653,1
g,pooled,4104,,-0.16250000000000653,1
g,pooled,4105,,-0.16250000000000653,1
g,pooled,4106,,-0.16250000000000653,1
g,pooled,4107,,-0.16250000000000653,1
g,pooled,4108,,-0.16250000000000653,1
g,pooled,4109,,-0.16250000000000653,1
g,pooled,4110,,-0.16250000000000653,1
g,pooled,4111,,-0.16250000000000653,1
g,pooled,4112,,-0.16250000000000653,1
g,pooled,4113,,-0.16250000000000653,1
g,pooled,4114,,-0.16250000000000653,1
g,pooled,4115,,-0.16250000000000653,1
g,pooled,4116,,-0.16250000000000653,1
g,pooled,4117,,-0.16250000000000653,1
g,pooled,4118,,-0.16250000000000653,1
g,pooled,4119,,-0.16250000000000653,1
g,pooled,4120,,-0.16250000000000653,1
g,pooled,4121,,-0.16250000000000653,1
g,pooled,4122,,-0.16250000000000653,1
g,pooled,4123,,-0.16250000000000653,1
g,pooled,4124,,-0.16250000000000653,1
g,pooled,4125,,-0.16250000000000653,1
g,pooled,4126,,-0.16250000000000653,1
g,pooled,4127,,-0.16250000000000653,1
g,pooled,4128,,-0.16250000000000653,1
g,pooled,4129,,-0.16250000000000653,1
g,pooled,4130,,-0.16250000000000653,1
g,pooled,4131,,-0.16250000000000653,1
g,pooled,4132,,-0.16250000000000653,1
g,pooled,4133,,-0.16250000000000653,1
g,pooled,4134,,-0.16250000000000653,1
g,pooled,4135,,-0.16250000000000653,1
g,pooled,4136,,-0.16250000000000653,1
g,pooled,4137,,-0.16250000000000653,1
g,pooled,4138,,-0.16250000000000653,1
g,pooled,4139,,-0.16250000000000653,1
g,pooled,4140,,-0.16250000000000653,1
g,pooled,4141,,-0.16250000000000653,1
g,pooled,4142,,-0.16250000000000653,1
g,pooled,4143,,-0.16250000000000653,1
g,pooled,4144,,-0.16250000000000653,1
g,pooled,4145,,-0.16250000000000653,1
g,pooled,4146,,-0.16250000000000653,1
g,pooled,4147,,-0.16250000000000653,1
g,pooled,4148,,-0.16250000000000653,1
g,pooled,4149,,-0.16250000000000653,1
g,pooled,4150,,-0.16250000000000653,1
g,pooled,4151,,-0.16250000000000653,1
g,pooled,4152,,-0.16250000000000653,1
g,pooled,4153,,-0.16250000000000653,1
g,pooled,4154,,-0.16250000000000653,1
g,pooled,4155,,-0.16250000000000653,1
g,pooled,4156,,-0.16250000000000653,1
g,pooled,4157,,-0.16250000000000653,1
g,pooled,4158,,-0.16250000000000653,1
g,pooled,4159,,-0.16250000000000653,1
g,pooled,4160,,-0.16250000000000653,1
g,pooled,4161,,-0.16250000000000653,1
g,pooled,4162,,-0.16250000000000653,1
g,pooled,4163,,-0.16250000000000653,1
g,pooled,4164,,-0.16250000000000653,1
g,pooled,4165,,-0.16250000000000653,1
g,pooled,4166,,-0.16250000000000653,1
g,pooled,4167,,-0.16250000000000653,1
g,pooled,4168,,-0.16250000000000653,1
g,pooled,4169,,-0.16250000000000653,1
g,pooled,4170,,-0.16250000000000653,1
g,pooled,4171,,-0.16250000000000653,1
g,pooled,4172,,-0.16250000000000653,1
g,pooled,4173,,-0.16250000000000653,1
g,pooled,4174,,-0.16250000000000653,1
g,pooled,4175,,-0.16250000000000653,1
g,pooled,4176,,-0.16250000000000653,1
g,pooled,4177,,-0.16250000000000653,1
g,pooled,4178,,-0.16250000000000653,1
g,pooled,4179,,-0.16250000000000653,1
g,pooled,4180,,-0.16250000000000653,1
g,pooled,4181,,-0.16250000000000653,1
g,pooled,4182,,-0.16250000000000653,1
g,pooled,4183,,-0.16250000000000653,1
g,pooled,4184,,-0.16250000000000653,1
g,pooled,4185,,-0.16250000000000653,1
g,pooled,4186,,-0.16250000000000653,1
g,pooled,4187,,-0.16250000000000653,1
g,pooled,4188,,-0.16250000000000653,1
g,pooled,4189,,-0.16250000000000653,1
g,pooled,4190,,-0.16250000000000653,1
g,pooled,4191,,-0.16250000000000653,1
g,pooled,4192,,-0.16250000000000653,1
g,pooled,4193,,-0.16250000000000653,1
g,pooled,4194,,-0.16250000000000653,1
g,pooled,4195,,-0.16250000000000653,1
g,pooled,4196,,-0.16250000000000653,1
g,pooled,4197,,-0.16250000000000653,1
g,pooled,4198,,-0.16250000000000653,1
g,pooled,4199,,-0.16250000000000653,1
g,pooled,4200,,-0.16250000000000653,1
g,pooled,4201,,-0.16250000000000653,1
g,pooled,4202,,-0.16250000000000653,1
g,pooled,4203,,-0.16250000000000653,1
g,pooled,4204,,-0.16250000000000653,1
g,pooled,4205,,-0.16250000000000653,1
g,pooled,4206,,-0.16250000000000653,1
g,pooled,4207,,-0.16250000000000653,1
g,pooled,4208,,-0.16250000000000653,1
g,pooled,4209,,-0.16250000000000653,1
g,pooled,4210,,-0.16250000000000653,1
g,pooled,4211,,-0.16250000000000653,1
g,pooled,4212,,-0.16250000000000653,1
g,pooled,4213,,-0.16250000000000653,1
g,pooled,4214,,-0.16250000000000653,1
g,pooled,4215,,-0.16250000000000653,1
g,pooled,4216,,-0.16250000000000653,1
g,pooled,4217,,-0.16250000000000653,1
g,pooled,4218,,-0.16250000000000653,1
g,pooled,4219,,-0.16250000000000653,1
g,pooled,4220,,-0.16250000000000653,1
g,pooled,4221,,-0.16250000000000653,1
g,pooled,4222,,-0.16250000000000653,1
g,pooled,4223,,-0.16250000000000653,1
g,pooled,4224,,-0.16250000000000653,1
g,pooled,4225,,-0.16250000000000653,1
g,pooled,4226,,-0.16250000000000653,1
g,pooled,4227,,-0.16250000000000653,1
g,pooled,4228,,-0.16250000000000653,1
g,pooled,4229,,-0.16250000000000653,1
g,pooled,4230,,-0.16250000000000653,1
g,pooled,4231,,-0.16250000000000653,1
g,pooled,4232,,-0.16250000000000653,1
g,pooled,4233,,-0.16250000000000653,1
g,pooled,4234,,-0.16250000000000653,1
g,pooled,4235,,-0.16250000000000653,1
g,pooled,4236,,-0.16250000000000653,1
g,pooled,4237,,-0.16250000000000653,1
g,pooled,4238,,-0.16250000000000653,1
g,pooled,4239,,-0.16250000000000653,1
g,pooled,4240,,-0.16250000000000653,1
g,pooled,4241,,-0.16250000000000653,1
g,pooled,4242,,-0.16250000000000653,1
g,pooled,4243,,-0.16250000000000653,1
g,pooled,4244,,-0.16250000000000653,1
g,pooled,4245,,-0.16250000000000653,1
g,pooled,4246,,-0.16250000000000653,1
g,pooled,4247,,-0.16250000000000653,1
g,pooled,4248,,-0.16250000000000653,1
g,pooled,4249,,-0.16250000000000653,1
g,pooled,4250,,-0.16250000000000653,1
g,pooled,4251,,-0.16250000000000653,1
g,pooled,4252,,-0.16250000000000653,1
g,pooled,4253,,-0.16250000000000653,1
g,pooled,4254,,-0.16250000000000653,1
g,pooled,4255,,-0.16250000000000653,1
g,pooled,4256,,-0.16250000000000653,1
g,pooled,4257,,-0.16250000000000653,1
g,pooled,4258,,-0.16250000000000653,1
g,pooled,4259,,-0.13750000000000662,1
g,pooled,4260,,-0.13750000000000662,1
g,pooled,4261,,-0.13750000000000662,1
g,pooled,4262,,-0.13750000000000662,1
g,pooled,4263,,-0.13750000000000662,1
g,pooled,4264,,-0.13750000000000662,1
g,pooled,4265,,-0.13750000000000662,1
g,pooled,4266,,-0.13750000000000662,1
g,pooled,4267,,-0.13750000000000662,1
g,pooled,4268,,-0.13750000000000662,1
g,pooled,4269,,-0.13750000000000662,1
g,pooled,4270,,-0.13750000000000662,1
g,pooled,4271,,-0.13750000000000662,1
g,pooled,4272,,-0.13750000000000662,1
g,pooled,4273,,-0.13750000000000662,1
g,pooled,4274,,-0.13750000000000662,1
g,pooled,4275,,-0.13750000000000662,1
g,pooled,4276,,-0.13750000000000662,1
g,pooled,4277,,-0.13750000000000662,1
g,pooled,4278,,-0.13750000000000662,1
g,pooled,4279,,-0.13750000000000662,1
g,pooled,4280,,-0.13750000000000662,1
g,pooled,4281,,-0.13750000000000662,1
g,pooled,4282,,-0.13750000000000662,1
g,pooled,4283,,-0.13750000000000662,1
g,pooled,4284,,-0.13750000000000662,1
g,pooled,4285,,-0.13750000000000662,1
g,pooled,4286,,-0.13750000000000662,1
g,pooled,4287,,-0.13750000000000662,1
g,pooled,4288,,-0.13750000000000662,1
g,pooled,4289,,-0.13750000000000662,1
g,pooled,4290,,-0.13750000000000662,1
g,pooled,4291,,-0.13750000000000662,1
g,pooled,4292,,-0.13750000000000662,1
g,pooled,4293,,-0.13750000000000662,1
g,pooled,4294,,-0.13750000000000662,1
g,pooled,4295,,-0.13750000000000662,1
g,pooled,4296,,-0.13750000000000662,1
g,pooled,4297,,-0.13750000000000662,1
g,pooled,4298,,-0.13750000000000662,1
g,pooled,4299,,-0.13750000000000662,1
g,pooled,4300,,-0.13750000000000662,1
g,pooled,4301,,-0.13750000000000662,1
g,pooled,4302,,-0.13750000000000662,1
g,pooled,4303,,-0.13750000000000662,1
g,pooled,4304,,-0.13750000000000662,1
g,pooled,4305,,-0.13750000000000662,1
g,pooled,4306,,-0.13750000000000662,1
g,pooled,4307,,-0.13750000000000662,1
g,pooled,4308,,-0.13750000000000662,1
g,pooled,4309,,-0.13750000000000662,1
g,pooled,4310,,-0.13750000000000662,1
g,pooled,4311,,-0.13750000000000662,1
g,pooled,4312,,-0.13750000000000662,1
g,pooled,4313,,-0.13750000000000662,1
g,pooled,4314,,-0.13750000000000662,1
g,pooled,4315,,-0.13750000000000662,1
g,pooled,4316,,-0.13750000000000662,1
g,pooled,4317,,-0.13750000000000662,1
g,pooled,4318,,-0.13750000000000662,1
g,pooled,4319,,-0.13750000000000662,1
g,pooled,4320,,-0.13750000000000662,1
g,pooled,4321,,-0.13750000000000662,1
g,pooled,4322,,-0.13750000000000662,1
g,pooled,4323,,-0.13750000000000662,1
g,pooled,4324,,-0.13750000000000662,1
g,pooled,4325,,-0.13750000000000662,1
g,pooled,4326,,-0.13750000000000662,1
g,pooled,4327,,-0.13750000000000662,1
g,pooled,4328,,-0.13750000000000662,1
g,pooled,4329,,-0.13750000000000662,1
g,pooled,4330,,-0.13750000000000662,1
g,pooled,4331,,-0.13750000000000662,1
g,pooled,4332,,-0.13750000000000662,1
g,pooled,4333,,-0.13750000000000662,1
g,pooled,4334,,-0.13750000000000662,1
g,pooled,4335,,-0.13750000000000662,1
g,pooled,4336,,-0.13750000000000662,1
g,pooled,4337,,-0.13750000000000662,1
g,pooled,4338,,-0.13750000000000662,1
g,pooled,4339,,-0.13750000000000662,1
g,pooled,4340,,-0.13750000000000662,1
g,pooled,4341,,-0.13750000000000662,1
g,pooled,4342,,-0.13750000000000662,1
g,pooled,4343,,-0.13750000000000662,1
g,pooled,4344,,-0.13750000000000662,1
g,pooled,4345,,-0.13750000000000662,1
g,pooled,4346,,-0.13750000000000662,1
g,pooled,4347,,-0.13750000000000662,1
g,pooled,4348,,-0.13750000000000662,1
g,pooled,4349,,-0.13750000000000662,1
g,pooled,4350,,-0.13750000000000662,1
g,pooled,4351,,-0.13750000000000662,1
g,pooled,4352,,-0.13750000000000662,1
g,pooled,4353,,-0.13750000000000662,1
g,pooled,4354,,-0.13750000000000662,1
g,pooled,4355,,-0.13750000000000662,1
g,pooled,4356,,-0.13750000000000662,1
g,pooled,4357,,-0.13750000000000662,1
g,pooled,4358,,-0.13750000000000662,1
g,pooled,4359,,-0.13750000000000662,1
g,pooled,4360,,-0.13750000000000662,1
g,pooled,4361,,-0.13750000000000662,1
g,pooled,4362,,-0.13750000000000662,1
g,pooled,4363,,-0.13750000000000662,1
g,pooled,4364,,-0.13750000000000662,1
g,pooled,4365,,-0.13750000000000662,1
g,pooled,4366,,-0.13750000000000662,1
g,pooled,4367,,-0.13750000000000662,1
g,pooled,4368,,-0.13750000000000662,1
g,pooled,4369,,-0.13750000000000662,1
g,pooled,4370,,-0.13750000000000662,1
g,pooled,4371,,-0.13750000000000662,1
g,pooled,4372,,-0.13750000000000662,1
g,pooled,4373,,-0.13750000000000662,1
g,pooled,4374,,-0.13750000000000662,1
g,pooled,4375,,-0.13750000000000662,1
g,pooled,4376,,-0.13750000000000662,1
g,pooled,4377,,-0.13750000000000662,1
g,pooled,4378,,-0.13750000000000662,1
g,pooled,4379,,-0.13750000000000662,1
g,pooled,4380,,-0.13750000000000662,1
g,pooled,4381,,-0.13750000000000662,1
g,pooled,4382,,-0.13750000000000662,1
g,pooled,4383,,-0.13750000000000662,1
g,pooled,4384,,-0.13750000000000662,1
g,pooled,4385,,-0.13750000000000662,1
g,pooled,4386,,-0.13750000000000662,1
g,pooled,4387,,-0.13750000000000662,1
g,pooled,4388,,-0.13750000000000662,1
g,pooled,4389,,-0.13750000000000662,1
g,pooled,4390,,-0.13750000000000662,1
g,pooled,4391,,-0.13750000000000662,1
g,pooled,4392,,-0.13750000000000662,1
g,pooled,4393,,-0.13750000000000662,1
g,pooled,4394,,-0.13750000000000662,1
g,pooled,4395,,-0.13750000000000662,1
g,pooled,4396,,-0.13750000000000662,1
g,pooled,4397,,-0.13750000000000662,1
g,pooled,4398,,-0.13750000000000662,1
g,pooled,4399,,-0.13750000000000662,1
g,pooled,4400,,-0.13750000000000662,1
g,pooled,4401,,-0.13750000000000662,1
g,pooled,4402,,-0.13750000000000662,1
g,pooled,4403,,-0.13750000000000662,1
g,pooled,4404,,-0.13750000000000662,1
g,pooled,4405,,-0.13750000000000662,1
g,pooled,4406,,-0.13750000000000662,1
g,pooled,4407,,-0.13750000000000662,1
g,pooled,4408,,-0.13750000000000662,1
g,pooled,4409,,-0.13750000000000662,1
g,pooled,4410,,-0.13750000000000662,1
g,pooled,4411,,-0.13750000000000662,1
g,pooled,4412,,-0.13750000000000662,1
g,pooled,4413,,-0.13750000000000662,1
g,pooled,4414,,-0.13750000000000662,1
g,pooled,4415,,-0.13750000000000662,1
g,pooled,4416,,-0.13750000000000662,1
g,pooled,4417,,-0.13750000000000662,1
g,pooled,4418,,-0.13750000000000662,1
g,pooled,4419,,-0.13750000000000662,1
g,pooled,4420,,-0.13750000000000662,1
g,pooled,4421,,-0.13750000000000662,1
g,pooled,4422,,-0.13750000000000662,1
g,pooled,4423,,-0.13750000000000662,1
g,pooled,4424,,-0.13750000000000662,1
g,pooled,4425,,-0.13750000000000662,1
g,pooled,4426,,-0.13750000000000662,1
g,pooled,4427,,-0.13750000000000662,1
g,pooled,4428,,-0.13750000000000662,1
g,pooled,4429,,-0.13750000000000662,1
g,pooled,4430,,-0.13750000000000662,1
g,pooled,4431,,-0.13750000000000662,1
g,pooled,4432,,-0.13750000000000662,1
g,pooled,4433,,-0.13750000000000662,1
g,pooled,4434,,-0.13750000000000662,1
g,pooled,4435,,-0.13750000000000662,1
g,pooled,4436,,-0.13750000000000662,1
g,pooled,4437,,-0.13750000000000662,1
g,pooled,4438,,-0.13750000000000662,1
g,pooled,4439,,-0.13750000000000662,1
g,pooled,4440,,-0.13750000000000662,1
g,pooled,4441,,-0.13750000000000662,1
g,pooled,4442,,-0.13750000000000662,1
g,pooled,4443,,-0.13750000000000662,1
g,pooled,4444,,-0.13750000000000662,1
g,pooled,4445,,-0.13750000000000662,1
g,pooled,4446,,-0.13750000000000662,1
g,pooled,4447,,-0.13750000000000662,1
g,pooled,4448,,-0.13750000000000662,1
g,pooled,4449,,-0.13750000000000662,1
g,pooled,4450,,-0.13750000000000662,1
g,pooled,4451,,-0.13750000000000662,1
g,pooled,4452,,-0.13750000000000662,1
g,pooled,4453,,-0.13750000000000662,1
g,pooled,4454,,-0.13750000000000662,1
g,pooled,4455,,-0.13750000000000662,1
g,pooled,4456,,-0.13750000000000662,1
g,pooled,4457,,-0.13750000000000662,1
g,pooled,4458,,-0.13750000000000662,1
g,pooled,4459,,-0.13750000000000662,1
g,pooled,4460,,-0.13750000000000662,1
g,pooled,4461,,-0.13750000000000662,1
g,pooled,4462,,-0.13750000000000662,1
g,pooled,4463,,-0.13750000000000662,1
g,pooled,4464,,-0.13750000000000662,1
g,pooled,4465,,-0.13750000000000662,1
g,pooled,4466,,-0.13750000000000662,1
g,pooled,4467,,-0.13750000000000662,1
g,pooled,4468,,-0.13750000000000662,1
g,pooled,4469,,-0.13750000000000662,1
g,pooled,4470,,-0.13750000000000662,1
g,pooled,4471,,-0.13750000000000662,1
g,pooled,4472,,-0.13750000000000662,1
g,pooled,4473,,-0.13750000000000662,1
g,pooled,4474,,-0.13750000000000662,1
g,pooled,4475,,-0.13750000000000662,1
g,pooled,4476,,-0.13750000000000662,1
g,pooled,4477,,-0.13750000000000662,1
g,pooled,4478,,-0.13750000000000662,1
g,pooled,4479,,-0.13750000000000662,1
g,pooled,4480,,-0.13750000000000662,1
g,pooled,4481,,-0.13750000000000662,1
g,pooled,4482,,-0.13750000000000662,1
g,pooled,4483,,-0.13750000000000662,1
g,pooled,4484,,-0.13750000000000662,1
g,pooled,4485,,-0.13750000000000662,1
g,pooled,4486,,-0.13750000000000662,1
g,pooled,4487,,-0.13750000000000662,1
g,pooled,4488,,-0.13750000000000662,1
g,pooled,4489,,-0.13750000000000662,1
g,pooled,4490,,-0.13750000000000662,1
g,pooled,4491,,-0.13750000000000662,1
g,pooled,4492,,-0.13750000000000662,1
g,pooled,4493,,-0.13750000000000662,1
g,pooled,4494,,-0.13750000000000662,1
g,pooled,4495,,-0.13750000000000662,1
g,pooled,4496,,-0.13750000000000662,1
g,pooled,4497,,-0.13750000000000662,1
g,pooled,4498,,-0.13750000000000662,1
g,pooled,4499,,-0.13750000000000662,1
g,pooled,4500,,-0.13750000000000662,1
g,pooled,4501,,-0.13750000000000662,1
g,pooled,4502,,-0.13750000000000662,1
g,pooled,4503,,-0.13750000000000662,1
g,pooled,4504,,-0.13750000000000662,1
g,pooled,4505,,-0.13750000000000662,1
g,pooled,4506,,-0.13750000000000662,1
g,pooled,4507,,-0.13750000000000662,1
g,pooled,4508,,-0.13750000000000662,1
g,pooled,4509,,-0.13750000000000662,1
g,pooled,4510,,-0.13750000000000662,1
g,pooled,4511,,-0.13750000000000662,1
g,pooled,4512,,-0.13750000000000662,1
g,pooled,4513,,-0.13750000000000662,1
g,pooled,4514,,-0.13750000000000662,1
g,pooled,4515,,-0.13750000000000662,1
g,pooled,4516,,-0.13750000000000662,1
g,pooled,4517,,-0.13750000000000662,1
g,pooled,4518,,-0.13750000000000662,1
g,pooled,4519,,-0.13750000000000662,1
g,pooled,4520,,-0.13750000000000662,1
g,pooled,4521,,-0.13750000000000662,1
g,pooled,4522,,-0.13750000000000662,1
g,pooled,4523,,-0.13750000000000662,1
g,pooled,4524,,-0.13750000000000662,1
g,pooled,4525,,-0.13750000000000662,1
g,pooled,4526,,-0.13750000000000662,1
g,pooled,4527,,-0.13750000000000662,1
g,pooled,4528,,-0.13750000000000662,1
g,pooled,4529,,-0.13750000000000662,1
g,pooled,4530,,-0.13750000000000662,1
g,pooled,4531,,-0.13750000000000662,1
g,pooled,4532,,-0.13750000000000662,1
g,pooled,4533,,-0.13750000000000662,1
g,pooled,4534,,-0.13750000000000662,1
g,pooled,4535,,-0.13750000000000662,1
g,pooled,4536,,-0.13750000000000662,1
g,pooled,4537,,-0.13750000000000662,1
g,pooled,4538,,-0.1125000000000067,1
g,pooled,4539,,-0.1125000000000067,1
g,pooled,4540,,-0.1125000000000067,1
g,pooled,4541,,-0.1125000000000067,1
g,pooled,4542,,-0.1125000000000067,1
g,pooled,4543,,-0.1125000000000067,1
g,pooled,4544,,-0.1125000000000067,1
g,pooled,4545,,-0.1125000000000067,1
g,pooled,4546,,-0.1125000000000067,1
g,pooled,4547,,-0.1125000000000067,1
g,pooled,4548,,-0.1125000000000067,1
g,pooled,4549,,-0.1125000000000067,1
g,pooled,4550,,-0.1125000000000067,1
g,pooled,4551,,-0.1125000000000067,1
g,pooled,4552,,-0.1125000000000067,1
g,pooled,4553,,-0.1125000000000067,1
g,pooled,4554,,-0.1125000000000067,1
g,pooled,4555,,-0.1125000000000067,1
g,pooled,4556,,-0.1125000000000067,1
g,pooled,4557,,-0.1125000000000067,1
g,pooled,4558,,-0.1125000000000067,1
g,pooled,4559,,-0.1125000000000067,1
g,pooled,4560,,-0.1125000000000067,1
g,pooled,4561,,-0.1125000000000067,1
g,pooled,4562,,-0.1125000000000067,1
g,pooled,4563,,-0.1125000000000067,1
g,pooled,4564,,-0.1125000000000067,1
g,pooled,4565,,-0.1125000000000067,1
g,pooled,4566,,-0.1125000000000067,1
g,pooled,4567,,-0.1125000000000067,1
g,pooled,4568,,-0.1125000000000067,1
g,pooled,4569,,-0.1125000000000067,1
g,pooled,4570,,-0.1125000000000067,1
g,pooled,4571,,-0.1125000000000067,1
g,pooled,4572,,-0.1125000000000067,1
g,pooled,4573,,-0.1125000000000067,1
g,pooled,4574,,-0.1125000000000067,1
g,pooled,4575,,-0.1125000000000067,1
g,pooled,4576,,-0.1125000000000067,1
g,pooled,4577,,-0.1125000000000067,1
g,pooled,4578,,-0.1125000000000067,1
g,pooled,4579,,-0.1125000000000067,1
g,pooled,4580,,-0.1125000000000067,1
g,pooled,4581,,-0.1125000000000067,1
g,pooled,4582,,-0.1125000000000067,1
g,pooled,4583,,-0.1125000000000067,1
g,pooled,4584,,-0.1125000000000067,1
g,pooled,4585,,-0.1125000000000067,1
g,pooled,4586,,-0.1125000000000067,1
g,pooled,4587,,-0.1125000000000067,1
g,pooled,4588,,-0.1125000000000067,1
g,pooled,4589,,-0.1125000000000067,1
g,pooled,4590,,-0.1125000000000067,1
g,pooled,4591,,-0.1125000000000067,1
g,pooled,4592,,-0.1125000000000067,1
g,pooled,4593,,-0.1125000000000067,1
g,pooled,4594,,-0.1125000000000067,1
g,pooled,4595,,-0.1125000000000067,1
g,pooled,4596,,-0.1125000000000067,1
g,pooled,4597,,-0.1125000000000067,1
g,pooled,4598,,-0.1125000000000067,1
g,pooled,4599,,-0.1125000000000067,1
g,pooled,4600,,-0.1125000000000067,1
g,pooled,4601,,-0.1125000000000067,1
g,pooled,4602,,-0.1125000000000067,1
g,pooled,4603,,-0.1125000000000067,1
g,pooled,4604,,-0.1125000000000067,1
g,pooled,4605,,-0.1125000000000067,1
g,pooled,4606,,-0.1125000000000067,1
g,pooled,4607,,-0.1125000000000067,1
g,pooled,4608,,-0.1125000000000067,1
g,pooled,4609,,-0.1125000000000067,1
g,pooled,4610,,-0.1125000000000067,1
g,pooled,4611,,-0.1125000000000067,1
g,pooled,4612,,-0.1125000000000067,1
g,pooled,4613,,-0.1125000000000067,1
g,pooled,4614,,-0.1125000000000067,1
g,pooled,4615,,-0.1125000000000067,1
g,pooled,4616,,-0.1125000000000067,1
g,pooled,4617,,-0.1125000000000067,1
g,pooled,4618,,-0.1125000000000067,1
g,pooled,4619,,-0.1125000000000067,1
g,pooled,4620,,-0.1125000000000067,1
g,pooled,4621,,-0.1125000000000067,1
g,pooled,4622,,-0.1125000000000067,1
g,pooled,4623,,-0.1125000000000067,1
g,pooled,4624,,-0.1125000000000067,1
g,pooled,4625,,-0.1125000000000067,1
g,pooled,4626,,-0.1125000000000067,1
g,pooled,4627,,-0.1125000000000067,1
g,pooled,4628,,-0.1125000000000067,1
g,pooled,4629,,-0.1125000000000067,1
g,pooled,4630,,-0.1125000000000067,1
g,pooled,4631,,-0.1125000000000067,1
g,pooled,4632,,-0.1125000000000067,1
g,pooled,4633,,-0.1125000000000067,1
g,pooled,4634,,-0.1125000000000067,1
g,pooled,4635,,-0.1125000000000067,1
g,pooled,4636,,-0.1125000000000067,1
g,pooled,4637,,-0.1125000000000067,1
g,pooled,4638,,-0.1125000000000067,1
g,pooled,4639,,-0.1125000000000067,1
g,pooled,4640,,-0.1125000000000067,1
g,pooled,4641,,-0.1125000000000067,1
g,pooled,4642,,-0.1125000000000067,1
g,pooled,4643,,-0.1125000000000067,1
g,pooled,4644,,-0.1125000000000067,1
g,pooled,4645,,-0.1125000000000067,1
g,pooled,4646,,-0.1125000000000067,1
g,pooled,4647,,-0.1125000000000067,1
g,pooled,4648,,-0.1125000000000067,1
g,pooled,4649,,-0.1125000000000067,1
g,pooled,4650,,-0.1125000000000067,1
g,pooled,4651,,-0.1125000000000067,1
g,pooled,4652,,-0.1125000000000067,1
g,pooled,4653,,-0.1125000000000067,1
g,pooled,4654,,-0.1125000000000067,1
g,pooled,4655,,-0.1125000000000067,1
g,pooled,4656,,-0.1125000000000067,1
g,pooled,4657,,-0.1125000000000067,1
g,pooled,4658,,-0.1125000000000067,1
g,pooled,4659,,-0.1125000000000067,1
g,pooled,4660,,-0.1125000000000067,1
g,pooled,4661,,-0.1125000000000067,1
g,pooled,4662,,-0.1125000000000067,1
g,pooled,4663,,-0.1125000000000067,1
g,pooled,4664,,-0.1125000000000067,1
g,pooled,4665,,-0.1125000000000067,1
g,pooled,4666,,-0.1125000000000067,1
g,pooled,4667,,-0.1125000000000067,1
g,pooled,4668,,-0.1125000000000067,1
g,pooled,4669,,-0.1125000000000067,1
g,pooled,4670,,-0.1125000000000067,1
g,pooled,4671,,-0.1125000000000067,1
g,pooled,4672,,-0.1125000000000067,1
g,pooled,4673,,-0.1125000000000067,1
g,pooled,4674,,-0.1125000000000067,1
g,pooled,4675,,-0.1125000000000067,1
g,pooled,4676,,-0.1125000000000067,1
g,pooled,4677,,-0.1125000000000067,1
g,pooled,4678,,-0.1125000000000067,1
g,pooled,4679,,-0.1125000000000067,1
g,pooled,4680,,-0.1125000000000067,1
g,pooled,4681,,-0.1125000000000067,1
g,pooled,4682,,-0.1125000000000067,1
g,pooled,4683,,-0.1125000000000067,1
g,pooled,4684,,-0.1125000000000067,1
g,pooled,4685,,-0.1125000000000067,1
g,pooled,4686,,-0.1125000000000067,1
g,pooled,4687,,-0.1125000000000067,1
g,pooled,4688,,-0.1125000000000067,1
g,pooled,4689,,-0.1125000000000067,1
g,pooled,4690,,-0.1125000000000067,1
g,pooled,4691,,-0.1125000000000067,1
g,pooled,4692,,-0.1125000000000067,1
g,pooled,4693,,-0.1125000000000067,1
g,pooled,4694,,-0.1125000000000067,1
g,pooled,4695,,-0.1125000000000067,1
g,pooled,4696,,-0.1125000000000067,1
g,pooled,4697,,-0.1125000000000067,1
g,pooled,4698,,-0.1125000000000067,1
g,pooled,4699,,-0.1125000000000067,1
g,pooled,4700,,-0.1125000000000067,1
g,pooled,4701,,-0.1125000000000067,1
g,pooled,4702,,-0.1125000000000067,1
g,pooled,4703,,-0.1125000000000067,1
g,pooled,4704,,-0.1125000000000067,1
g,pooled,4705,,-0.1125000000000067,1
g,pooled,4706,,-0.1125000000000067,1
g,pooled,4707,,-0.1125000000000067,1
g,pooled,4708,,-0.1125000000000067,1
g,pooled,4709,,-0.1125000000000067,1
g,pooled,4710,,-0.1125000000000067,1
g,pooled,4711,,-0.1125000000000067,1
g,pooled,4712,,-0.1125000000000067,1
g,pooled,4713,,-0.1125000000000067,1
g,pooled,4714,,-0.1125000000000067,1
g,pooled,4715,,-0.1125000000000067,1
g,pooled,4716,,-0.1125000000000067,1
g,pooled,4717,,-0.1125000000000067,1
g,pooled,4718,,-0.1125000000000067,1
g,pooled,4719,,-0.1125000000000067,1
g,pooled,4720,,-0.1125000000000067,1
g,pooled,4721,,-0.1125000000000067,1
g,pooled,4722,,-0.1125000000000067,1
g,pooled,4723,,-0.1125000000000067,1
g,pooled,4724,,-0.1125000000000067,1
g,pooled,4725,,-0.1125000000000067,1
g,pooled,4726,,-0.1125000000000067,1
g,pooled,4727,,-0.1125000000000067,1
g,pooled,4728,,-0.1125000000000067,1
g,pooled,4729,,-0.1125000000000067,1
g,pooled,4730,,-0.1125000000000067,1
g,pooled,4731,,-0.1125000000000067,1
g,pooled,4732,,-0.1125000000000067,1
g,pooled,4733,,-0.1125000000000067,1
g,pooled,4734,,-0.1125000000000067,1
g,pooled,4735,,-0.1125000000000067,1
g,pooled,4736,,-0.1125000000000067,1
g,pooled,4737,,-0.1125000000000067,1
g,pooled,4738,,-0.1125000000000067,1
g,pooled,4739,,-0.1125000000000067,1
g,pooled,4740,,-0.1125000000000067,1
g,pooled,4741,,-0.1125000000000067,1
g,pooled,4742,,-0.1125000000000067,1
g,pooled,4743,,-0.1125000000000067,1
g,pooled,4744,,-0.1125000000000067,1
g,pooled,4745,,-0.1125000000000067,1
g,pooled,4746,,-0.1125000000000067,1
g,pooled,4747,,-0.1125000000000067,1
g,pooled,4748,,-0.1125000000000067,1
g,pooled,4749,,-0.1125000000000067,1
g,pooled,4750,,-0.1125000000000067,1
g,pooled,4751,,-0.1125000000000067,1
g,pooled,4752,,-0.1125000000000067,1
g,pooled,4753,,-0.1125000000000067,1
g,pooled,4754,,-0.1125000000000067,1
g,pooled,4755,,-0.1125000000000067,1
g,pooled,4756,,-0.1125000000000067,1
g,pooled,4757,,-0.1125000000000067,1
g,pooled,4758,,-0.1125000000000067,1
g,pooled,4759,,-0.1125000000000067,1
g,pooled,4760,,-0.1125000000000067,1
g,pooled,4761,,-0.1125000000000067,1
g,pooled,4762,,-0.1125000000000067,1
g,pooled,4763,,-0.1125000000000067,1
g,pooled,4764,,-0.1125000000000067,1
g,pooled,4765,,-0.1125000000000067,1
g,pooled,4766,,-0.1125000000000067,1
g,pooled,4767,,-0.1125000000000067,1
g,pooled,4768,,-0.1125000000000067,1
g,pooled,4769,,-0.1125000000000067,1
g,pooled,4770,,-0.1125000000000067,1
g,pooled,4771,,-0.1125000000000067,1
g,pooled,4772,,-0.1125000000000067,1
g,pooled,4773,,-0.1125000000000067,1
g,pooled,4774,,-0.1125000000000067,1
g,pooled,4775,,-0.1125000000000067,1
g,pooled,4776,,-0.1125000000000067,1
g,pooled,4777,,-0.1125000000000067,1
g,pooled,4778,,-0.1125000000000067,1
g,pooled,4779,,-0.1125000000000067,1
g,pooled,4780,,-0.1125000000000067,1
g,pooled,4781,,-0.1125000000000067,1
g,pooled,4782,,-0.1125000000000067,1
g,pooled,4783,,-0.1125000000000067,1
g,pooled,4784,,-0.1125000000000067,1
g,pooled,4785,,-0.1125000000000067,1
g,pooled,4786,,-0.1125000000000067,1
g,pooled,4787,,-0.1125000000000067,1
g,pooled,4788,,-0.1125000000000067,1
g,pooled,4789,,-0.1125000000000067,1
g,pooled,4790,,-0.1125000000000067,1
g,pooled,4791,,-0.1125000000000067,1
g,pooled,4792,,-0.1125000000000067,1
g,pooled,4793,,-0.1125000000000067,1
g,pooled,4794,,-0.1125000000000067,1
g,pooled,4795,,-0.1125000000000067,1
g,pooled,4796,,-0.1125000000000067,1
g,pooled,4797,,-0.1125000000000067,1
g,pooled,4798,,-0.1125000000000067,1
g,pooled,4799,,-0.1125000000000067,1
g,pooled,4800,,-0.1125000000000067,1
g,pooled,4801,,-0.1125000000000067,1
g,pooled,4802,,-0.1125000000000067,1
g,pooled,4803,,-0.1125000000000067,1
g,pooled,4804,,-0.0875000000000068,1
g,pooled,4805,,-0.0875000000000068,1
g,pooled,4806,,-0.0875000000000068,1
g,pooled,4807,,-0.0875000000000068,1
g,pooled,4808,,-0.0875000000000068,1
g,pooled,4809,,-0.0875000000000068,1
g,pooled,4810,,-0.0875000000000068,1
g,pooled,4811,,-0.0875000000000068,1
g,pooled,4812,,-0.0875000000000068,1
g,pooled,4813,,-0.0875000000000068,1
g,pooled,4814,,-0.0875000000000068,1
g,pooled,4815,,-0.0875000000000068,1
g,pooled,4816,,-0.0875000000000068,1
g,pooled,4817,,-0.0875000000000068,1
g,pooled,4818,,-0.0875000000000068,1
g,pooled,4819,,-0.0875000000000068,1
g,pooled,4820,,-0.0875000000000068,1
g,pooled,4821,,-0.0875000000000068,1
g,pooled,4822,,-0.0875000000000068,1
g,pooled,4823,,-0.0875000000000068,1
g,pooled,4824,,-0.0875000000000068,1
g,pooled,4825,,-0.0875000000000068,1
g,pooled,4826,,-0.0875000000000068,1
g,pooled,4827,,-0.0875000000000068,1
g,pooled,4828,,-0.0875000000000068,1
g,pooled,4829,,-0.0875000000000068,1
g,pooled,4830,,-0.0875000000000068,1
g,pooled,4831,,-0.0875000000000068,1
g,pooled,4832,,-0.0875000000000068,1
g,pooled,4833,,-0.0875000000000068,1
g,pooled,4834,,-0.0875000000000068,1
g,pooled,4835,,-0.0875000000000068,1
g,pooled,4836,,-0.0875000000000068,1
g,pooled,4837,,-0.0875000000000068,1
g,pooled,4838,,-0.0875000000000068,1
g,pooled,4839,,-0.0875000000000068,1
g,pooled,4840,,-0.0875000000000068,1
g,pooled,4841,,-0.0875000000000068,1
g,pooled,4842,,-0.0875000000000068,1
g,pooled,4843,,-0.0875000000000068,1
g,pooled,4844,,-0.0875000000000068,1
g,pooled,4845,,-0.0875000000000068,1
g,pooled,4846,,-0.0875000000000068,1
g,pooled,4847,,-0.0875000000000068,1
g,pooled,4848,,-0.0875000000000068,1
g,pooled,4849,,-0.0875000000000068,1
g,pooled,4850,,-0.0875000000000068,1
g,pooled,4851,,-0.0875000000000068,1
g,pooled,4852,,-0.0875000000000068,1
g,pooled,4853,,-0.0875000000000068,1
g,pooled,4854,,-0.0875000000000068,1
g,pooled,4855,,-0.0875000000000068,1
g,pooled,4856,,-0.0875000000000068,1
g,pooled,4857,,-0.0875000000000068,1
g,pooled,4858,,-0.0875000000000068,1
g,pooled,4859,,-0.0875000000000068,1
g,pooled,4860,,-0.0875000000000068,1
g,pooled,4861,,-0.0875000000000068,1
g,pooled,4862,,-0.0875000000000068,1
g,pooled,4863,,-0.0875000000000068,1
g,pooled,4864,,-0.0875000000000068,1
g,pooled,4865,,-0.0875000000000068,1
g,pooled,4866,,-0.0875000000000068,1
g,pooled,4867,,-0.0875000000000068,1
g,pooled,4868,,-0.0875000000000068,1
g,pooled,4869,,-0.0875000000000068,1
g,pooled,4870,,-0.0875000000000068,1
g,pooled,4871,,-0.0875000000000068,1
g,pooled,4872,,-0.0875000000000068,1
g,pooled,4873,,-0.0875000000000068,1
g,pooled,4874,,-0.0875000000000068,1
g,pooled,4875,,-0.0875000000000068,1
g,pooled,4876,,-0.0875000000000068,1
g,pooled,4877,,-0.0875000000000068,1
g,pooled,4878,,-0.0875000000000068,1
g,pooled,4879,,-0.0875000000000068,1
g,pooled,4880,,-0.0875000000000068,1
g,pooled,4881,,-0.0875000000000068,1
g,pooled,4882,,-0.0875000000000068,1
g,pooled,4883,,-0.0875000000000068,1
g,pooled,4884,,-0.0875000000000068,1
g,pooled,4885,,-0.0875000000000068,1
g,pooled,4886,,-0.0875000000000068,1
g,pooled,4887,,-0.0875000000000068,1
g,pooled,4888,,-0.0875000000000068,1
g,pooled,4889,,-0.0875000000000068,1
g,pooled,4890,,-0.0875000000000068,1
g,pooled,4891,,-0.0875000000000068,1
g,pooled,4892,,-0.0875000000000068,1
g,pooled,4893,,-0.0875000000000068,1
g,pooled,4894,,-0.0875000000000068,1
g,pooled,4895,,-0.0875000000000068,1
g,pooled,4896,,-0.0875000000000068,1
g,pooled,4897,,-0.0875000000000068,1
g,pooled,4898,,-0.0875000000000068,1
g,pooled,4899,,-0.0875000000000068,1
g,pooled,4900,,-0.0875000000000068,1
g,pooled,4901,,-0.0875000000000068,1
g,pooled,4902,,-0.0875000000000068,1
g,pooled,4903,,-0.0875000000000068,1
g,pooled,4904,,-0.0875000000000068,1
g,pooled,4905,,-0.0875000000000068,1
g,pooled,4906,,-0.0875000000000068,1
g,pooled,4907,,-0.0875000000000068,1
g,pooled,4908,,-0.0875000000000068,1
g,pooled,4909,,-0.0875000000000068,1
g,pooled,4910,,-0.0875000000000068,1
g,pooled,4911,,-0.0875000000000068,1
g,pooled,4912,,-0.0875000000000068,1
g,pooled,4913,,-0.0875000000000068,1
g,pooled,4914,,-0.0875000000000068,1
g,pooled,4915,,-0.0875000000000068,1
g,pooled,4916,,-0.0875000000000068,1
g,pooled,4917,,-0.0875000000000068,1
g,pooled,4918,,-0.0875000000000068,1
g,pooled,4919,,-0.0875000000000068,1
g,pooled,4920,,-0.0875000000000068,1
g,pooled,4921,,-0.0875000000000068,1
g,pooled,4922,,-0.0875000000000068,1
g,pooled,4923,,-0.0875000000000068,1
g,pooled,4924,,-0.0875000000000068,1
g,pooled,4925,,-0.0875000000000068,1
g,pooled,4926,,-0.0875000000000068,1
g,pooled,4927,,-0.0875000000000068,1
g,pooled,4928,,-0.0875000000000068,1
g,pooled,4929,,-0.0875000000000068,1
g,pooled,4930,,-0.0875000000000068,1
g,pooled,4931,,-0.0875000000000068,1
g,pooled,4932,,-0.0875000000000068,1
g,pooled,4933,,-0.0875000000000068,1
g,pooled,4934,,-0.0875000000000068,1
g,pooled,4935,,-0.0875000000000068,1
g,pooled,4936,,-0.0875000000000068,1
g,pooled,4937,,-0.0875000000000068,1
g,pooled,4938,,-0.0875000000000068,1
g,pooled,4939,,-0.0875000000000068,1
g,pooled,4940,,-0.0875000000000068,1
g,pooled,4941,,-0.0875000000000068,1
g,pooled,4942,,-0.0875000000000068,1
g,pooled,4943,,-0.0875000000000068,1
g,pooled,4944,,-0.0875000000000068,1
g,pooled,4945,,-0.0875000000000068,1
g,pooled,4946,,-0.0875000000000068,1
g,pooled,4947,,-0.0875000000000068,1
g,pooled,4948,,-0.0875000000000068,1
g,pooled,4949,,-0.0875000000000068,1
g,pooled,4950,,-0.0875000000000068,1
g,pooled,4951,,-0.0875000000000068,1
g,pooled,4952,,-0.0875000000000068,1
g,pooled,4953,,-0.0875000000000068,1
g,pooled,4954,,-0.0875000000000068,1
g,pooled,4955,,-0.0875000000000068,1
g,pooled,4956,,-0.0875000000000068,1
g,pooled,4957,,-0.0875000000000068,1
g,pooled,4958,,-0.0875000000000068,1
g,pooled,4959,,-0.0875000000000068,1
g,pooled,4960,,-0.0875000000000068,1
g,pooled,4961,,-0.0875000000000068,1
g,pooled,4962,,-0.0875000000000068,1
g,pooled,4963,,-0.0875000000000068,1
g,pooled,4964,,-0.0875000000000068,1
g,pooled,4965,,-0.0875000000000068,1
g,pooled,4966,,-0.0875000000000068,1
g,pooled,4967,,-0.0875000000000068,1
g,pooled,4968,,-0.0875000000000068,1
g,pooled,4969,,-0.0875000000000068,1
g,pooled,4970,,-0.0875000000000068,1
g,pooled,4971,,-0.0875000000000068,1
g,pooled,4972,,-0.0875000000000068,1
g,pooled,4973,,-0.0875000000000068,1
g,pooled,4974,,-0.0875000000000068,1
g,pooled,4975,,-0.0875000000000068,1
g,pooled,4976,,-0.0875000000000068,1
g,pooled,4977,,-0.0875000000000068,1
g,pooled,4978,,-0.0875000000000068,1
g,pooled,4979,,-0.0875000000000068,1
g,pooled,4980,,-0.0875000000000068,1
g,pooled,4981,,-0.0875000000000068,1
g,pooled,4982,,-0.0875000000000068,1
g,pooled,4983,,-0.0875000000000068,1
g,pooled,4984,,-0.0875000000000068,1
g,pooled,4985,,-0.0875000000000068,1
g,pooled,4986,,-0.0875000000000068,1
g,pooled,4987,,-0.0875000000000068,1
g,pooled,4988,,-0.0875000000000068,1
g,pooled,4989,,-0.0875000000000068,1
g,pooled,4990,,-0.0875000000000068,1
g,pooled,4991,,-0.0875000000000068,1
g,pooled,4992,,-0.0875000000000068,1
g,pooled,4993,,-0.0875000000000068,1
g,pooled,4994,,-0.0875000000000068,1
g,pooled,4995,,-0.0875000000000068,1
g,pooled,4996,,-0.0875000000000068,1
g,pooled,4997,,-0.0875000000000068,1
g,pooled,4998,,-0.0875000000000068,1
g,pooled,4999,,-0.0875000000000068,1
g,pooled,5000,,-0.0875000000000068,1
g,pooled,5001,,-0.0875000000000068,1
g,pooled,5002,,-0.0875000000000068,1
g,pooled,5003,,-0.0875000000000068,1
g,pooled,5004,,-0.0875000000000068,1
g,pooled,5005,,-0.0875000000000068,1
g,pooled,5006,,-0.0875000000000068,1
g,pooled,5007,,-0.0875000000000068,1
g,pooled,5008,,-0.0875000000000068,1
g,pooled,5009,,-0.0875000000000068,1
g,pooled,5010,,-0.0875000000000068,1
g,pooled,5011,,-0.0875000000000068,1
g,pooled,5012,,-0.0875000000000068,1
g,pooled,5013,,-0.0875000000000068,1
g,pooled,5014,,-0.0875000000000068,1
g,pooled,5015,,-0.0875000000000068,1
g,pooled,5016,,-0.0875000000000068,1
g,pooled,5017,,-0.0875000000000068,1
g,pooled,5018,,-0.0875000000000068,1
g,pooled,5019,,-0.0875000000000068,1
g,pooled,5020,,-0.0875000000000068,1
g,pooled,5021,,-0.0875000000000068,1
g,pooled,5022,,-0.0875000000000068,1
g,pooled,5023,,-0.0875000000000068,1
g,pooled,5024,,-0.0875000000000068,1
g,pooled,5025,,-0.0875000000000068,1
g,pooled,5026,,-0.0875000000000068,1
g,pooled,5027,,-0.0875000000000068,1
g,pooled,5028,,-0.0875000000000068,1
g,pooled,5029,,-0.0875000000000068,1
g,pooled,5030,,-0.0875000000000068,1
g,pooled,5031,,-0.0875000000000068,1
g,pooled,5032,,-0.0875000000000068,1
g,pooled,5033,,-0.0875000000000068,1
g,pooled,5034,,-0.0875000000000068,1
g,pooled,5035,,-0.0875000000000068,1
g,pooled,5036,,-0.0875000000000068,1
g,pooled,5037,,-0.0875000000000068,1
g,pooled,5038,,-0.0875000000000068,1
g,pooled,5039,,-0.0875000000000068,1
g,pooled,5040,,-0.0875000000000068,1
g,pooled,5041,,-0.0875000000000068,1
g,pooled,5042,,-0.0875000000000068,1
g,pooled,5043,,-0.0875000000000068,1
g,pooled,5044,,-0.0875000000000068,1
g,pooled,5045,,-0.0875000000000068,1
g,pooled,5046,,-0.0875000000000068,1
g,pooled,5047,,-0.0875000000000068,1
g,pooled,5048,,-0.0875000000000068,1
g,pooled,5049,,-0.0875000000000068,1
g,pooled,5050,,-0.0875000000000068,1
g,pooled,5051,,-0.0875000000000068,1
g,pooled,5052,,-0.0875000000000068,1
g,pooled,5053,,-0.0875000000000068,1
g,pooled,5054,,-0.0875000000000068,1
g,pooled,5055,,-0.0875000000000068,1
g,pooled,5056,,-0.0875000000000068,1
g,pooled,5057,,-0.0875000000000068,1
g,pooled,5058,,-0.0875000000000068,1
g,pooled,5059,,-0.0875000000000068,1
g,pooled,5060,,-0.0875000000000068,1
g,pooled,5061,,-0.0875000000000068,1
g,pooled,5062,,-0.0875000000000068,1
g,pooled,5063,,-0.0875000000000068,1
g,pooled,5064,,-0.0875000000000068,1
g,pooled,5065,,-0.0875000000000068,1
g,pooled,5066,,-0.0875000000000068,1
g,pooled,5067,,-0.0875000000000068,1
g,pooled,5068,,-0.0875000000000068,1
g,pooled,5069,,-0.0875000000000068,1
g,pooled,5070,,-0.0875000000000068,1
g,pooled,5071,,-0.0875000000000068,1
g,pooled,5072,,-0.0875000000000068,1
g,pooled,5073,,-0.0875000000000068,1
g,pooled,5074,,-0.0875000000000068,1
g,pooled,5075,,-0.0875000000000068,1
g,pooled,5076,,-0.0875000000000068,1
g,pooled,5077,,-0.06250000000000688,1
g,pooled,5078,,-0.06250000000000688,1
g,pooled,5079,,-0.06250000000000688,1
g,pooled,5080,,-0.06250000000000688,1
g,pooled,5081,,-0.06250000000000688,1
g,pooled,5082,,-0.06250000000000688,1
g,pooled,5083,,-0.06250000000000688,1
g,pooled,5084,,-0.06250000000000688,1
g,pooled,5085,,-0.06250000000000688,1
g,pooled,5086,,-0.06250000000000688,1
g,pooled,5087,,-0.06250000000000688,1
g,pooled,5088,,-0.06250000000000688,1
g,pooled,5089,,-0.06250000000000688,1
g,pooled,5090,,-0.06250000000000688,1
g,pooled,5091,,-0.06250000000000688,1
g,pooled,5092,,-0.06250000000000688,1
g,pooled,5093,,-0.06250000000000688,1
g,pooled,5094,,-0.06250000000000688,1
g,pooled,5095,,-0.06250000000000688,1
g,pooled,5096,,-0.06250000000000688,1
g,pooled,5097,,-0.06250000000000688,1
g,pooled,5098,,-0.06250000000000688,1
g,pooled,5099,,-0.06250000000000688,1
g,pooled,5100,,-0.06250000000000688,1
g,pooled,5101,,-0.06250000000000688,1
g,pooled,5102,,-0.06250000000000688,1
g,pooled,5103,,-0.06250000000000688,1
g,pooled,5104,,-0.06250000000000688,1
g,pooled,5105,,-0.06250000000000688,1
g,pooled,5106,,-0.06250000000000688,1
g,pooled,5107,,-0.06250000000000688,1
g,pooled,5108,,-0.06250000000000688,1
g,pooled,5109,,-0.06250000000000688,1
g,pooled,5110,,-0.06250000000000688,1
g,pooled,5111,,-0.06250000000000688,1
g,pooled,5112,,-0.06250000000000688,1
g,pooled,5113,,-0.06250000000000688,1
g,pooled,5114,,-0.06250000000000688,1
g,pooled,5115,,-0.06250000000000688,1
g,pooled,5116,,-0.06250000000000688,1
g,pooled,5117,,-0.06250000000000688,1
g,pooled,5118,,-0.06250000000000688,1
g,pooled,5119,,-0.06250000000000688,1
g,pooled,5120,,-0.06250000000000688,1
g,pooled,5121,,-0.06250000000000688,1
g,pooled,5122,,-0.06250000000000688,1
g,pooled,5123,,-0.06250000000000688,1
g,pooled,5124,,-0.06250000000000688,1
g,pooled,5125,,-0.06250000000000688,1
g,pooled,5126,,-0.06250000000000688,1
g,pooled,5127,,-0.06250000000000688,1
g,pooled,5128,,-0.06250000000000688,1
g,pooled,5129,,-0.06250000000000688,1
g,pooled,5130,,-0.06250000000000688,1
g,pooled,5131,,-0.06250000000000688,1
g,pooled,5132,,-0.06250000000000688,1
g,pooled,5133,,-0.06250000000000688,1
g,pooled,5134,,-0.06250000000000688,1
g,pooled,5135,,-0.06250000000000688,1
g,pooled,5136,,-0.06250000000000688,1
g,pooled,5137,,-0.06250000000000688,1
g,pooled,5138,,-0.06250000000000688,1
g,pooled,5139,,-0.06250000000000688,1
g,pooled,5140,,-0.06250000000000688,1
g,pooled,5141,,-0.06250000000000688,1
g,pooled,5142,,-0.06250000000000688,1
g,pooled,5143,,-0.06250000000000688,1
g,pooled,5144,,-0.06250000000000688,1
g,pooled,5145,,-0.06250000000000688,1
g,pooled,5146,,-0.06250000000000688,1
g,pooled,5147,,-0.06250000000000688,1
g,pooled,5148,,-0.06250000000000688,1
g,pooled,5149,,-0.06250000000000688,1
g,pooled,5150,,-0.06250000000000688,1
g,pooled,5151,,-0.06250000000000688,1
g,pooled,5152,,-0.06250000000000688,1
g,pooled,5153,,-0.06250000000000688,1
g,pooled,5154,,-0.06250000000000688,1
g,pooled,5155,,-0.06250000000000688,1
g,pooled,5156,,-0.06250000000000688,1
g,pooled,5157,,-0.06250000000000688,1
g,pooled,5158,,-0.06250000000000688,1
g,pooled,5159,,-0.06250000000000688,1
g,pooled,5160,,-0.06250000000000688,1
g,pooled,5161,,-0.06250000000000688,1
g,pooled,5162,,-0.06250000000000688,1
g,pooled,5163,,-0.06250000000000688,1
g,pooled,5164,,-0.06250000000000688,1
g,pooled,5165,,-0.06250000000000688,1
g,pooled,5166,,-0.06250000000000688,1
g,pooled,5167,,-0.06250000000000688,1
g,pooled,5168,,-0.06250000000000688,1
g,pooled,5169,,-0.06250000000000688,1
g,pooled,5170,,-0.06250000000000688,1
g,pooled,5171,,-0.06250000000000688,1
g,pooled,5172,,-0.06250000000000688,1
g,pooled,5173,,-0.06250000000000688,1
g,pooled,5174,,-0.06250000000000688,1
g,pooled,5175,,-0.06250000000000688,1
g,pooled,5176,,-0.06250000000000688,1
g,pooled,5177,,-0.06250000000000688,1
g,pooled,5178,,-0.06250000000000688,1
g,pooled,5179,,-0.06250000000000688,1
g,pooled,5180,,-0.06250000000000688,1
g,pooled,5181,,-0.06250000000000688,1
g,pooled,5182,,-0.06250000000000688,1
g,pooled,5183,,-0.06250000000000688,1
g,pooled,5184,,-0.06250000000000688,1
g,pooled,5185,,-0.06250000000000688,1
g,pooled,5186,,-0.06250000000000688,1
g,pooled,5187,,-0.06250000000000688,1
g,pooled,5188,,-0.06250000000000688,1
g,pooled,5189,,-0.06250000000000688,1
g,pooled,5190,,-0.06250000000000688,1
g,pooled,5191,,-0.06250000000000688,1
g,pooled,5192,,-0.06250000000000688,1
g,pooled,5193,,-0.06250000000000688,1
g,pooled,5194,,-0.06250000000000688,1
g,pooled,5195,,-0.06250000000000688,1
g,pooled,5196,,-0.06250000000000688,1
g,pooled,5197,,-0.06250000000000688,1
g,pooled,5198,,-0.06250000000000688,1
g,pooled,5199,,-0.06250000000000688,1
g,pooled,5200,,-0.06250000000000688,1
g,pooled,5201,,-0.06250000000000688,1
g,pooled,5202,,-0.06250000000000688,1
g,pooled,5203,,-0.06250000000000688,1
g,pooled,5204,,-0.06250000000000688,1
g,pooled,5205,,-0.06250000000000688,1
g,pooled,5206,,-0.06250000000000688,1
g,pooled,5207,,-0.06250000000000688,1
g,pooled,5208,,-0.06250000000000688,1
g,pooled,5209,,-0.06250000000000688,1
g,pooled,5210,,-0.06250000000000688,1
g,pooled,5211,,-0.06250000000000688,1
g,pooled,5212,,-0.06250000000000688,1
g,pooled,5213,,-0.06250000000000688,1
g,pooled,5214,,-0.06250000000000688,1
g,pooled,5215,,-0.06250000000000688,1
g,pooled,5216,,-0.06250000000000688,1
g,pooled,5217,,-0.06250000000000688,1
g,pooled,5218,,-0.06250000000000688,1
g,pooled,5219,,-0.06250000000000688,1
g,pooled,5220,,-0.06250000000000688,1
g,pooled,5221,,-0.06250000000000688,1
g,pooled,5222,,-0.06250000000000688,1
g,pooled,5223,,-0.06250000000000688,1
g,pooled,5224,,-0.06250000000000688,1
g,pooled,5225,,-0.06250000000000688,1
g,pooled,5226,,-0.06250000000000688,1
g,pooled,5227,,-0.06250000000000688,1
g,pooled,5228,,-0.06250000000000688,1
g,pooled,5229,,-0.06250000000000688,1
g,pooled,5230,,-0.06250000000000688,1
g,pooled,5231,,-0.06250000000000688,1
g,pooled,5232,,-0.06250000000000688,1
g,pooled,5233,,-0.06250000000000688,1
g,pooled,5234,,-0.06250000000000688,1
g,pooled,5235,,-0.06250000000000688,1
g,pooled,5236,,-0.06250000000000688,1
g,pooled,5237,,-0.06250000000000688,1
g,pooled,5238,,-0.06250000000000688,1
g,pooled,5239,,-0.06250000000000688,1
g,pooled,5240,,-0.06250000000000688,1
g,pooled,5241,,-0.06250000000000688,1
g,pooled,5242,,-0.06250000000000688,1
g,pooled,5243,,-0.06250000000000688,1
g,pooled,5244,,-0.06250000000000688,1
g,pooled,5245,,-0.06250000000000688,1
g,pooled,5246,,-0.06250000000000688,1
g,pooled,5247,,-0.06250000000000688,1
g,pooled,5248,,-0.06250000000000688,1
g,pooled,5249,,-0.06250000000000688,1
g,pooled,5250,,-0.06250000000000688,1
g,pooled,5251,,-0.06250000000000688,1
g,pooled,5252,,-0.06250000000000688,1
g,pooled,5253,,-0.06250000000000688,1
g,pooled,5254,,-0.06250000000000688,1
g,pooled,5255,,-0.06250000000000688,1
g,pooled,5256,,-0.06250000000000688,1
g,pooled,5257,,-0.06250000000000688,1
g,pooled,5258,,-0.06250000000000688,1
g,pooled,5259,,-0.06250000000000688,1
g,pooled,5260,,-0.06250000000000688,1
g,pooled,5261,,-0.06250000000000688,1
g,pooled,5262,,-0.06250000000000688,1
g,pooled,5263,,-0.06250000000000688,1
g,pooled,5264,,-0.06250000000000688,1
g,pooled,5265,,-0.06250000000000688,1
g,pooled,5266,,-0.06250000000000688,1
g,pooled,5267,,-0.06250000000000688,1
g,pooled,5268,,-0.06250000000000688,1
g,pooled,5269,,-0.06250000000000688,1
g,pooled,5270,,-0.06250000000000688,1
g,pooled,5271,,-0.06250000000000688,1
g,pooled,5272,,-0.06250000000000688,1
g,pooled,5273,,-0.06250000000000688,1
g,pooled,5274,,-0.06250000000000688,1
g,pooled,5275,,-0.06250000000000688,1
g,pooled,5276,,-0.06250000000000688,1
g,pooled,5277,,-0.06250000000000688,1
g,pooled,5278,,-0.06250000000000688,1
g,pooled,5279,,-0.06250000000000688,1
g,pooled,5280,,-0.06250000000000688,1
g,pooled,5281,,-0.06250000000000688,1
g,pooled,5282,,-0.06250000000000688,1
g,pooled,5283,,-0.06250000000000688,1
g,pooled,5284,,-0.06250000000000688,1
g,pooled,5285,,-0.06250000000000688,1
g,pooled,5286,,-0.06250000000000688,1
g,pooled,5287,,-0.06250000000000688,1
g,pooled,5288,,-0.06250000000000688,1
g,pooled,5289,,-0.06250000000000688,1
g,pooled,5290,,-0.06250000000000688,1
g,pooled,5291,,-0.06250000000000688,1
g,pooled,5292,,-0.06250000000000688,1
g,pooled,5293,,-0.06250000000000688,1
g,pooled,5294,,-0.06250000000000688,1
g,pooled,5295,,-0.06250000000000688,1
g,pooled,5296,,-0.06250000000000688,1
g,pooled,5297,,-0.06250000000000688,1
g,pooled,5298,,-0.06250000000000688,1
g,pooled,5299,,-0.06250000000000688,1
g,pooled,5300,,-0.06250000000000688,1
g,pooled,5301,,-0.06250000000000688,1
g,pooled,5302,,-0.06250000000000688,1
g,pooled,5303,,-0.06250000000000688,1
g,pooled,5304,,-0.06250000000000688,1
g,pooled,5305,,-0.06250000000000688,1
g,pooled,5306,,-0.06250000000000688,1
g,pooled,5307,,-0.06250000000000688,1
g,pooled,5308,,-0.06250000000000688,1
g,pooled,5309,,-0.06250000000000688,1
g,pooled,5310,,-0.06250000000000688,1
g,pooled,5311,,-0.06250000000000688,1
g,pooled,5312,,-0.06250000000000688,1
g,pooled,5313,,-0.06250000000000688,1
g,pooled,5314,,-0.06250000000000688,1
g,pooled,5315,,-0.06250000000000688,1
g,pooled,5316,,-0.06250000000000688,1
g,pooled,5317,,-0.06250000000000688,1
g,pooled,5318,,-0.06250000000000688,1
g,pooled,5319,,-0.06250000000000688,1
g,pooled,5320,,-0.06250000000000688,1
g,pooled,5321,,-0.06250000000000688,1
g,pooled,5322,,-0.06250000000000688,1
g,pooled,5323,,-0.06250000000000688,1
g,pooled,5324,,-0.06250000000000688,1
g,pooled,5325,,-0.06250000000000688,1
g,pooled,5326,,-0.06250000000000688,1
g,pooled,5327,,-0.06250000000000688,1
g,pooled,5328,,-0.06250000000000688,1
g,pooled,5329,,-0.06250000000000688,1
g,pooled,5330,,-0.06250000000000688,1
g,pooled,5331,,-0.06250000000000688,1
g,pooled,5332,,-0.06250000000000688,1
g,pooled,5333,,-0.06250000000000688,1
g,pooled,5334,,-0.06250000000000688,1
g,pooled,5335,,-0.06250000000000688,1
g,pooled,5336,,-0.06250000000000688,1
g,pooled,5337,,-0.06250000000000688,1
g,pooled,5338,,-0.06250000000000688,1
g,pooled,5339,,-0.06250000000000688,1
g,pooled,5340,,-0.06250000000000688,1
g,pooled,5341,,-0.06250000000000688,1
g,pooled,5342,,-0.06250000000000688,1
g,pooled,5343,,-0.06250000000000688,1
g,pooled,5344,,-0.06250000000000688,1
g,pooled,5345,,-0.06250000000000688,1
g,pooled,5346,,-0.06250000000000688,1
g,pooled,5347,,-0.06250000000000688,1
g,pooled,5348,,-0.06250000000000688,1
g,pooled,5349,,-0.06250000000000688,1
g,pooled,5350,,-0.06250000000000688,1
g,pooled,5351,,-0.06250000000000688,1
g,pooled,5352,,-0.06250000000000688,1
g,pooled,5353,,-0.06250000000000688,1
g,pooled,5354,,-0.06250000000000688,1
g,pooled,5355,,-0.06250000000000688,1
g,pooled,5356,,-0.06250000000000688,1
g,pooled,5357,,-0.06250000000000688,1
g,pooled,5358,,-0.06250000000000688,1
g,pooled,5359,,-0.06250000000000688,1
g,pooled,5360,,-0.06250000000000688,1
g,pooled,5361,,-0.06250000000000688,1
g,pooled,5362,,-0.06250000000000688,1
g,pooled,5363,,-0.06250000000000688,1
g,pooled,5364,,-0.06250000000000688,1
g,pooled,5365,,-0.06250000000000688,1
g,pooled,5366,,-0.06250000000000688,1
g,pooled,5367,,-0.06250000000000688,1
g,pooled,5368,,-0.06250000000000688,1
g,pooled,5369,,-0.06250000000000688,1
g,pooled,5370,,-0.06250000000000688,1
g,pooled,5371,,-0.06250000000000688,1
g,pooled,5372,,-0.06250000000000688,1
g,pooled,5373,,-0.06250000000000688,1
g,pooled,5374,,-0.06250000000000688,1
g,pooled,5375,,-0.06250000000000688,1
g,pooled,5376,,-0.06250000000000688,1
g,pooled,5377,,-0.06250000000000688,1
g,pooled,5378,,-0.06250000000000688,1
g,pooled,5379,,-0.06250000000000688,1
g,pooled,5380,,-0.06250000000000688,1
g,pooled,5381,,-0.06250000000000688,1
g,pooled,5382,,-0.06250000000000688,1
g,pooled,5383,,-0.06250000000000688,1
g,pooled,5384,,-0.06250000000000688,1
g,pooled,5385,,-0.06250000000000688,1
g,pooled,5386,,-0.06250000000000688,1
g,pooled,5387,,-0.06250000000000688,1
g,pooled,5388,,-0.06250000000000688,1
g,pooled,5389,,-0.06250000000000688,1
g,pooled,5390,,-0.06250000000000688,1
g,pooled,5391,,-0.06250000000000688,1
g,pooled,5392,,-0.06250000000000688,1
g,pooled,5393,,-0.03750000000000697,1
g,pooled,5394,,-0.03750000000000697,1
g,pooled,5395,,-0.03750000000000697,1
g,pooled,5396,,-0.03750000000000697,1
g,pooled,5397,,-0.03750000000000697,1
g,pooled,5398,,-0.03750000000000697,1
g,pooled,5399,,-0.03750000000000697,1
g,pooled,5400,,-0.03750000000000697,1
g,pooled,5401,,-0.03750000000000697,1
g,pooled,5402,,-0.03750000000000697,1
g,pooled,5403,,-0.03750000000000697,1
g,pooled,5404,,-0.03750000000000697,1
g,pooled,5405,,-0.03750000000000697,1
g,pooled,5406,,-0.03750000000000697,1
g,pooled,5407,,-0.03750000000000697,1
g,pooled,5408,,-0.03750000000000697,1
g,pooled,5409,,-0.03750000000000697,1
g,pooled,5410,,-0.03750000000000697,1
g,pooled,5411,,-0.03750000000000697,1
g,pooled,5412,,-0.03750000000000697,1
g,pooled,5413,,-0.03750000000000697,1
g,pooled,5414,,-0.03750000000000697,1
g,pooled,5415,,-0.03750000000000697,1
g,pooled,5416,,-0.03750000000000697,1
g,pooled,5417,,-0.03750000000000697,1
g,pooled,5418,,-0.03750000000000697,1
g,pooled,5419,,-0.03750000000000697,1
g,pooled,5420,,-0.03750000000000697,1
g,pooled,5421,,-0.03750000000000697,1
g,pooled,5422,,-0.03750000000000697,1
g,pooled,5423,,-0.03750000000000697,1
g,pooled,5424,,-0.03750000000000697,1
g,pooled,5425,,-0.03750000000000697,1
g,pooled,5426,,-0.03750000000000697,1
g,pooled,5427,,-0.03750000000000697,1
g,pooled,5428,,-0.03750000000000697,1
g,pooled,5429,,-0.03750000000000697,1
g,pooled,5430,,-0.03750000000000697,1
g,pooled,5431,,-0.03750000000000697,1
g,pooled,5432,,-0.03750000000000697,1
g,pooled,5433,,-0.03750000000000697,1
g,pooled,5434,,-0.03750000000000697,1
g,pooled,5435,,-0.03750000000000697,1
g,pooled,5436,,-0.03750000000000697,1
g,pooled,5437,,-0.03750000000000697,1
g,pooled,5438,,-0.03750000000000697,1
g,pooled,5439,,-0.03750000000000697,1
g,pooled,5440,,-0.03750000000000697,1
g,pooled,5441,,-0.03750000000000697,1
g,pooled,5442,,-0.03750000000000697,1
g,pooled,5443,,-0.03750000000000697,1
g,pooled,5444,,-0.03750000000000697,1
g,pooled,5445,,-0.03750000000000697,1
g,pooled,5446,,-0.03750000000000697,1
g,pooled,5447,,-0.03750000000000697,1
g,pooled,5448,,-0.03750000000000697,1
g,pooled,5449,,-0.03750000000000697,1
g,pooled,5450,,-0.03750000000000697,1
g,pooled,5451,,-0.03750000000000697,1
g,pooled,5452,,-0.03750000000000697,1
g,pooled,5453,,-0.03750000000000697,1
g,pooled,5454,,-0.03750000000000697,1
g,pooled,5455,,-0.03750000000000697,1
g,pooled,5456,,-0.03750000000000697,1
g,pooled,5457,,-0.03750000000000697,1
g,pooled,5458,,-0.03750000000000697,1
g,pooled,5459,,-0.03750000000000697,1
g,pooled,5460,,-0.03750000000000697,1
g,pooled,5461,,-0.03750000000000697,1
g,pooled,5462,,-0.03750000000000697,1
g,pooled,5463,,-0.03750000000000697,1
g,pooled,5464,,-0.03750000000000697,1
g,pooled,5465,,-0.03750000000000697,1
g,pooled,5466,,-0.03750000000000697,1
g,pooled,5467,,-0.03750000000000697,1
g,pooled,5468,,-0.03750000000000697,1
g,pooled,5469,,-0.03750000000000697,1
g,pooled,5470,,-0.03750000000000697,1
g,pooled,5471,,-0.03750000000000697,1
g,pooled,5472,,-0.03750000000000697,1
g,pooled,5473,,-0.03750000000000697,1
g,pooled,5474,,-0.03750000000000697,1
g,pooled,5475,,-0.03750000000000697,1
g,pooled,5476,,-0.03750000000000697,1
g,pooled,5477,,-0.03750000000000697,1
g,pooled,5478,,-0.03750000000000697,1
g,pooled,5479,,-0.03750000000000697,1
g,pooled,5480,,-0.03750000000000697,1
g,pooled,5481,,-0.03750000000000697,1
g,pooled,5482,,-0.03750000000000697,1
g,pooled,5483,,-0.03750000000000697,1
g,pooled,5484,,-0.03750000000000697,1
g,pooled,5485,,-0.03750000000000697,1
g,pooled,5486,,-0.03750000000000697,1
g,pooled,5487,,-0.03750000000000697,1
g,pooled,5488,,-0.03750000000000697,1
g,pooled,5489,,-0.03750000000000697,1
g,pooled,5490,,-0.03750000000000697,1
g,pooled,5491,,-0.03750000000000697,1
g,pooled,5492,,-0.03750000000000697,1
g,pooled,5493,,-0.03750000000000697,1
g,pooled,5494,,-0.03750000000000697,1
g,pooled,5495,,-0.03750000000000697,1
g,pooled,5496,,-0.03750000000000697,1
g,pooled,5497,,-0.03750000000000697,1
g,pooled,5498,,-0.03750000000000697,1
g,pooled,5499,,-0.03750000000000697,1
g,pooled,5500,,-0.03750000000000697,1
g,pooled,5501,,-0.03750000000000697,1
g,pooled,5502,,-0.03750000000000697,1
g,pooled,5503,,-0.03750000000000697,1
g,pooled,5504,,-0.03750000000000697,1
g,pooled,5505,,-0.03750000000000697,1
g,pooled,5506,,-0.03750000000000697,1
g,pooled,5507,,-0.03750000000000697,1
g,pooled,5508,,-0.03750000000000697,1
g,pooled,5509,,-0.03750000000000697,1
g,pooled,5510,,-0.03750000000000697,1
g,pooled,5511,,-0.03750000000000697,1
g,pooled,5512,,-0.03750000000000697,1
g,pooled,5513,,-0.03750000000000697,1
g,pooled,5514,,-0.03750000000000697,1
g,pooled,5515,,-0.03750000000000697,1
g,pooled,5516,,-0.03750000000000697,1
g,pooled,5517,,-0.03750000000000697,1
g,pooled,5518,,-0.03750000000000697,1
g,pooled,5519,,-0.03750000000000697,1
g,pooled,5520,,-0.03750000000000697,1
g,pooled,5521,,-0.03750000000000697,1
g,pooled,5522,,-0.03750000000000697,1
g,pooled,5523,,-0.03750000000000697,1
g,pooled,5524,,-0.03750000000000697,1
g,pooled,5525,,-0.03750000000000697,1
g,pooled,5526,,-0.03750000000000697,1
g,pooled,5527,,-0.03750000000000697,1
g,pooled,5528,,-0.03750000000000697,1
g,pooled,5529,,-0.03750000000000697,1
g,pooled,5530,,-0.03750000000000697,1
g,pooled,5531,,-0.03750000000000697,1
g,pooled,5532,,-0.03750000000000697,1
g,pooled,5533,,-0.03750000000000697,1
g,pooled,5534,,-0.03750000000000697,1
g,pooled,5535,,-0.03750000000000697,1
g,pooled,5536,,-0.03750000000000697,1
g,pooled,5537,,-0.03750000000000697,1
g,pooled,5538,,-0.03750000000000697,1
g,pooled,5539,,-0.03750000000000697,1
g,pooled,5540,,-0.03750000000000697,1
g,pooled,5541,,-0.03750000000000697,1
g,pooled,5542,,-0.03750000000000697,1
g,pooled,5543,,-0.03750000000000697,1
g,pooled,5544,,-0.03750000000000697,1
g,pooled,5545,,-0.03750000000000697,1
g,pooled,5546,,-0.03750000000000697,1
g,pooled,5547,,-0.03750000000000697,1
g,pooled,5548,,-0.03750000000000697,1
g,pooled,5549,,-0.03750000000000697,1
g,pooled,5550,,-0.03750000000000697,1
g,pooled,5551,,-0.03750000000000697,1
g,pooled,5552,,-0.03750000000000697,1
g,pooled,5553,,-0.03750000000000697,1
g,pooled,5554,,-0.03750000000000697,1
g,pooled,5555,,-0.03750000000000697,1
g,pooled,5556,,-0.03750000000000697,1
g,pooled,5557,,-0.03750000000000697,1
g,pooled,5558,,-0.03750000000000697,1
g,pooled,5559,,-0.03750000000000697,1
g,pooled,5560,,-0.03750000000000697,1
g,pooled,5561,,-0.03750000000000697,1
g,pooled,5562,,-0.03750000000000697,1
g,pooled,5563,,-0.03750000000000697,1
g,pooled,5564,,-0.03750000000000697,1
g,pooled,5565,,-0.03750000000000697,1
g,pooled,5566,,-0.03750000000000697,1
g,pooled,5567,,-0.03750000000000697,1
g,pooled,5568,,-0.03750000000000697,1
g,pooled,5569,,-0.03750000000000697,1
g,pooled,5570,,-0.03750000000000697,1
g,pooled,5571,,-0.03750000000000697,1
g,pooled,5572,,-0.03750000000000697,1
g,pooled,5573,,-0.03750000000000697,1
g,pooled,5574,,-0.03750000000000697,1
g,pooled,5575,,-0.03750000000000697,1
g,pooled,5576,,-0.03750000000000697,1
g,pooled,5577,,-0.03750000000000697,1
g,pooled,5578,,-0.03750000000000697,1
g,pooled,5579,,-0.03750000000000697,1
g,pooled,5580,,-0.03750000000000697,1
g,pooled,5581,,-0.03750000000000697,1
g,pooled,5582,,-0.03750000000000697,1
g,pooled,5583,,-0.03750000000000697,1
g,pooled,5584,,-0.03750000000000697,1
g,pooled,5585,,-0.03750000000000697,1
g,pooled,5586,,-0.03750000000000697,1
g,pooled,5587,,-0.03750000000000697,1
g,pooled,5588,,-0.03750000000000697,1
g,pooled,5589,,-0.03750000000000697,1
g,pooled,5590,,-0.03750000000000697,1
g,pooled,5591,,-0.03750000000000697,1
g,pooled,5592,,-0.03750000000000697,1
g,pooled,5593,,-0.03750000000000697,1
g,pooled,5594,,-0.03750000000000697,1
g,pooled,5595,,-0.03750000000000697,1
g,pooled,5596,,-0.03750000000000697,1
g,pooled,5597,,-0.03750000000000697,1
g,pooled,5598,,-0.03750000000000697,1
g,pooled,5599,,-0.03750000000000697,1
g,pooled,5600,,-0.03750000000000697,1
g,pooled,5601,,-0.03750000000000697,1
g,pooled,5602,,-0.03750000000000697,1
g,pooled,5603,,-0.03750000000000697,1
g,pooled,5604,,-0.03750000000000697,1
g,pooled,5605,,-0.03750000000000697,1
g,pooled,5606,,-0.03750000000000697,1
g,pooled,5607,,-0.03750000000000697,1
g,pooled,5608,,-0.03750000000000697,1
g,pooled,5609,,-0.03750000000000697,1
g,pooled,5610,,-0.03750000000000697,1
g,pooled,5611,,-0.03750000000000697,1
g,pooled,5612,,-0.03750000000000697,1
g,pooled,5613,,-0.03750000000000697,1
g,pooled,5614,,-0.03750000000000697,1
g,pooled,5615,,-0.03750000000000697,1
g,pooled,5616,,-0.03750000000000697,1
g,pooled,5617,,-0.03750000000000697,1
g,pooled,5618,,-0.03750000000000697,1
g,pooled,5619,,-0.03750000000000697,1
g,pooled,5620,,-0.03750000000000697,1
g,pooled,5621,,-0.03750000000000697,1
g,pooled,5622,,-0.03750000000000697,1
g,pooled,5623,,-0.03750000000000697,1
g,pooled,5624,,-0.03750000000000697,1
g,pooled,5625,,-0.03750000000000697,1
g,pooled,5626,,-0.03750000000000697,1
g,pooled,5627,,-0.03750000000000697,1
g,pooled,5628,,-0.03750000000000697,1
g,pooled,5629,,-0.03750000000000697,1
g,pooled,5630,,-0.03750000000000697,1
g,pooled,5631,,-0.03750000000000697,1
g,pooled,5632,,-0.03750000000000697,1
g,pooled,5633,,-0.03750000000000697,1
g,pooled,5634,,-0.03750000000000697,1
g,pooled,5635,,-0.03750000000000697,1
g,pooled,5636,,-0.03750000000000697,1
g,pooled,5637,,-0.03750000000000697,1
g,pooled,5638,,-0.03750000000000697,1
g,pooled,5639,,-0.03750000000000697,1
g,pooled,5640,,-0.03750000000000697,1
g,pooled,5641,,-0.03750000000000697,1
g,pooled,5642,,-0.03750000000000697,1
g,pooled,5643,,-0.03750000000000697,1
g,pooled,5644,,-0.03750000000000697,1
g,pooled,5645,,-0.03750000000000697,1
g,pooled,5646,,-0.03750000000000697,1
g,pooled,5647,,-0.03750000000000697,1
g,pooled,5648,,-0.03750000000000697,1
g,pooled,5649,,-0.03750000000000697,1
g,pooled,5650,,-0.03750000000000697,1
g,pooled,5651,,-0.03750000000000697,1
g,pooled,5652,,-0.03750000000000697,1
g,pooled,5653,,-0.03750000000000697,1
g,pooled,5654,,-0.03750000000000697,1
g,pooled,5655,,-0.03750000000000697,1
g,pooled,5656,,-0.03750000000000697,1
g,pooled,5657,,-0.03750000000000697,1
g,pooled,5658,,-0.03750000000000697,1
g,pooled,5659,,-0.03750000000000697,1
g,pooled,5660,,-0.03750000000000697,1
g,pooled,5661,,-0.03750000000000697,1
g,pooled,5662,,-0.03750000000000697,1
g,pooled,5663,,-0.03750000000000697,1
g,pooled,5664,,-0.03750000000000697,1
g,pooled,5665,,-0.03750000000000697,1
g,pooled,5666,,-0.03750000000000697,1
g,pooled,5667,,-0.03750000000000697,1
g,pooled,5668,,-0.03750000000000697,1
g,pooled,5669,,-0.03750000000000697,1
g,pooled,5670,,-0.03750000000000697,1
g,pooled,5671,,-0.03750000000000697,1
g,pooled,5672,,-0.03750000000000697,1
g,pooled,5673,,-0.03750000000000697,1
g,pooled,5674,,-0.03750000000000697,1
g,pooled,5675,,-0.03750000000000697,1
g,pooled,5676,,-0.03750000000000697,1
g,pooled,5677,,-0.03750000000000697,1
g,pooled,5678,,-0.03750000000000697,1
g,pooled,5679,,-0.03750000000000697,1
g,pooled,5680,,-0.03750000000000697,1
g,pooled,5681,,-0.03750000000000697,1
g,pooled,5682,,-0.03750000000000697,1
g,pooled,5683,,-0.03750000000000697,1
g,pooled,5684,,-0.03750000000000697,1
g,pooled,5685,,-0.03750000000000697,1
g,pooled,5686,,-0.03750000000000697,1
g,pooled,5687,,-0.03750000000000697,1
g,pooled,5688,,-0.03750000000000697,1
g,pooled,5689,,-0.03750000000000697,1
g,pooled,5690,,-0.03750000000000697,1
g,pooled,5691,,-0.03750000000000697,1
g,pooled,5692,,-0.03750000000000697,1
g,pooled,5693,,-0.03750000000000697,1
g,pooled,5694,,-0.03750000000000697,1
g,pooled,5695,,-0.03750000000000697,1
g,pooled,5696,,-0.03750000000000697,1
g,pooled,5697,,-0.03750000000000697,1
g,pooled,5698,,-0.03750000000000697,1
g,pooled,5699,,-0.03750000000000697,1
g,pooled,5700,,-0.03750000000000697,1
g,pooled,5701,,-0.03750000000000697,1
g,pooled,5702,,-0.03750000000000697,1
g,pooled,5703,,-0.03750000000000697,1
g,pooled,5704,,-0.03750000000000697,1
g,pooled,5705,,-0.03750000000000697,1
g,pooled,5706,,-0.03750000000000697,1
g,pooled,5707,,-0.03750000000000697,1
g,pooled,5708,,-0.03750000000000697,1
g,pooled,5709,,-0.03750000000000697,1
g,pooled,5710,,-0.012500000000007061,1
g,pooled,5711,,-0.012500000000007061,1
g,pooled,5712,,-0.012500000000007061,1
g,pooled,5713,,-0.012500000000007061,1
g,pooled,5714,,-0.012500000000007061,1
g,pooled,5715,,-0.012500000000007061,1
g,pooled,5716,,-0.012500000000007061,1
g,pooled,5717,,-0.012500000000007061,1
g,pooled,5718,,-0.012500000000007061,1
g,pooled,5719,,-0.012500000000007061,1
g,pooled,5720,,-0.012500000000007061,1
g,pooled,5721,,-0.012500000000007061,1
g,pooled,5722,,-0.012500000000007061,1
g,pooled,5723,,-0.012500000000007061,1
g,pooled,5724,,-0.012500000000007061,1
g,pooled,5725,,-0.012500000000007061,1
g,pooled,5726,,-0.012500000000007061,1
g,pooled,5727,,-0.012500000000007061,1
g,pooled,5728,,-0.012500000000007061,1
g,pooled,5729,,-0.012500000000007061,1
g,pooled,5730,,-0.012500000000007061,1
g,pooled,5731,,-0.012500000000007061,1
g,pooled,5732,,-0.012500000000007061,1
g,pooled,5733,,-0.012500000000007061,1
g,pooled,5734,,-0.012500000000007061,1
g,pooled,5735,,-0.012500000000007061,1
g,pooled,5736,,-0.012500000000007061,1
g,pooled,5737,,-0.012500000000007061,1
g,pooled,5738,,-0.012500000000007061,1
g,pooled,5739,,-0.012500000000007061,1
g,pooled,5740,,-0.012500000000007061,1
g,pooled,5741,,-0.012500000000007061,1
g,pooled,5742,,-0.012500000000007061,1
g,pooled,5743,,-0.012500000000007061,1
g,pooled,5744,,-0.012500000000007061,1
g,pooled,5745,,-0.012500000000007061,1
g,pooled,5746,,-0.012500000000007061,1
g,pooled,5747,,-0.012500000000007061,1
g,pooled,5748,,-0.012500000000007061,1
g,pooled,5749,,-0.012500000000007061,1
g,pooled,5750,,-0.012500000000007061,1
g,pooled,5751,,-0.012500000000007061,1
g,pooled,5752,,-0.012500000000007061,1
g,pooled,5753,,-0.012500000000007061,1
g,pooled,5754,,-0.012500000000007061,1
g,pooled,5755,,-0.012500000000007061,1
g,pooled,5756,,-0.012500000000007061,1
g,pooled,5757,,-0.012500000000007061,1
g,pooled,5758,,-0.012500000000007061,1
g,pooled,5759,,-0.012500000000007061,1
g,pooled,5760,,-0.012500000000007061,1
g,pooled,5761,,-0.012500000000007061,1
g,pooled,5762,,-0.012500000000007061,1
g,pooled,5763,,-0.012500000000007061,1
g,pooled,5764,,-0.012500000000007061,1
g,pooled,5765,,-0.012500000000007061,1
g,pooled,5766,,-0.012500000000007061,1
g,pooled,5767,,-0.012500000000007061,1
g,pooled,5768,,-0.012500000000007061,1
g,pooled,5769,,-0.012500000000007061,1
g,pooled,5770,,-0.012500000000007061,1
g,pooled,5771,,-0.012500000000007061,1
g,pooled,5772,,-0.012500000000007061,1
g,pooled,5773,,-0.012500000000007061,1
g,pooled,5774,,-0.012500000000007061,1
g,pooled,5775,,-0.012500000000007061,1
g,pooled,5776,,-0.012500000000007061,1
g,pooled,5777,,-0.012500000000007061,1
g,pooled,5778,,-0.012500000000007061,1
g,pooled,5779,,-0.012500000000007061,1
g,pooled,5780,,-0.012500000000007061,1
g,pooled,5781,,-0.012500000000007061,1
g,pooled,5782,,-0.012500000000007061,1
g,pooled,5783,,-0.012500000000007061,1
g,pooled,5784,,-0.012500000000007061,1
g,pooled,5785,,-0.012500000000007061,1
g,pooled,5786,,-0.012500000000007061,1
g,pooled,5787,,-0.012500000000007061,1
g,pooled,5788,,-0.012500000000007061,1
g,pooled,5789,,-0.012500000000007061,1
g,pooled,5790,,-0.012500000000007061,1
g,pooled,5791,,-0.012500000000007061,1
g,pooled,5792,,-0.012500000000007061,1
g,pooled,5793,,-0.012500000000007061,1
g,pooled,5794,,-0.012500000000007061,1
g,pooled,5795,,-0.012500000000007061,1
g,pooled,5796,,-0.012500000000007061,1
g,pooled,5797,,-0.012500000000007061,1
g,pooled,5798,,-0.012500000000007061,1
g,pooled,5799,,-0.012500000000007061,1
g,pooled,5800,,-0.012500000000007061,1
g,pooled,5801,,-0.012500000000007061,1
g,pooled,5802,,-0.012500000000007061,1
g,pooled,5803,,-0.012500000000007061,1
g,pooled,5804,,-0.012500000000007061,1
g,pooled,5805,,-0.012500000000007061,1
g,pooled,5806,,-0.012500000000007061,1
g,pooled,5807,,-0.012500000000007061,1
g,pooled,5808,,-0.012500000000007061,1
g,pooled,5809,,-0.012500000000007061,1
g,pooled,5810,,-0.012500000000007061,1
g,pooled,5811,,-0.012500000000007061,1
g,pooled,5812,,-0.012500000000007061,1
g,pooled,5813,,-0.012500000000007061,1
g,pooled,5814,,-0.012500000000007061,1
g,pooled,5815,,-0.012500000000007061,1
g,pooled,5816,,-0.012500000000007061,1
g,pooled,5817,,-0.012500000000007061,1
g,pooled,5818,,-0.012500000000007061,1
g,pooled,5819,,-0.012500000000007061,1
g,pooled,5820,,-0.012500000000007061,1
g,pooled,5821,,-0.012500000000007061,1
g,pooled,5822,,-0.012500000000007061,1
g,pooled,5823,,-0.012500000000007061,1
g,pooled,5824,,-0.012500000000007061,1
g,pooled,5825,,-0.012500000000007061,1
g,pooled,5826,,-0.012500000000007061,1
g,pooled,5827,,-0.012500000000007061,1
g,pooled,5828,,-0.012500000000007061,1
g,pooled,5829,,-0.012500000000007061,1
g,pooled,5830,,-0.012500000000007061,1
g,pooled,5831,,-0.012500000000007061,1
g,pooled,5832,,-0.012500000000007061,1
g,pooled,5833,,-0.012500000000007061,1
g,pooled,5834,,-0.012500000000007061,1
g,pooled,5835,,-0.012500000000007061,1
g,pooled,5836,,-0.012500000000007061,1
g,pooled,5837,,-0.012500000000007061,1
g,pooled,5838,,-0.012500000000007061,1
g,pooled,5839,,-0.012500000000007061,1
g,pooled,5840,,-0.012500000000007061,1
g,pooled,5841,,-0.012500000000007061,1
g,pooled,5842,,-0.012500000000007061,1
g,pooled,5843,,-0.012500000000007061,1
g,pooled,5844,,-0.012500000000007061,1
g,pooled,5845,,-0.012500000000007061,1
g,pooled,5846,,-0.012500000000007061,1
g,pooled,5847,,-0.012500000000007061,1
g,pooled,5848,,-0.012500000000007061,1
g,pooled,5849,,-0.012500000000007061,1
g,pooled,5850,,-0.012500000000007061,1
g,pooled,5851,,-0.012500000000007061,1
g,pooled,5852,,-0.012500000000007061,1
g,pooled,5853,,-0.012500000000007061,1
g,pooled,5854,,-0.012500000000007061,1
g,pooled,5855,,-0.012500000000007061,1
g,pooled,5856,,-0.012500000000007061,1
g,pooled,5857,,-0.012500000000007061,1
g,pooled,5858,,-0.012500000000007061,1
g,pooled,5859,,-0.012500000000007061,1
g,pooled,5860,,-0.012500000000007061,1
g,pooled,5861,,-0.012500000000007061,1
g,pooled,5862,,-0.012500000000007061,1
g,pooled,5863,,-0.012500000000007061,1
g,pooled,5864,,-0.012500000000007061,1
g,pooled,5865,,-0.012500000000007061,1
g,pooled,5866,,-0.012500000000007061,1
g,pooled,5867,,-0.012500000000007061,1
g,pooled,5868,,-0.012500000000007061,1
g,pooled,5869,,-0.012500000000007061,1
g,pooled,5870,,-0.012500000000007061,1
g,pooled,5871,,-0.012500000000007061,1
g,pooled,5872,,-0.012500000000007061,1
g,pooled,5873,,-0.012500000000007061,1
g,pooled,5874,,-0.012500000000007061,1
g,pooled,5875,,-0.012500000000007061,1
g,pooled,5876,,-0.012500000000007061,1
g,pooled,5877,,-0.012500000000007061,1
g,pooled,5878,,-0.012500000000007061,1
g,pooled,5879,,-0.012500000000007061,1
g,pooled,5880,,-0.012500000000007061,1
g,pooled,5881,,-0.012500000000007061,1
g,pooled,5882,,-0.012500000000007061,1
g,pooled,5883,,-0.012500000000007061,1
g,pooled,5884,,-0.012500000000007061,1
g,pooled,5885,,-0.012500000000007061,1
g,pooled,5886,,-0.012500000000007061,1
g,pooled,5887,,-0.012500000000007061,1
g,pooled,5888,,-0.012500000000007061,1
g,pooled,5889,,-0.012500000000007061,1
g,pooled,5890,,-0.012500000000007061,1
g,pooled,5891,,-0.012500000000007061,1
g,pooled,5892,,-0.012500000000007061,1
g,pooled,5893,,-0.012500000000007061,1
g,pooled,5894,,-0.012500000000007061,1
g,pooled,5895,,-0.012500000000007061,1
g,pooled,5896,,-0.012500000000007061,1
g,pooled,5897,,-0.012500000000007061,1
g,pooled,5898,,-0.012500000000007061,1
g,pooled,5899,,-0.012500000000007061,1
g,pooled,5900,,-0.012500000000007061,1
g,pooled,5901,,-0.012500000000007061,1
g,pooled,5902,,-0.012500000000007061,1
g,pooled,5903,,-0.012500000000007061,1
g,pooled,5904,,-0.012500000000007061,1
g,pooled,5905,,-0.012500000000007061,1
g,pooled,5906,,-0.012500000000007061,1
g,pooled,5907,,-0.012500000000007061,1
g,pooled,5908,,-0.012500000000007061,1
g,pooled,5909,,-0.012500000000007061,1
g,pooled,5910,,-0.012500000000007061,1
g,pooled,5911,,-0.012500000000007061,1
g,pooled,5912,,-0.012500000000007061,1
g,pooled,5913,,-0.012500000000007061,1
g,pooled,5914,,-0.012500000000007061,1
g,pooled,5915,,-0.012500000000007061,1
g,pooled,5916,,-0.012500000000007061,1
g,pooled,5917,,-0.012500000000007061,1
g,pooled,5918,,-0.012500000000007061,1
g,pooled,5919,,-0.012500000000007061,1
g,pooled,5920,,-0.012500000000007061,1
g,pooled,5921,,-0.012500000000007061,1
g,pooled,5922,,-0.012500000000007061,1
g,pooled,5923,,-0.012500000000007061,1
g,pooled,5924,,-0.012500000000007061,1
g,pooled,5925,,-0.012500000000007061,1
g,pooled,5926,,-0.012500000000007061,1
g,pooled,5927,,-0.012500000000007061,1
g,pooled,5928,,-0.012500000000007061,1
g,pooled,5929,,-0.012500000000007061,1
g,pooled,5930,,-0.012500000000007061,1
g,pooled,5931,,-0.012500000000007061,1
g,pooled,5932,,-0.012500000000007061,1
g,pooled,5933,,-0.012500000000007061,1
g,pooled,5934,,-0.012500000000007061,1
g,pooled,5935,,-0.012500000000007061,1
g,pooled,5936,,-0.012500000000007061,1
g,pooled,5937,,-0.012500000000007061,1
g,pooled,5938,,-0.012500000000007061,1
g,pooled,5939,,-0.012500000000007061,1
g,pooled,5940,,-0.012500000000007061,1
g,pooled,5941,,-0.012500000000007061,1
g,pooled,5942,,-0.012500000000007061,1
g,pooled,5943,,-0.012500000000007061,1
g,pooled,5944,,-0.012500000000007061,1
g,pooled,5945,,-0.012500000000007061,1
g,pooled,5946,,-0.012500000000007061,1
g,pooled,5947,,-0.012500000000007061,1
g,pooled,5948,,-0.012500000000007061,1
g,pooled,5949,,-0.012500000000007061,1
g,pooled,5950,,-0.012500000000007061,1
g,pooled,5951,,-0.012500000000007061,1
g,pooled,5952,,-0.012500000000007061,1
g,pooled,5953,,-0.012500000000007061,1
g,pooled,5954,,-0.012500000000007061,1
g,pooled,5955,,-0.012500000000007061,1
g,pooled,5956,,-0.012500000000007061,1
g,pooled,5957,,-0.012500000000007061,1
g,pooled,5958,,-0.012500000000007061,1
g,pooled,5959,,-0.012500000000007061,1
g,pooled,5960,,-0.012500000000007061,1
g,pooled,5961,,-0.012500000000007061,1
g,pooled,5962,,-0.012500000000007061,1
g,pooled,5963,,-0.012500000000007061,1
g,pooled,5964,,-0.012500000000007061,1
g,pooled,5965,,-0.012500000000007061,1
g,pooled,5966,,-0.012500000000007061,1
g,pooled,5967,,-0.012500000000007061,1
g,pooled,5968,,-0.012500000000007061,1
g,pooled,5969,,-0.012500000000007061,1
g,pooled,5970,,-0.012500000000007061,1
g,pooled,5971,,-0.012500000000007061,1
g,pooled,5972,,-0.012500000000007061,1
g,pooled,5973,,-0.012500000000007061,1
g,pooled,5974,,-0.012500000000007061,1
g,pooled,5975,,-0.012500000000007061,1
g,pooled,5976,,-0.012500000000007061,1
g,pooled,5977,,-0.012500000000007061,1
g,pooled,5978,,-0.012500000000007061,1
g,pooled,5979,,-0.012500000000007061,1
g,pooled,5980,,-0.012500000000007061,1
g,pooled,5981,,-0.012500000000007061,1
g,pooled,5982,,-0.012500000000007061,1
g,pooled,5983,,-0.012500000000007061,1
g,pooled,5984,,-0.012500000000007061,1
g,pooled,5985,,-0.012500000000007061,1
g,pooled,5986,,-0.012500000000007061,1
g,pooled,5987,,-0.012500000000007061,1
g,pooled,5988,,-0.012500000000007061,1
g,pooled,5989,,-0.012500000000007061,1
g,pooled,5990,,-0.012500000000007061,1
g,pooled,5991,,-0.012500000000007061,1
g,pooled,5992,,-0.012500000000007061,1
g,pooled,5993,,-0.012500000000007061,1
g,pooled,5994,,-0.012500000000007061,1
g,pooled,5995,,-0.012500000000007061,1
g,pooled,5996,,-0.012500000000007061,1
g,pooled,5997,,-0.012500000000007061,1
g,pooled,5998,,-0.012500000000007061,1
g,pooled,5999,,-0.012500000000007061,1
g,pooled,6000,,-0.012500000000007061,1
g,pooled,6001,,-0.012500000000007061,1
g,pooled,6002,,-0.012500000000007061,1
g,pooled,6003,,-0.012500000000007061,1
g,pooled,6004,,-0.012500000000007061,1
g,pooled,6005,,-0.012500000000007061,1
g,pooled,6006,,-0.012500000000007061,1
g,pooled,6007,,-0.012500000000007061,1
g,pooled,6008,,-0.012500000000007061,1
g,pooled,6009,,-0.012500000000007061,1
g,pooled,6010,,-0.012500000000007061,1
g,pooled,6011,,-0.012500000000007061,1
g,pooled,6012,,-0.012500000000007061,1
g,pooled,6013,,-0.012500000000007061,1
g,pooled,6014,,-0.012500000000007061,1
g,pooled,6015,,-0.012500000000007061,1
g,pooled,6016,,-0.012500000000007061,1
g,pooled,6017,,-0.012500000000007061,1
g,pooled,6018,,-0.012500000000007061,1
g,pooled,6019,,-0.012500000000007061,1
g,pooled,6020,,-0.012500000000007061,1
g,pooled,6021,,-0.012500000000007061,1
g,pooled,6022,,-0.012500000000007061,1
g,pooled,6023,,-0.012500000000007061,1
g,pooled,6024,,-0.012500000000007061,1
g,pooled,6025,,-0.012500000000007061,1
g,pooled,6026,,-0.012500000000007061,1
g,pooled,6027,,-0.012500000000007061,1
g,pooled,6028,,-0.012500000000007061,1
g,pooled,6029,,-0.012500000000007061,1
g,pooled,6030,,-0.012500000000007061,1
g,pooled,6031,,-0.012500000000007061,1
g,pooled,6032,,-0.012500000000007061,1
g,pooled,6033,,-0.012500000000007061,1
g,pooled,6034,,-0.012500000000007061,1
g,pooled,6035,,-0.012500000000007061,1
g,pooled,6036,,-0.012500000000007061,1
g,pooled,6037,,-0.012500000000007061,1
g,pooled,6038,,-0.012500000000007061,1
g,pooled,6039,,-0.012500000000007061,1
g,pooled,6040,,-0.012500000000007061,1
g,pooled,6041,,-0.012500000000007061,1
g,pooled,6042,,-0.012500000000007061,1
g,pooled,6043,,-0.012500000000007061,1
g,pooled,6044,,-0.012500000000007061,1
g,pooled,6045,,-0.012500000000007061,1
g,pooled,6046,,-0.012500000000007061,1
g,pooled,6047,,-0.012500000000007061,1
g,pooled,6048,,-0.012500000000007061,1
g,pooled,6049,,-0.012500000000007061,1
g,pooled,6050,,-0.012500000000007061,1
g,pooled,6051,,-0.012500000000007061,1
g,pooled,6052,,-0.012500000000007061,1
g,pooled,6053,,-0.012500000000007061,1
g,pooled,6054,,-0.012500000000007061,1
g,pooled,6055,,-0.012500000000007061,1
g,pooled,6056,,-0.012500000000007061,1
g,pooled,6057,,-0.012500000000007061,1
g,pooled,6058,,-0.012500000000007061,1
g,pooled,6059,,-0.012500000000007061,1
g,pooled,6060,,-0.012500000000007061,1
g,pooled,6061,,-0.012500000000007061,1
g,pooled,6062,,-0.012500000000007061,1
g,pooled,6063,,-0.012500000000007061,1
g,pooled,6064,,-0.012500000000007061,1
g,pooled,6065,,0.01249999999999285,1
g,pooled,6066,,0.01249999999999285,1
g,pooled,6067,,0.01249999999999285,1
g,pooled,6068,,0.01249999999999285,1
g,pooled,6069,,0.01249999999999285,1
g,pooled,6070,,0.01249999999999285,1
g,pooled,6071,,0.01249999999999285,1
g,pooled,6072,,0.01249999999999285,1
g,pooled,6073,,0.01249999999999285,1
g,pooled,6074,,0.01249999999999285,1
g,pooled,6075,,0.01249999999999285,1
g,pooled,6076,,0.01249999999999285,1
g,pooled,6077,,0.01249999999999285,1
g,pooled,6078,,0.01249999999999285,1
g,pooled,6079,,0.01249999999999285,1
g,pooled,6080,,0.01249999999999285,1
g,pooled,6081,,0.01249999999999285,1
g,pooled,6082,,0.01249999999999285,1
g,pooled,6083,,0.01249999999999285,1
g,pooled,6084,,0.01249999999999285,1
g,pooled,6085,,0.01249999999999285,1
g,pooled,6086,,0.01249999999999285,1
g,pooled,6087,,0.01249999999999285,1
g,pooled,6088,,0.01249999999999285,1
g,pooled,6089,,0.01249999999999285,1
g,pooled,6090,,0.01249999999999285,1
g,pooled,6091,,0.01249999999999285,1
g,pooled,6092,,0.01249999999999285,1
g,pooled,6093,,0.01249999999999285,1
g,pooled,6094,,0.01249999999999285,1
g,pooled,6095,,0.01249999999999285,1
g,pooled,6096,,0.01249999999999285,1
g,pooled,6097,,0.01249999999999285,1
g,pooled,6098,,0.01249999999999285,1
g,pooled,6099,,0.01249999999999285,1
g,pooled,6100,,0.01249999999999285,1
g,pooled,6101,,0.01249999999999285,1
g,pooled,6102,,0.01249999999999285,1
g,pooled,6103,,0.01249999999999285,1
g,pooled,6104,,0.01249999999999285,1
g,pooled,6105,,0.01249999999999285,1
g,pooled,6106,,0.01249999999999285,1
g,pooled,6107,,0.01249999999999285,1
g,pooled,6108,,0.01249999999999285,1
g,pooled,6109,,0.01249999999999285,1
g,pooled,6110,,0.01249999999999285,1
g,pooled,6111,,0.01249999999999285,1
g,pooled,6112,,0.01249999999999285,1
g,pooled,6113,,0.01249999999999285,1
g,pooled,6114,,0.01249999999999285,1
g,pooled,6115,,0.01249999999999285,1
g,pooled,6116,,0.01249999999999285,1
g,pooled,6117,,0.01249999999999285,1
g,pooled,6118,,0.01249999999999285,1
g,pooled,6119,,0.01249999999999285,1
g,pooled,6120,,0.01249999999999285,1
g,pooled,6121,,0.01249999999999285,1
g,pooled,6122,,0.01249999999999285,1
g,pooled,6123,,0.01249999999999285,1
g,pooled,6124,,0.01249999999999285,1
g,pooled,6125,,0.01249999999999285,1
g,pooled,6126,,0.01249999999999285,1
g,pooled,6127,,0.01249999999999285,1
g,pooled,6128,,0.01249999999999285,1
g,pooled,6129,,0.01249999999999285,1
g,pooled,6130,,0.01249999999999285,1
g,pooled,6131,,0.01249999999999285,1
g,pooled,6132,,0.01249999999999285,1
g,pooled,6133,,0.01249999999999285,1
g,pooled,6134,,0.01249999999999285,1
g,pooled,6135,,0.01249999999999285,1
g,pooled,6136,,0.01249999999999285,1
g,pooled,6137,,0.01249999999999285,1
g,pooled,6138,,0.01249999999999285,1
g,pooled,6139,,0.01249999999999285,1
g,pooled,6140,,0.01249999999999285,1
g,pooled,6141,,0.01249999999999285,1
g,pooled,6142,,0.01249999999999285,1
g,pooled,6143,,0.01249999999999285,1
g,pooled,6144,,0.01249999999999285,1
g,pooled,6145,,0.01249999999999285,1
g,pooled,6146,,0.01249999999999285,1
g,pooled,6147,,0.01249999999999285,1
g,pooled,6148,,0.01249999999999285,1
g,pooled,6149,,0.01249999999999285,1
g,pooled,6150,,0.01249999999999285,1
g,pooled,6151,,0.01249999999999285,1
g,pooled,6152,,0.01249999999999285,1
g,pooled,6153,,0.01249999999999285,1
g,pooled,6154,,0.01249999999999285,1
g,pooled,6155,,0.01249999999999285,1
g,pooled,6156,,0.01249999999999285,1
g,pooled,6157,,0.01249999999999285,1
g,pooled,6158,,0.01249999999999285,1
g,pooled,6159,,0.01249999999999285,1
g,pooled,6160,,0.01249999999999285,1
g,pooled,6161,,0.01249999999999285,1
g,pooled,6162,,0.01249999999999285,1
g,pooled,6163,,0.01249999999999285,1
g,pooled,6164,,0.01249999999999285,1
g,pooled,6165,,0.01249999999999285,1
g,pooled,6166,,0.01249999999999285,1
g,pooled,6167,,0.01249999999999285,1
g,pooled,6168,,0.01249999999999285,1
g,pooled,6169,,0.01249999999999285,1
g,pooled,6170,,0.01249999999999285,1
g,pooled,6171,,0.01249999999999285,1
g,pooled,6172,,0.01249999999999285,1
g,pooled,6173,,0.01249999999999285,1
g,pooled,6174,,0.01249999999999285,1
g,pooled,6175,,0.01249999999999285,1
g,pooled,6176,,0.01249999999999285,1
g,pooled,6177,,0.01249999999999285,1
g,pooled,6178,,0.01249999999999285,1
g,pooled,6179,,0.01249999999999285,1
g,pooled,6180,,0.01249999999999285,1
g,pooled,6181,,0.01249999999999285,1
g,pooled,6182,,0.01249999999999285,1
g,pooled,6183,,0.01249999999999285,1
g,pooled,6184,,0.01249999999999285,1
g,pooled,6185,,0.01249999999999285,1
g,pooled,6186,,0.01249999999999285,1
g,pooled,6187,,0.01249999999999285,1
g,pooled,6188,,0.01249999999999285,1
g,pooled,6189,,0.01249999999999285,1
g,pooled,6190,,0.01249999999999285,1
g,pooled,6191,,0.01249999999999285,1
g,pooled,6192,,0.01249999999999285,1
g,pooled,6193,,0.01249999999999285,1
g,pooled,6194,,0.01249999999999285,1
g,pooled,6195,,0.01249999999999285,1
g,pooled,6196,,0.01249999999999285,1
g,pooled,6197,,0.01249999999999285,1
g,pooled,6198,,0.01249999999999285,1
g,pooled,6199,,0.01249999999999285,1
g,pooled,6200,,0.01249999999999285,1
g,pooled,6201,,0.01249999999999285,1
g,pooled,6202,,0.01249999999999285,1
g,pooled,6203,,0.01249999999999285,1
g,pooled,6204,,0.01249999999999285,1
g,pooled,6205,,0.01249999999999285,1
g,pooled,6206,,0.01249999999999285,1
g,pooled,6207,,0.01249999999999285,1
g,pooled,6208,,0.01249999999999285,1
g,pooled,6209,,0.01249999999999285,1
g,pooled,6210,,0.01249999999999285,1
g,pooled,6211,,0.01249999999999285,1
g,pooled,6212,,0.01249999999999285,1
g,pooled,6213,,0.01249999999999285,1
g,pooled,6214,,0.01249999999999285,1
g,pooled,6215,,0.01249999999999285,1
g,pooled,6216,,0.01249999999999285,1
g,pooled,6217,,0.01249999999999285,1
g,pooled,6218,,0.01249999999999285,1
g,pooled,6219,,0.01249999999999285,1
g,pooled,6220,,0.01249999999999285,1
g,pooled,6221,,0.01249999999999285,1
g,pooled,6222,,0.01249999999999285,1
g,pooled,6223,,0.01249999999999285,1
g,pooled,6224,,0.01249999999999285,1
g,pooled,6225,,0.01249999999999285,1
g,pooled,6226,,0.01249999999999285,1
g,pooled,6227,,0.01249999999999285,1
g,pooled,6228,,0.01249999999999285,1
g,pooled,6229,,0.01249999999999285,1
g,pooled,6230,,0.01249999999999285,1
g,pooled,6231,,0.01249999999999285,1
g,pooled,6232,,0.01249999999999285,1
g,pooled,6233,,0.01249999999999285,1
g,pooled,6234,,0.01249999999999285,1
g,pooled,6235,,0.01249999999999285,1
g,pooled,6236,,0.01249999999999285,1
g,pooled,6237,,0.01249999999999285,1
g,pooled,6238,,0.01249999999999285,1
g,pooled,6239,,0.01249999999999285,1
g,pooled,6240,,0.01249999999999285,1
g,pooled,6241,,0.01249999999999285,1
g,pooled,6242,,0.01249999999999285,1
g,pooled,6243,,0.01249999999999285,1
g,pooled,6244,,0.01249999999999285,1
g,pooled,6245,,0.01249999999999285,1
g,pooled,6246,,0.01249999999999285,1
g,pooled,6247,,0.01249999999999285,1
g,pooled,6248,,0.01249999999999285,1
g,pooled,6249,,0.01249999999999285,1
g,pooled,6250,,0.01249999999999285,1
g,pooled,6251,,0.01249999999999285,1
g,pooled,6252,,0.01249999999999285,1
g,pooled,6253,,0.01249999999999285,1
g,pooled,6254,,0.01249999999999285,1
g,pooled,6255,,0.01249999999999285,1
g,pooled,6256,,0.01249999999999285,1
g,pooled,6257,,0.01249999999999285,1
g,pooled,6258,,0.01249999999999285,1
g,pooled,6259,,0.01249999999999285,1
g,pooled,6260,,0.01249999999999285,1
g,pooled,6261,,0.01249999999999285,1
g,pooled,6262,,0.01249999999999285,1
g,pooled,6263,,0.01249999999999285,1
g,pooled,6264,,0.01249999999999285,1
g,pooled,6265,,0.01249999999999285,1
g,pooled,6266,,0.01249999999999285,1
g,pooled,6267,,0.01249999999999285,1
g,pooled,6268,,0.01249999999999285,1
g,pooled,6269,,0.01249999999999285,1
g,pooled,6270,,0.01249999999999285,1
g,pooled,6271,,0.01249999999999285,1
g,pooled,6272,,0.01249999999999285,1
g,pooled,6273,,0.01249999999999285,1
g,pooled,6274,,0.01249999999999285,1
g,pooled,6275,,0.01249999999999285,1
g,pooled,6276,,0.01249999999999285,1
g,pooled,6277,,0.01249999999999285,1
g,pooled,6278,,0.01249999999999285,1
g,pooled,6279,,0.01249999999999285,1
g,pooled,6280,,0.01249999999999285,1
g,pooled,6281,,0.01249999999999285,1
g,pooled,6282,,0.01249999999999285,1
g,pooled,6283,,0.01249999999999285,1
g,pooled,6284,,0.01249999999999285,1
g,pooled,6285,,0.01249999999999285,1
g,pooled,6286,,0.01249999999999285,1
g,pooled,6287,,0.01249999999999285,1
g,pooled,6288,,0.01249999999999285,1
g,pooled,6289,,0.01249999999999285,1
g,pooled,6290,,0.01249999999999285,1
g,pooled,6291,,0.01249999999999285,1
g,pooled,6292,,0.01249999999999285,1
g,pooled,6293,,0.01249999999999285,1
g,pooled,6294,,0.01249999999999285,1
g,pooled,6295,,0.01249999999999285,1
g,pooled,6296,,0.01249999999999285,1
g,pooled,6297,,0.01249999999999285,1
g,pooled,6298,,0.01249999999999285,1
g,pooled,6299,,0.01249999999999285,1
g,pooled,6300,,0.01249999999999285,1
g,pooled,6301,,0.01249999999999285,1
g,pooled,6302,,0.01249999999999285,1
g,pooled,6303,,0.01249999999999285,1
g,pooled,6304,,0.01249999999999285,1
g,pooled,6305,,0.01249999999999285,1
g,pooled,6306,,0.01249999999999285,1
g,pooled,6307,,0.01249999999999285,1
g,pooled,6308,,0.01249999999999285,1
g,pooled,6309,,0.01249999999999285,1
g,pooled,6310,,0.01249999999999285,1
g,pooled,6311,,0.01249999999999285,1
g,pooled,6312,,0.01249999999999285,1
g,pooled,6313,,0.01249999999999285,1
g,pooled,6314,,0.01249999999999285,1
g,pooled,6315,,0.01249999999999285,1
g,pooled,6316,,0.01249999999999285,1
g,pooled,6317,,0.01249999999999285,1
g,pooled,6318,,0.01249999999999285,1
g,pooled,6319,,0.01249999999999285,1
g,pooled,6320,,0.01249999999999285,1
g,pooled,6321,,0.01249999999999285,1
g,pooled,6322,,0.01249999999999285,1
g,pooled,6323,,0.01249999999999285,1
g,pooled,6324,,0.01249999999999285,1
g,pooled,6325,,0.01249999999999285,1
g,pooled,6326,,0.01249999999999285,1
g,pooled,6327,,0.01249999999999285,1
g,pooled,6328,,0.01249999999999285,1
g,pooled,6329,,0.01249999999999285,1
g,pooled,6330,,0.01249999999999285,1
g,pooled,6331,,0.01249999999999285,1
g,pooled,6332,,0.01249999999999285,1
g,pooled,6333,,0.01249999999999285,1
g,pooled,6334,,0.01249999999999285,1
g,pooled,6335,,0.01249999999999285,1
g,pooled,6336,,0.01249999999999285,1
g,pooled,6337,,0.01249999999999285,1
g,pooled,6338,,0.01249999999999285,1
g,pooled,6339,,0.01249999999999285,1
g,pooled,6340,,0.01249999999999285,1
g,pooled,6341,,0.01249999999999285,1
g,pooled,6342,,0.01249999999999285,1
g,pooled,6343,,0.01249999999999285,1
g,pooled,6344,,0.01249999999999285,1
g,pooled,6345,,0.01249999999999285,1
g,pooled,6346,,0.01249999999999285,1
g,pooled,6347,,0.01249999999999285,1
g,pooled,6348,,0.01249999999999285,1
g,pooled,6349,,0.01249999999999285,1
g,pooled,6350,,0.01249999999999285,1
g,pooled,6351,,0.01249999999999285,1
g,pooled,6352,,0.01249999999999285,1
g,pooled,6353,,0.01249999999999285,1
g,pooled,6354,,0.01249999999999285,1
g,pooled,6355,,0.01249999999999285,1
g,pooled,6356,,0.01249999999999285,1
g,pooled,6357,,0.01249999999999285,1
g,pooled,6358,,0.01249999999999285,1
g,pooled,6359,,0.01249999999999285,1
g,pooled,6360,,0.01249999999999285,1
g,pooled,6361,,0.01249999999999285,1
g,pooled,6362,,0.01249999999999285,1
g,pooled,6363,,0.01249999999999285,1
g,pooled,6364,,0.01249999999999285,1
g,pooled,6365,,0.01249999999999285,1
g,pooled,6366,,0.01249999999999285,1
g,pooled,6367,,0.01249999999999285,1
g,pooled,6368,,0.01249999999999285,1
g,pooled,6369,,0.01249999999999285,1
g,pooled,6370,,0.01249999999999285,1
g,pooled,6371,,0.01249999999999285,1
g,pooled,6372,,0.03749999999999276,1
g,pooled,6373,,0.03749999999999276,1
g,pooled,6374,,0.03749999999999276,1
g,pooled,6375,,0.03749999999999276,1
g,pooled,6376,,0.03749999999999276,1
g,pooled,6377,,0.03749999999999276,1
g,pooled,6378,,0.03749999999999276,1
g,pooled,6379,,0.03749999999999276,1
g,pooled,6380,,0.03749999999999276,1
g,pooled,6381,,0.03749999999999276,1
g,pooled,6382,,0.03749999999999276,1
g,pooled,6383,,0.03749999999999276,1
g,pooled,6384,,0.03749999999999276,1
g,pooled,6385,,0.03749999999999276,1
g,pooled,6386,,0.03749999999999276,1
g,pooled,6387,,0.03749999999999276,1
g,pooled,6388,,0.03749999999999276,1
g,pooled,6389,,0.03749999999999276,1
g,pooled,6390,,0.03749999999999276,1
g,pooled,6391,,0.03749999999999276,1
g,pooled,6392,,0.03749999999999276,1
g,pooled,6393,,0.03749999999999276,1
g,pooled,6394,,0.03749999999999276,1
g,pooled,6395,,0.03749999999999276,1
g,pooled,6396,,0.03749999999999276,1
g,pooled,6397,,0.03749999999999276,1
g,pooled,6398,,0.03749999999999276,1
g,pooled,6399,,0.03749999999999276,1
g,pooled,6400,,0.03749999999999276,1
g,pooled,6401,,0.03749999999999276,1
g,pooled,6402,,0.03749999999999276,1
g,pooled,6403,,0.03749999999999276,1
g,pooled,6404,,0.03749999999999276,1
g,pooled,6405,,0.03749999999999276,1
g,pooled,6406,,0.03749999999999276,1
g,pooled,6407,,0.03749999999999276,1
g,pooled,6408,,0.03749999999999276,1
g,pooled,6409,,0.03749999999999276,1
g,pooled,6410,,0.03749999999999276,1
g,pooled,6411,,0.03749999999999276,1
g,pooled,6412,,0.03749999999999276,1
g,pooled,6413,,0.03749999999999276,1
g,pooled,6414,,0.03749999999999276,1
g,pooled,6415,,0.03749999999999276,1
g,pooled,6416,,0.03749999999999276,1
g,pooled,6417,,0.03749999999999276,1
g,pooled,6418,,0.03749999999999276,1
g,pooled,6419,,0.03749999999999276,1
g,pooled,6420,,0.03749999999999276,1
g,pooled,6421,,0.03749999999999276,1
g,pooled,6422,,0.03749999999999276,1
g,pooled,6423,,0.03749999999999276,1
g,pooled,6424,,0.03749999999999276,1
g,pooled,6425,,0.03749999999999276,1
g,pooled,6426,,0.03749999999999276,1
g,pooled,6427,,0.03749999999999276,1
g,pooled,6428,,0.03749999999999276,1
g,pooled,6429,,0.03749999999999276,1
g,pooled,6430,,0.03749999999999276,1
g,pooled,6431,,0.03749999999999276,1
g,pooled,6432,,0.03749999999999276,1
g,pooled,6433,,0.03749999999999276,1
g,pooled,6434,,0.03749999999999276,1
g,pooled,6435,,0.03749999999999276,1
g,pooled,6436,,0.03749999999999276,1
g,pooled,6437,,0.03749999999999276,1
g,pooled,6438,,0.03749999999999276,1
g,pooled,6439,,0.03749999999999276,1
g,pooled,6440,,0.03749999999999276,1
g,pooled,6441,,0.03749999999999276,1
g,pooled,6442,,0.03749999999999276,1
g,pooled,6443,,0.03749999999999276,1
g,pooled,6444,,0.03749999999999276,1
g,pooled,6445,,0.03749999999999276,1
g,pooled,6446,,0.03749999999999276,1
g,pooled,6447,,0.03749999999999276,1
g,pooled,6448,,0.03749999999999276,1
g,pooled,6449,,0.03749999999999276,1
g,pooled,6450,,0.03749999999999276,1
g,pooled,6451,,0.03749999999999276,1
g,pooled,6452,,0.03749999999999276,1
g,pooled,6453,,0.03749999999999276,1
g,pooled,6454,,0.03749999999999276,1
g,pooled,6455,,0.03749999999999276,1
g,pooled,6456,,0.03749999999999276,1
g,pooled,6457,,0.03749999999999276,1
g,pooled,6458,,0.03749999999999276,1
g,pooled,6459,,0.03749999999999276,1
g,pooled,6460,,0.03749999999999276,1
g,pooled,6461,,0.03749999999999276,1
g,pooled,6462,,0.03749999999999276,1
g,pooled,6463,,0.03749999999999276,1
g,pooled,6464,,0.03749999999999276,1
g,pooled,6465,,0.03749999999999276,1
g,pooled,6466,,0.03749999999999276,1
g,pooled,6467,,0.03749999999999276,1
g,pooled,6468,,0.03749999999999276,1
g,pooled,6469,,0.03749999999999276,1
g,pooled,6470,,0.03749999999999276,1
g,pooled,6471,,0.03749999999999276,1
g,pooled,6472,,0.03749999999999276,1
g,pooled,6473,,0.03749999999999276,1
g,pooled,6474,,0.03749999999999276,1
g,pooled,6475,,0.03749999999999276,1
g,pooled,6476,,0.03749999999999276,1
g,pooled,6477,,0.03749999999999276,1
g,pooled,6478,,0.03749999999999276,1
g,pooled,6479,,0.03749999999999276,1
g,pooled,6480,,0.03749999999999276,1
g,pooled,6481,,0.03749999999999276,1
g,pooled,6482,,0.03749999999999276,1
g,pooled,6483,,0.03749999999999276,1
g,pooled,6484,,0.03749999999999276,1
g,pooled,6485,,0.03749999999999276,1
g,pooled,6486,,0.03749999999999276,1
g,pooled,6487,,0.03749999999999276,1
g,pooled,6488,,0.03749999999999276,1
g,pooled,6489,,0.03749999999999276,1
g,pooled,6490,,0.03749999999999276,1
g,pooled,6491,,0.03749999999999276,1
g,pooled,6492,,0.03749999999999276,1
g,pooled,6493,,0.03749999999999276,1
g,pooled,6494,,0.03749999999999276,1
g,pooled,6495,,0.03749999999999276,1
g,pooled,6496,,0.03749999999999276,1
g,pooled,6497,,0.03749999999999276,1
g,pooled,6498,,0.03749999999999276,1
g,pooled,6499,,0.03749999999999276,1
g,pooled,6500,,0.03749999999999276,1
g,pooled,6501,,0.03749999999999276,1
g,pooled,6502,,0.03749999999999276,1
g,pooled,6503,,0.03749999999999276,1
g,pooled,6504,,0.03749999999999276,1
g,pooled,6505,,0.03749999999999276,1
g,pooled,6506,,0.03749999999999276,1
g,pooled,6507,,0.03749999999999276,1
g,pooled,6508,,0.03749999999999276,1
g,pooled,6509,,0.03749999999999276,1
g,pooled,6510,,0.03749999999999276,1
g,pooled,6511,,0.03749999999999276,1
g,pooled,6512,,0.03749999999999276,1
g,pooled,6513,,0.03749999999999276,1
g,pooled,6514,,0.03749999999999276,1
g,pooled,6515,,0.03749999999999276,1
g,pooled,6516,,0.03749999999999276,1
g,pooled,6517,,0.03749999999999276,1
g,pooled,6518,,0.03749999999999276,1
g,pooled,6519,,0.03749999999999276,1
g,pooled,6520,,0.03749999999999276,1
g,pooled,6521,,0.03749999999999276,1
g,pooled,6522,,0.03749999999999276,1
g,pooled,6523,,0.03749999999999276,1
g,pooled,6524,,0.03749999999999276,1
g,pooled,6525,,0.03749999999999276,1
g,pooled,6526,,0.03749999999999276,1
g,pooled,6527,,0.03749999999999276,1
g,pooled,6528,,0.03749999999999276,1
g,pooled,6529,,0.03749999999999276,1
g,pooled,6530,,0.03749999999999276,1
g,pooled,6531,,0.03749999999999276,1
g,pooled,6532,,0.03749999999999276,1
g,pooled,6533,,0.03749999999999276,1
g,pooled,6534,,0.03749999999999276,1
g,pooled,6535,,0.03749999999999276,1
g,pooled,6536,,0.03749999999999276,1
g,pooled,6537,,0.03749999999999276,1
g,pooled,6538,,0.03749999999999276,1
g,pooled,6539,,0.03749999999999276,1
g,pooled,6540,,0.03749999999999276,1
g,pooled,6541,,0.03749999999999276,1
g,pooled,6542,,0.03749999999999276,1
g,pooled,6543,,0.03749999999999276,1
g,pooled,6544,,0.03749999999999276,1
g,pooled,6545,,0.03749999999999276,1
g,pooled,6546,,0.03749999999999276,1
g,pooled,6547,,0.03749999999999276,1
g,pooled,6548,,0.03749999999999276,1
g,pooled,6549,,0.03749999999999276,1
g,pooled,6550,,0.03749999999999276,1
g,pooled,6551,,0.03749999999999276,1
g,pooled,6552,,0.03749999999999276,1
g,pooled,6553,,0.03749999999999276,1
g,pooled,6554,,0.03749999999999276,1
g,pooled,6555,,0.03749999999999276,1
g,pooled,6556,,0.03749999999999276,1
g,pooled,6557,,0.03749999999999276,1
g,pooled,6558,,0.03749999999999276,1
g,pooled,6559,,0.03749999999999276,1
g,pooled,6560,,0.03749999999999276,1
g,pooled,6561,,0.03749999999999276,1
g,pooled,6562,,0.03749999999999276,1
g,pooled,6563,,0.03749999999999276,1
g,pooled,6564,,0.03749999999999276,1
g,pooled,6565,,0.03749999999999276,1
g,pooled,6566,,0.03749999999999276,1
g,pooled,6567,,0.03749999999999276,1
g,pooled,6568,,0.03749999999999276,1
g,pooled,6569,,0.03749999999999276,1
g,pooled,6570,,0.03749999999999276,1
g,pooled,6571,,0.03749999999999276,1
g,pooled,6572,,0.03749999999999276,1
g,pooled,6573,,0.03749999999999276,1
g,pooled,6574,,0.03749999999999276,1
g,pooled,6575,,0.03749999999999276,1
g,pooled,6576,,0.03749999999999276,1
g,pooled,6577,,0.03749999999999276,1
g,pooled,6578,,0.03749999999999276,1
g,pooled,6579,,0.03749999999999276,1
g,pooled,6580,,0.03749999999999276,1
g,pooled,6581,,0.03749999999999276,1
g,pooled,6582,,0.03749999999999276,1
g,pooled,6583,,0.03749999999999276,1
g,pooled,6584,,0.03749999999999276,1
g,pooled,6585,,0.03749999999999276,1
g,pooled,6586,,0.03749999999999276,1
g,pooled,6587,,0.03749999999999276,1
g,pooled,6588,,0.03749999999999276,1
g,pooled,6589,,0.03749999999999276,1
g,pooled,6590,,0.03749999999999276,1
g,pooled,6591,,0.03749999999999276,1
g,pooled,6592,,0.03749999999999276,1
g,pooled,6593,,0.03749999999999276,1
g,pooled,6594,,0.03749999999999276,1
g,pooled,6595,,0.03749999999999276,1
g,pooled,6596,,0.03749999999999276,1
g,pooled,6597,,0.03749999999999276,1
g,pooled,6598,,0.03749999999999276,1
g,pooled,6599,,0.03749999999999276,1
g,pooled,6600,,0.03749999999999276,1
g,pooled,6601,,0.03749999999999276,1
g,pooled,6602,,0.03749999999999276,1
g,pooled,6603,,0.03749999999999276,1
g,pooled,6604,,0.03749999999999276,1
g,pooled,6605,,0.03749999999999276,1
g,pooled,6606,,0.03749999999999276,1
g,pooled,6607,,0.03749999999999276,1
g,pooled,6608,,0.03749999999999276,1
g,pooled,6609,,0.03749999999999276,1
g,pooled,6610,,0.03749999999999276,1
g,pooled,6611,,0.03749999999999276,1
g,pooled,6612,,0.03749999999999276,1
g,pooled,6613,,0.03749999999999276,1
g,pooled,6614,,0.03749999999999276,1
g,pooled,6615,,0.03749999999999276,1
g,pooled,6616,,0.03749999999999276,1
g,pooled,6617,,0.03749999999999276,1
g,pooled,6618,,0.03749999999999276,1
g,pooled,6619,,0.03749999999999276,1
g,pooled,6620,,0.03749999999999276,1
g,pooled,6621,,0.03749999999999276,1
g,pooled,6622,,0.03749999999999276,1
g,pooled,6623,,0.03749999999999276,1
g,pooled,6624,,0.03749999999999276,1
g,pooled,6625,,0.03749999999999276,1
g,pooled,6626,,0.03749999999999276,1
g,pooled,6627,,0.03749999999999276,1
g,pooled,6628,,0.03749999999999276,1
g,pooled,6629,,0.03749999999999276,1
g,pooled,6630,,0.03749999999999276,1
g,pooled,6631,,0.03749999999999276,1
g,pooled,6632,,0.03749999999999276,1
g,pooled,6633,,0.03749999999999276,1
g,pooled,6634,,0.03749999999999276,1
g,pooled,6635,,0.03749999999999276,1
g,pooled,6636,,0.06249999999999267,1
g,pooled,6637,,0.06249999999999267,1
g,pooled,6638,,0.06249999999999267,1
g,pooled,6639,,0.06249999999999267,1
g,pooled,6640,,0.06249999999999267,1
g,pooled,6641,,0.06249999999999267,1
g,pooled,6642,,0.06249999999999267,1
g,pooled,6643,,0.06249999999999267,1
g,pooled,6644,,0.06249999999999267,1
g,pooled,6645,,0.06249999999999267,1
g,pooled,6646,,0.06249999999999267,1
g,pooled,6647,,0.06249999999999267,1
g,pooled,6648,,0.06249999999999267,1
g,pooled,6649,,0.06249999999999267,1
g,pooled,6650,,0.06249999999999267,1
g,pooled,6651,,0.06249999999999267,1
g,pooled,6652,,0.06249999999999267,1
g,pooled,6653,,0.06249999999999267,1
g,pooled,6654,,0.06249999999999267,1
g,pooled,6655,,0.06249999999999267,1
g,pooled,6656,,0.06249999999999267,1
g,pooled,6657,,0.06249999999999267,1
g,pooled,6658,,0.06249999999999267,1
g,pooled,6659,,0.06249999999999267,1
g,pooled,6660,,0.06249999999999267,1
g,pooled,6661,,0.06249999999999267,1
g,pooled,6662,,0.06249999999999267,1
g,pooled,6663,,0.06249999999999267,1
g,pooled,6664,,0.06249999999999267,1
g,pooled,6665,,0.06249999999999267,1
g,pooled,6666,,0.06249999999999267,1
g,pooled,6667,,0.06249999999999267,1
g,pooled,6668,,0.06249999999999267,1
g,pooled,6669,,0.06249999999999267,1
g,pooled,6670,,0.06249999999999267,1
g,pooled,6671,,0.06249999999999267,1
g,pooled,6672,,0.06249999999999267,1
g,pooled,6673,,0.06249999999999267,1
g,pooled,6674,,0.06249999999999267,1
g,pooled,6675,,0.06249999999999267,1
g,pooled,6676,,0.06249999999999267,1
g,pooled,6677,,0.06249999999999267,1
g,pooled,6678,,0.06249999999999267,1
g,pooled,6679,,0.06249999999999267,1
g,pooled,6680,,0.06249999999999267,1
g,pooled,6681,,0.06249999999999267,1
g,pooled,6682,,0.06249999999999267,1
g,pooled,6683,,0.06249999999999267,1
g,pooled,6684,,0.06249999999999267,1
g,pooled,6685,,0.06249999999999267,1
g,pooled,6686,,0.06249999999999267,1
g,pooled,6687,,0.06249999999999267,1
g,pooled,6688,,0.06249999999999267,1
g,pooled,6689,,0.06249999999999267,1
g,pooled,6690,,0.06249999999999267,1
g,pooled,6691,,0.06249999999999267,1
g,pooled,6692,,0.06249999999999267,1
g,pooled,6693,,0.06249999999999267,1
g,pooled,6694,,0.06249999999999267,1
g,pooled,6695,,0.06249999999999267,1
g,pooled,6696,,0.06249999999999267,1
g,pooled,6697,,0.06249999999999267,1
g,pooled,6698,,0.06249999999999267,1
g,pooled,6699,,0.06249999999999267,1
g,pooled,6700,,0.06249999999999267,1
g,pooled,6701,,0.06249999999999267,1
g,pooled,6702,,0.06249999999999267,1
g,pooled,6703,,0.06249999999999267,1
g,pooled,6704,,0.06249999999999267,1
g,pooled,6705,,0.06249999999999267,1
g,pooled,6706,,0.06249999999999267,1
g,pooled,6707,,0.06249999999999267,1
g,pooled,6708,,0.06249999999999267,1
g,pooled,6709,,0.06249999999999267,1
g,pooled,6710,,0.06249999999999267,1
g,pooled,6711,,0.06249999999999267,1
g,pooled,6712,,0.06249999999999267,1
g,pooled,6713,,0.06249999999999267,1
g,pooled,6714,,0.06249999999999267,1
g,pooled,6715,,0.06249999999999267,1
g,pooled,6716,,0.06249999999999267,1
g,pooled,6717,,0.06249999999999267,1
g,pooled,6718,,0.06249999999999267,1
g,pooled,6719,,0.06249999999999267,1
g,pooled,6720,,0.06249999999999267,1
g,pooled,6721,,0.06249999999999267,1
g,pooled,6722,,0.06249999999999267,1
g,pooled,6723,,0.06249999999999267,1
g,pooled,6724,,0.06249999999999267,1
g,pooled,6725,,0.06249999999999267,1
g,pooled,6726,,0.06249999999999267,1
g,pooled,6727,,0.06249999999999267,1
g,pooled,6728,,0.06249999999999267,1
g,pooled,6729,,0.06249999999999267,1
g,pooled,6730,,0.06249999999999267,1
g,pooled,6731,,0.06249999999999267,1
g,pooled,6732,,0.06249999999999267,1
g,pooled,6733,,0.06249999999999267,1
g,pooled,6734,,0.06249999999999267,1
g,pooled,6735,,0.06249999999999267,1
g,pooled,6736,,0.06249999999999267,1
g,pooled,6737,,0.06249999999999267,1
g,pooled,6738,,0.06249999999999267,1
g,pooled,6739,,0.06249999999999267,1
g,pooled,6740,,0.06249999999999267,1
g,pooled,6741,,0.06249999999999267,1
g,pooled,6742,,0.06249999999999267,1
g,pooled,6743,,0.06249999999999267,1
g,pooled,6744,,0.06249999999999267,1
g,pooled,6745,,0.06249999999999267,1
g,pooled,6746,,0.06249999999999267,1
g,pooled,6747,,0.06249999999999267,1
g,pooled,6748,,0.06249999999999267,1
g,pooled,6749,,0.06249999999999267,1
g,pooled,6750,,0.06249999999999267,1
g,pooled,6751,,0.06249999999999267,1
g,pooled,6752,,0.06249999999999267,1
g,pooled,6753,,0.06249999999999267,1
g,pooled,6754,,0.06249999999999267,1
g,pooled,6755,,0.06249999999999267,1
g,pooled,6756,,0.06249999999999267,1
g,pooled,6757,,0.06249999999999267,1
g,pooled,6758,,0.06249999999999267,1
g,pooled,6759,,0.06249999999999267,1
g,pooled,6760,,0.06249999999999267,1
g,pooled,6761,,0.06249999999999267,1
g,pooled,6762,,0.06249999999999267,1
g,pooled,6763,,0.06249999999999267,1
g,pooled,6764,,0.06249999999999267,1
g,pooled,6765,,0.06249999999999267,1
g,pooled,6766,,0.06249999999999267,1
g,pooled,6767,,0.06249999999999267,1
g,pooled,6768,,0.06249999999999267,1
g,pooled,6769,,0.06249999999999267,1
g,pooled,6770,,0.06249999999999267,1
g,pooled,6771,,0.06249999999999267,1
g,pooled,6772,,0.06249999999999267,1
g,pooled,6773,,0.06249999999999267,1
g,pooled,6774,,0.06249999999999267,1
g,pooled,6775,,0.06249999999999267,1
g,pooled,6776,,0.06249999999999267,1
g,pooled,6777,,0.06249999999999267,1
g,pooled,6778,,0.06249999999999267,1
g,pooled,6779,,0.06249999999999267,1
g,pooled,6780,,0.06249999999999267,1
g,pooled,6781,,0.06249999999999267,1
g,pooled,6782,,0.06249999999999267,1
g,pooled,6783,,0.06249999999999267,1
g,pooled,6784,,0.06249999999999267,1
g,pooled,6785,,0.06249999999999267,1
g,pooled,6786,,0.06249999999999267,1
g,pooled,6787,,0.06249999999999267,1
g,pooled,6788,,0.06249999999999267,1
g,pooled,6789,,0.06249999999999267,1
g,pooled,6790,,0.06249999999999267,1
g,pooled,6791,,0.06249999999999267,1
g,pooled,6792,,0.06249999999999267,1
g,pooled,6793,,0.06249999999999267,1
g,pooled,6794,,0.06249999999999267,1
g,pooled,6795,,0.06249999999999267,1
g,pooled,6796,,0.06249999999999267,1
g,pooled,6797,,0.06249999999999267,1
g,pooled,6798,,0.06249999999999267,1
g,pooled,6799,,0.06249999999999267,1
g,pooled,6800,,0.06249999999999267,1
g,pooled,6801,,0.06249999999999267,1
g,pooled,6802,,0.06249999999999267,1
g,pooled,6803,,0.06249999999999267,1
g,pooled,6804,,0.06249999999999267,1
g,pooled,6805,,0.06249999999999267,1
g,pooled,6806,,0.06249999999999267,1
g,pooled,6807,,0.06249999999999267,1
g,pooled,6808,,0.06249999999999267,1
g,pooled,6809,,0.06249999999999267,1
g,pooled,6810,,0.06249999999999267,1
g,pooled,6811,,0.06249999999999267,1
g,pooled,6812,,0.06249999999999267,1
g,pooled,6813,,0.06249999999999267,1
g,pooled,6814,,0.06249999999999267,1
g,pooled,6815,,0.06249999999999267,1
g,pooled,6816,,0.06249999999999267,1
g,pooled,6817,,0.06249999999999267,1
g,pooled,6818,,0.06249999999999267,1
g,pooled,6819,,0.06249999999999267,1
g,pooled,6820,,0.06249999999999267,1
g,pooled,6821,,0.06249999999999267,1
g,pooled,6822,,0.06249999999999267,1
g,pooled,6823,,0.06249999999999267,1
g,pooled,6824,,0.06249999999999267,1
g,pooled,6825,,0.06249999999999267,1
g,pooled,6826,,0.06249999999999267,1
g,pooled,6827,,0.06249999999999267,1
g,pooled,6828,,0.06249999999999267,1
g,pooled,6829,,0.06249999999999267,1
g,pooled,6830,,0.06249999999999267,1
g,pooled,6831,,0.06249999999999267,1
g,pooled,6832,,0.06249999999999267,1
g,pooled,6833,,0.06249999999999267,1
g,pooled,6834,,0.06249999999999267,1
g,pooled,6835,,0.06249999999999267,1
g,pooled,6836,,0.06249999999999267,1
g,pooled,6837,,0.06249999999999267,1
g,pooled,6838,,0.06249999999999267,1
g,pooled,6839,,0.06249999999999267,1
g,pooled,6840,,0.06249999999999267,1
g,pooled,6841,,0.06249999999999267,1
g,pooled,6842,,0.06249999999999267,1
g,pooled,6843,,0.06249999999999267,1
g,pooled,6844,,0.06249999999999267,1
g,pooled,6845,,0.06249999999999267,1
g,pooled,6846,,0.06249999999999267,1
g,pooled,6847,,0.06249999999999267,1
g,pooled,6848,,0.06249999999999267,1
g,pooled,6849,,0.06249999999999267,1
g,pooled,6850,,0.06249999999999267,1
g,pooled,6851,,0.06249999999999267,1
g,pooled,6852,,0.06249999999999267,1
g,pooled,6853,,0.06249999999999267,1
g,pooled,6854,,0.06249999999999267,1
g,pooled,6855,,0.06249999999999267,1
g,pooled,6856,,0.06249999999999267,1
g,pooled,6857,,0.06249999999999267,1
g,pooled,6858,,0.06249999999999267,1
g,pooled,6859,,0.06249999999999267,1
g,pooled,6860,,0.06249999999999267,1
g,pooled,6861,,0.06249999999999267,1
g,pooled,6862,,0.06249999999999267,1
g,pooled,6863,,0.06249999999999267,1
g,pooled,6864,,0.06249999999999267,1
g,pooled,6865,,0.06249999999999267,1
g,pooled,6866,,0.06249999999999267,1
g,pooled,6867,,0.06249999999999267,1
g,pooled,6868,,0.06249999999999267,1
g,pooled,6869,,0.06249999999999267,1
g,pooled,6870,,0.06249999999999267,1
g,pooled,6871,,0.06249999999999267,1
g,pooled,6872,,0.06249999999999267,1
g,pooled,6873,,0.08749999999999258,1
g,pooled,6874,,0.08749999999999258,1
g,pooled,6875,,0.08749999999999258,1
g,pooled,6876,,0.08749999999999258,1
g,pooled,6877,,0.08749999999999258,1
g,pooled,6878,,0.08749999999999258,1
g,pooled,6879,,0.08749999999999258,1
g,pooled,6880,,0.08749999999999258,1
g,pooled,6881,,0.08749999999999258,1
g,pooled,6882,,0.08749999999999258,1
g,pooled,6883,,0.08749999999999258,1
g,pooled,6884,,0.08749999999999258,1
g,pooled,6885,,0.08749999999999258,1
g,pooled,6886,,0.08749999999999258,1
g,pooled,6887,,0.08749999999999258,1
g,pooled,6888,,0.08749999999999258,1
g,pooled,6889,,0.08749999999999258,1
g,pooled,6890,,0.08749999999999258,1
g,pooled,6891,,0.08749999999999258,1
g,pooled,6892,,0.08749999999999258,1
g,pooled,6893,,0.08749999999999258,1
g,pooled,6894,,0.08749999999999258,1
g,pooled,6895,,0.08749999999999258,1
g,pooled,6896,,0.08749999999999258,1
g,pooled,6897,,0.08749999999999258,1
g,pooled,6898,,0.08749999999999258,1
g,pooled,6899,,0.08749999999999258,1
g,pooled,6900,,0.08749999999999258,1
g,pooled,6901,,0.08749999999999258,1
g,pooled,6902,,0.08749999999999258,1
g,pooled,6903,,0.08749999999999258,1
g,pooled,6904,,0.08749999999999258,1
g,pooled,6905,,0.08749999999999258,1
g,pooled,6906,,0.08749999999999258,1
g,pooled,6907,,0.08749999999999258,1
g,pooled,6908,,0.08749999999999258,1
g,pooled,6909,,0.08749999999999258,1
g,pooled,6910,,0.08749999999999258,1
g,pooled,6911,,0.08749999999999258,1
g,pooled,6912,,0.08749999999999258,1
g,pooled,6913,,0.08749999999999258,1
g,pooled,6914,,0.08749999999999258,1
g,pooled,6915,,0.08749999999999258,1
g,pooled,6916,,0.08749999999999258,1
g,pooled,6917,,0.08749999999999258,1
g,pooled,6918,,0.08749999999999258,1
g,pooled,6919,,0.08749999999999258,1
g,pooled,6920,,0.08749999999999258,1
g,pooled,6921,,0.08749999999999258,1
g,pooled,6922,,0.08749999999999258,1
g,pooled,6923,,0.08749999999999258,1
g,pooled,6924,,0.08749999999999258,1
g,pooled,6925,,0.08749999999999258,1
g,pooled,6926,,0.08749999999999258,1
g,pooled,6927,,0.08749999999999258,1
g,pooled,6928,,0.08749999999999258,1
g,pooled,6929,,0.08749999999999258,1
g,pooled,6930,,0.08749999999999258,1
g,pooled,6931,,0.08749999999999258,1
g,pooled,6932,,0.08749999999999258,1
g,pooled,6933,,0.08749999999999258,1
g,pooled,6934,,0.08749999999999258,1
g,pooled,6935,,0.08749999999999258,1
g,pooled,6936,,0.08749999999999258,1
g,pooled,6937,,0.08749999999999258,1
g,pooled,6938,,0.08749999999999258,1
g,pooled,6939,,0.08749999999999258,1
g,pooled,6940,,0.08749999999999258,1
g,pooled,6941,,0.08749999999999258,1
g,pooled,6942,,0.08749999999999258,1
g,pooled,6943,,0.08749999999999258,1
g,pooled,6944,,0.08749999999999258,1
g,pooled,6945,,0.08749999999999258,1
g,pooled,6946,,0.08749999999999258,1
g,pooled,6947,,0.08749999999999258,1
g,pooled,6948,,0.08749999999999258,1
g,pooled,6949,,0.08749999999999258,1
g,pooled,6950,,0.08749999999999258,1
g,pooled,6951,,0.08749999999999258,1
g,pooled,6952,,0.08749999999999258,1
g,pooled,6953,,0.08749999999999258,1
g,pooled,6954,,0.08749999999999258,1
g,pooled,6955,,0.08749999999999258,1
g,pooled,6956,,0.08749999999999258,1
g,pooled,6957,,0.08749999999999258,1
g,pooled,6958,,0.08749999999999258,1
g,pooled,6959,,0.08749999999999258,1
g,pooled,6960,,0.08749999999999258,1
g,pooled,6961,,0.08749999999999258,1
g,pooled,6962,,0.08749999999999258,1
g,pooled,6963,,0.08749999999999258,1
g,pooled,6964,,0.08749999999999258,1
g,pooled,6965,,0.08749999999999258,1
g,pooled,6966,,0.08749999999999258,1
g,pooled,6967,,0.08749999999999258,1
g,pooled,6968,,0.08749999999999258,1
g,pooled,6969,,0.08749999999999258,1
g,pooled,6970,,0.08749999999999258,1
g,pooled,6971,,0.08749999999999258,1
g,pooled,6972,,0.08749999999999258,1
g,pooled,6973,,0.08749999999999258,1
g,pooled,6974,,0.08749999999999258,1
g,pooled,6975,,0.08749999999999258,1
g,pooled,6976,,0.08749999999999258,1
g,pooled,6977,,0.08749999999999258,1
g,pooled,6978,,0.08749999999999258,1
g,pooled,6979,,0.08749999999999258,1
g,pooled,6980,,0.08749999999999258,1
g,pooled,6981,,0.08749999999999258,1
g,pooled,6982,,0.08749999999999258,1
g,pooled,6983,,0.08749999999999258,1
g,pooled,6984,,0.08749999999999258,1
g,pooled,6985,,0.08749999999999258,1
g,pooled,6986,,0.08749999999999258,1
g,pooled,6987,,0.08749999999999258,1
g,pooled,6988,,0.08749999999999258,1
g,pooled,6989,,0.08749999999999258,1
g,pooled,6990,,0.08749999999999258,1
g,pooled,6991,,0.08749999999999258,1
g,pooled,6992,,0.08749999999999258,1
g,pooled,6993,,0.08749999999999258,1
g,pooled,6994,,0.08749999999999258,1
g,pooled,6995,,0.08749999999999258,1
g,pooled,6996,,0.08749999999999258,1
g,pooled,6997,,0.08749999999999258,1
g,pooled,6998,,0.08749999999999258,1
g,pooled,6999,,0.08749999999999258,1
g,pooled,7000,,0.08749999999999258,1
g,pooled,7001,,0.08749999999999258,1
g,pooled,7002,,0.08749999999999258,1
g,pooled,7003,,0.08749999999999258,1
g,pooled,7004,,0.08749999999999258,1
g,pooled,7005,,0.08749999999999258,1
g,pooled,7006,,0.08749999999999258,1
g,pooled,7007,,0.08749999999999258,1
g,pooled,7008,,0.08749999999999258,1
g,pooled,7009,,0.08749999999999258,1
g,pooled,7010,,0.08749999999999258,1
g,pooled,7011,,0.08749999999999258,1
g,pooled,7012,,0.08749999999999258,1
g,pooled,7013,,0.08749999999999258,1
g,pooled,7014,,0.08749999999999258,1
g,pooled,7015,,0.08749999999999258,1
g,pooled,7016,,0.08749999999999258,1
g,pooled,7017,,0.08749999999999258,1
g,pooled,7018,,0.08749999999999258,1
g,pooled,7019,,0.08749999999999258,1
g,pooled,7020,,0.08749999999999258,1
g,pooled,7021,,0.08749999999999258,1
g,pooled,7022,,0.08749999999999258,1
g,pooled,7023,,0.08749999999999258,1
g,pooled,7024,,0.08749999999999258,1
g,pooled,7025,,0.08749999999999258,1
g,pooled,7026,,0.08749999999999258,1
g,pooled,7027,,0.08749999999999258,1
g,pooled,7028,,0.08749999999999258,1
g,pooled,7029,,0.08749999999999258,1
g,pooled,7030,,0.08749999999999258,1
g,pooled,7031,,0.08749999999999258,1
g,pooled,7032,,0.08749999999999258,1
g,pooled,7033,,0.08749999999999258,1
g,pooled,7034,,0.08749999999999258,1
g,pooled,7035,,0.08749999999999258,1
g,pooled,7036,,0.08749999999999258,1
g,pooled,7037,,0.08749999999999258,1
g,pooled,7038,,0.08749999999999258,1
g,pooled,7039,,0.08749999999999258,1
g,pooled,7040,,0.08749999999999258,1
g,pooled,7041,,0.08749999999999258,1
g,pooled,7042,,0.08749999999999258,1
g,pooled,7043,,0.08749999999999258,1
g,pooled,7044,,0.08749999999999258,1
g,pooled,7045,,0.08749999999999258,1
g,pooled,7046,,0.08749999999999258,1
g,pooled,7047,,0.08749999999999258,1
g,pooled,7048,,0.08749999999999258,1
g,pooled,7049,,0.08749999999999258,1
g,pooled,7050,,0.08749999999999258,1
g,pooled,7051,,0.08749999999999258,1
g,pooled,7052,,0.08749999999999258,1
g,pooled,7053,,0.08749999999999258,1
g,pooled,7054,,0.08749999999999258,1
g,pooled,7055,,0.08749999999999258,1
g,pooled,7056,,0.08749999999999258,1
g,pooled,7057,,0.08749999999999258,1
g,pooled,7058,,0.08749999999999258,1
g,pooled,7059,,0.08749999999999258,1
g,pooled,7060,,0.08749999999999258,1
g,pooled,7061,,0.08749999999999258,1
g,pooled,7062,,0.08749999999999258,1
g,pooled,7063,,0.08749999999999258,1
g,pooled,7064,,0.08749999999999258,1
g,pooled,7065,,0.08749999999999258,1
g,pooled,7066,,0.08749999999999258,1
g,pooled,7067,,0.08749999999999258,1
g,pooled,7068,,0.08749999999999258,1
g,pooled,7069,,0.08749999999999258,1
g,pooled,7070,,0.08749999999999258,1
g,pooled,7071,,0.08749999999999258,1
g,pooled,7072,,0.08749999999999258,1
g,pooled,7073,,0.08749999999999258,1
g,pooled,7074,,0.08749999999999258,1
g,pooled,7075,,0.08749999999999258,1
g,pooled,7076,,0.08749999999999258,1
g,pooled,7077,,0.08749999999999258,1
g,pooled,7078,,0.08749999999999258,1
g,pooled,7079,,0.08749999999999258,1
g,pooled,7080,,0.08749999999999258,1
g,pooled,7081,,0.08749999999999258,1
g,pooled,7082,,0.08749999999999258,1
g,pooled,7083,,0.08749999999999258,1
g,pooled,7084,,0.08749999999999258,1
g,pooled,7085,,0.08749999999999258,1
g,pooled,7086,,0.08749999999999258,1
g,pooled,7087,,0.08749999999999258,1
g,pooled,7088,,0.08749999999999258,1
g,pooled,7089,,0.08749999999999258,1
g,pooled,7090,,0.08749999999999258,1
g,pooled,7091,,0.08749999999999258,1
g,pooled,7092,,0.08749999999999258,1
g,pooled,7093,,0.08749999999999258,1
g,pooled,7094,,0.1124999999999925,1
g,pooled,7095,,0.1124999999999925,1
g,pooled,7096,,0.1124999999999925,1
g,pooled,7097,,0.1124999999999925,1
g,pooled,7098,,0.1124999999999925,1
g,pooled,7099,,0.1124999999999925,1
g,pooled,7100,,0.1124999999999925,1
g,pooled,7101,,0.1124999999999925,1
g,pooled,7102,,0.1124999999999925,1
g,pooled,7103,,0.1124999999999925,1
g,pooled,7104,,0.1124999999999925,1
g,pooled,7105,,0.1124999999999925,1
g,pooled,7106,,0.1124999999999925,1
g,pooled,7107,,0.1124999999999925,1
g,pooled,7108,,0.1124999999999925,1
g,pooled,7109,,0.1124999999999925,1
g,pooled,7110,,0.1124999999999925,1
g,pooled,7111,,0.1124999999999925,1
g,pooled,7112,,0.1124999999999925,1
g,pooled,7113,,0.1124999999999925,1
g,pooled,7114,,0.1124999999999925,1
g,pooled,7115,,0.1124999999999925,1
g,pooled,7116,,0.1124999999999925,1
g,pooled,7117,,0.1124999999999925,1
g,pooled,7118,,0.1124999999999925,1
g,pooled,7119,,0.1124999999999925,1
g,pooled,7120,,0.1124999999999925,1
g,pooled,7121,,0.1124999999999925,1
g,pooled,7122,,0.1124999999999925,1
g,pooled,7123,,0.1124999999999925,1
g,pooled,7124,,0.1124999999999925,1
g,pooled,7125,,0.1124999999999925,1
g,pooled,7126,,0.1124999999999925,1
g,pooled,7127,,0.1124999999999925,1
g,pooled,7128,,0.1124999999999925,1
g,pooled,7129,,0.1124999999999925,1
g,pooled,7130,,0.1124999999999925,1
g,pooled,7131,,0.1124999999999925,1
g,pooled,7132,,0.1124999999999925,1
g,pooled,7133,,0.1124999999999925,1
g,pooled,7134,,0.1124999999999925,1
g,pooled,7135,,0.1124999999999925,1
g,pooled,7136,,0.1124999999999925,1
g,pooled,7137,,0.1124999999999925,1
g,pooled,7138,,0.1124999999999925,1
g,pooled,7139,,0.1124999999999925,1
g,pooled,7140,,0.1124999999999925,1
g,pooled,7141,,0.1124999999999925,1
g,pooled,7142,,0.1124999999999925,1
g,pooled,7143,,0.1124999999999925,1
g,pooled,7144,,0.1124999999999925,1
g,pooled,7145,,0.1124999999999925,1
g,pooled,7146,,0.1124999999999925,1
g,pooled,7147,,0.1124999999999925,1
g,pooled,7148,,0.1124999999999925,1
g,pooled,7149,,0.1124999999999925,1
g,pooled,7150,,0.1124999999999925,1
g,pooled,7151,,0.1124999999999925,1
g,pooled,7152,,0.1124999999999925,1
g,pooled,7153,,0.1124999999999925,1
g,pooled,7154,,0.1124999999999925,1
g,pooled,7155,,0.1124999999999925,1
g,pooled,7156,,0.1124999999999925,1
g,pooled,7157,,0.1124999999999925,1
g,pooled,7158,,0.1124999999999925,1
g,pooled,7159,,0.1124999999999925,1
g,pooled,7160,,0.1124999999999925,1
g,pooled,7161,,0.1124999999999925,1
g,pooled,7162,,0.1124999999999925,1
g,pooled,7163,,0.1124999999999925,1
g,pooled,7164,,0.1124999999999925,1
g,pooled,7165,,0.1124999999999925,1
g,pooled,7166,,0.1124999999999925,1
g,pooled,7167,,0.1124999999999925,1
g,pooled,7168,,0.1124999999999925,1
g,pooled,7169,,0.1124999999999925,1
g,pooled,7170,,0.1124999999999925,1
g,pooled,7171,,0.1124999999999925,1
g,pooled,7172,,0.1124999999999925,1
g,pooled,7173,,0.1124999999999925,1
g,pooled,7174,,0.1124999999999925,1
g,pooled,7175,,0.1124999999999925,1
g,pooled,7176,,0.1124999999999925,1
g,pooled,7177,,0.1124999999999925,1
g,pooled,7178,,0.1124999999999925,1
g,pooled,7179,,0.1124999999999925,1
g,pooled,7180,,0.1124999999999925,1
g,pooled,7181,,0.1124999999999925,1
g,pooled,7182,,0.1124999999999925,1
g,pooled,7183,,0.1124999999999925,1
g,pooled,7184,,0.1124999999999925,1
g,pooled,7185,,0.1124999999999925,1
g,pooled,7186,,0.1124999999999925,1
g,pooled,7187,,0.1124999999999925,1
g,pooled,7188,,0.1124999999999925,1
g,pooled,7189,,0.1124999999999925,1
g,pooled,7190,,0.1124999999999925,1
g,pooled,7191,,0.1124999999999925,1
g,pooled,7192,,0.1124999999999925,1
g,pooled,7193,,0.1124999999999925,1
g,pooled,7194,,0.1124999999999925,1
g,pooled,7195,,0.1124999999999925,1
g,pooled,7196,,0.1124999999999925,1
g,pooled,7197,,0.1124999999999925,1
g,pooled,7198,,0.1124999999999925,1
g,pooled,7199,,0.1124999999999925,1
g,pooled,7200,,0.1124999999999925,1
g,pooled,7201,,0.1124999999999925,1
g,pooled,7202,,0.1124999999999925,1
g,pooled,7203,,0.1124999999999925,1
g,pooled,7204,,0.1124999999999925,1
g,pooled,7205,,0.1124999999999925,1
g,pooled,7206,,0.1124999999999925,1
g,pooled,7207,,0.1124999999999925,1
g,pooled,7208,,0.1124999999999925,1
g,pooled,7209,,0.1124999999999925,1
g,pooled,7210,,0.1124999999999925,1
g,pooled,7211,,0.1124999999999925,1
g,pooled,7212,,0.1124999999999925,1
g,pooled,7213,,0.1124999999999925,1
g,pooled,7214,,0.1124999999999925,1
g,pooled,7215,,0.1124999999999925,1
g,pooled,7216,,0.1124999999999925,1
g,pooled,7217,,0.1124999999999925,1
g,pooled,7218,,0.1124999999999925,1
g,pooled,7219,,0.1124999999999925,1
g,pooled,7220,,0.1124999999999925,1
g,pooled,7221,,0.1124999999999925,1
g,pooled,7222,,0.1124999999999925,1
g,pooled,7223,,0.1124999999999925,1
g,pooled,7224,,0.1124999999999925,1
g,pooled,7225,,0.1124999999999925,1
g,pooled,7226,,0.1124999999999925,1
g,pooled,7227,,0.1124999999999925,1
g,pooled,7228,,0.1124999999999925,1
g,pooled,7229,,0.1124999999999925,1
g,pooled,7230,,0.1124999999999925,1
g,pooled,7231,,0.1124999999999925,1
g,pooled,7232,,0.1124999999999925,1
g,pooled,7233,,0.1124999999999925,1
g,pooled,7234,,0.1124999999999925,1
g,pooled,7235,,0.1124999999999925,1
g,pooled,7236,,0.1124999999999925,1
g,pooled,7237,,0.1124999999999925,1
g,pooled,7238,,0.1124999999999925,1
g,pooled,7239,,0.1124999999999925,1
g,pooled,7240,,0.1124999999999925,1
g,pooled,7241,,0.1124999999999925,1
g,pooled,7242,,0.1124999999999925,1
g,pooled,7243,,0.1124999999999925,1
g,pooled,7244,,0.1124999999999925,1
g,pooled,7245,,0.1124999999999925,1
g,pooled,7246,,0.1124999999999925,1
g,pooled,7247,,0.1124999999999925,1
g,pooled,7248,,0.1124999999999925,1
g,pooled,7249,,0.1124999999999925,1
g,pooled,7250,,0.1124999999999925,1
g,pooled,7251,,0.1124999999999925,1
g,pooled,7252,,0.1124999999999925,1
g,pooled,7253,,0.1124999999999925,1
g,pooled,7254,,0.1124999999999925,1
g,pooled,7255,,0.1124999999999925,1
g,pooled,7256,,0.1124999999999925,1
g,pooled,7257,,0.1374999999999924,1
g,pooled,7258,,0.1374999999999924,1
g,pooled,7259,,0.1374999999999924,1
g,pooled,7260,,0.1374999999999924,1
g,pooled,7261,,0.1374999999999924,1
g,pooled,7262,,0.1374999999999924,1
g,pooled,7263,,0.1374999999999924,1
g,pooled,7264,,0.1374999999999924,1
g,pooled,7265,,0.1374999999999924,1
g,pooled,7266,,0.1374999999999924,1
g,pooled,7267,,0.1374999999999924,1
g,pooled,7268,,0.1374999999999924,1
g,pooled,7269,,0.1374999999999924,1
g,pooled,7270,,0.1374999999999924,1
g,pooled,7271,,0.1374999999999924,1
g,pooled,7272,,0.1374999999999924,1
g,pooled,7273,,0.1374999999999924,1
g,pooled,7274,,0.1374999999999924,1
g,pooled,7275,,0.1374999999999924,1
g,pooled,7276,,0.1374999999999924,1
g,pooled,7277,,0.1374999999999924,1
g,pooled,7278,,0.1374999999999924,1
g,pooled,7279,,0.1374999999999924,1
g,pooled,7280,,0.1374999999999924,1
g,pooled,7281,,0.1374999999999924,1
g,pooled,7282,,0.1374999999999924,1
g,pooled,7283,,0.1374999999999924,1
g,pooled,7284,,0.1374999999999924,1
g,pooled,7285,,0.1374999999999924,1
g,pooled,7286,,0.1374999999999924,1
g,pooled,7287,,0.1374999999999924,1
g,pooled,7288,,0.1374999999999924,1
g,pooled,7289,,0.1374999999999924,1
g,pooled,7290,,0.1374999999999924,1
g,pooled,7291,,0.1374999999999924,1
g,pooled,7292,,0.1374999999999924,1
g,pooled,7293,,0.1374999999999924,1
g,pooled,7294,,0.1374999999999924,1
g,pooled,7295,,0.1374999999999924,1
g,pooled,7296,,0.1374999999999924,1
g,pooled,7297,,0.1374999999999924,1
g,pooled,7298,,0.1374999999999924,1
g,pooled,7299,,0.1374999999999924,1
g,pooled,7300,,0.1374999999999924,1
g,pooled,7301,,0.1374999999999924,1
g,pooled,7302,,0.1374999999999924,1
g,pooled,7303,,0.1374999999999924,1
g,pooled,7304,,0.1374999999999924,1
g,pooled,7305,,0.1374999999999924,1
g,pooled,7306,,0.1374999999999924,1
g,pooled,7307,,0.1374999999999924,1
g,pooled,7308,,0.1374999999999924,1
g,pooled,7309,,0.1374999999999924,1
g,pooled,7310,,0.1374999999999924,1
g,pooled,7311,,0.1374999999999924,1
g,pooled,7312,,0.1374999999999924,1
g,pooled,7313,,0.1374999999999924,1
g,pooled,7314,,0.1374999999999924,1
g,pooled,7315,,0.1374999999999924,1
g,pooled,7316,,0.1374999999999924,1
g,pooled,7317,,0.1374999999999924,1
g,pooled,7318,,0.1374999999999924,1
g,pooled,7319,,0.1374999999999924,1
g,pooled,7320,,0.1374999999999924,1
g,pooled,7321,,0.1374999999999924,1
g,pooled,7322,,0.1374999999999924,1
g,pooled,7323,,0.1374999999999924,1
g,pooled,7324,,0.1374999999999924,1
g,pooled,7325,,0.1374999999999924,1
g,pooled,7326,,0.1374999999999924,1
g,pooled,7327,,0.1374999999999924,1
g,pooled,7328,,0.1374999999999924,1
g,pooled,7329,,0.1374999999999924,1
g,pooled,7330,,0.1374999999999924,1
g,pooled,7331,,0.1374999999999924,1
g,pooled,7332,,0.1374999999999924,1
g,pooled,7333,,0.1374999999999924,1
g,pooled,7334,,0.1374999999999924,1
g,pooled,7335,,0.1374999999999924,1
g,pooled,7336,,0.1374999999999924,1
g,pooled,7337,,0.1374999999999924,1
g,pooled,7338,,0.1374999999999924,1
g,pooled,7339,,0.1374999999999924,1
g,pooled,7340,,0.1374999999999924,1
g,pooled,7341,,0.1374999999999924,1
g,pooled,7342,,0.1374999999999924,1
g,pooled,7343,,0.1374999999999924,1
g,pooled,7344,,0.1374999999999924,1
g,pooled,7345,,0.1374999999999924,1
g,pooled,7346,,0.1374999999999924,1
g,pooled,7347,,0.1374999999999924,1
g,pooled,7348,,0.1374999999999924,1
g,pooled,7349,,0.1374999999999924,1
g,pooled,7350,,0.1374999999999924,1
g,pooled,7351,,0.1374999999999924,1
g,pooled,7352,,0.1374999999999924,1
g,pooled,7353,,0.1374999999999924,1
g,pooled,7354,,0.1374999999999924,1
g,pooled,7355,,0.1374999999999924,1
g,pooled,7356,,0.1374999999999924,1
g,pooled,7357,,0.1374999999999924,1
g,pooled,7358,,0.1374999999999924,1
g,pooled,7359,,0.1374999999999924,1
g,pooled,7360,,0.1374999999999924,1
g,pooled,7361,,0.1374999999999924,1
g,pooled,7362,,0.1374999999999924,1
g,pooled,7363,,0.1374999999999924,1
g,pooled,7364,,0.1374999999999924,1
g,pooled,7365,,0.1374999999999924,1
g,pooled,7366,,0.1374999999999924,1
g,pooled,7367,,0.1374999999999924,1
g,pooled,7368,,0.1374999999999924,1
g,pooled,7369,,0.1374999999999924,1
g,pooled,7370,,0.1374999999999924,1
g,pooled,7371,,0.1374999999999924,1
g,pooled,7372,,0.1374999999999924,1
g,pooled,7373,,0.1374999999999924,1
g,pooled,7374,,0.1374999999999924,1
g,pooled,7375,,0.1374999999999924,1
g,pooled,7376,,0.1374999999999924,1
g,pooled,7377,,0.1374999999999924,1
g,pooled,7378,,0.1374999999999924,1
g,pooled,7379,,0.16249999999999232,1
g,pooled,7380,,0.16249999999999232,1
g,pooled,7381,,0.16249999999999232,1
g,pooled,7382,,0.16249999999999232,1
g,pooled,7383,,0.16249999999999232,1
g,pooled,7384,,0.16249999999999232,1
g,pooled,7385,,0.16249999999999232,1
g,pooled,7386,,0.16249999999999232,1
g,pooled,7387,,0.16249999999999232,1
g,pooled,7388,,0.16249999999999232,1
g,pooled,7389,,0.16249999999999232,1
g,pooled,7390,,0.16249999999999232,1
g,pooled,7391,,0.16249999999999232,1
g,pooled,7392,,0.16249999999999232,1
g,pooled,7393,,0.16249999999999232,1
g,pooled,7394,,0.16249999999999232,1
g,pooled,7395,,0.16249999999999232,1
g,pooled,7396,,0.16249999999999232,1
g,pooled,7397,,0.16249999999999232,1
g,pooled,7398,,0.16249999999999232,1
g,pooled,7399,,0.16249999999999232,1
g,pooled,7400,,0.16249999999999232,1
g,pooled,7401,,0.16249999999999232,1
g,pooled,7402,,0.16249999999999232,1
g,pooled,7403,,0.16249999999999232,1
g,pooled,7404,,0.16249999999999232,1
g,pooled,7405,,0.16249999999999232,1
g,pooled,7406,,0.16249999999999232,1
g,pooled,7407,,0.16249999999999232,1
g,pooled,7408,,0.16249999999999232,1
g,pooled,7409,,0.16249999999999232,1
g,pooled,7410,,0.16249999999999232,1
g,pooled,7411,,0.16249999999999232,1
g,pooled,7412,,0.16249999999999232,1
g,pooled,7413,,0.16249999999999232,1
g,pooled,7414,,0.16249999999999232,1
g,pooled,7415,,0.16249999999999232,1
g,pooled,7416,,0.16249999999999232,1
g,pooled,7417,,0.16249999999999232,1
g,pooled,7418,,0.16249999999999232,1
g,pooled,7419,,0.16249999999999232,1
g,pooled,7420,,0.16249999999999232,1
g,pooled,7421,,0.16249999999999232,1
g,pooled,7422,,0.16249999999999232,1
g,pooled,7423,,0.16249999999999232,1
g,pooled,7424,,0.16249999999999232,1
g,pooled,7425,,0.16249999999999232,1
g,pooled,7426,,0.16249999999999232,1
g,pooled,7427,,0.16249999999999232,1
g,pooled,7428,,0.16249999999999232,1
g,pooled,7429,,0.16249999999999232,1
g,pooled,7430,,0.16249999999999232,1
g,pooled,7431,,0.16249999999999232,1
g,pooled,7432,,0.16249999999999232,1
g,pooled,7433,,0.16249999999999232,1
g,pooled,7434,,0.16249999999999232,1
g,pooled,7435,,0.16249999999999232,1
g,pooled,7436,,0.16249999999999232,1
g,pooled,7437,,0.16249999999999232,1
g,pooled,7438,,0.16249999999999232,1
g,pooled,7439,,0.16249999999999232,1
g,pooled,7440,,0.16249999999999232,1
g,pooled,7441,,0.16249999999999232,1
g,pooled,7442,,0.16249999999999232,1
g,pooled,7443,,0.16249999999999232,1
g,pooled,7444,,0.16249999999999232,1
g,pooled,7445,,0.16249999999999232,1
g,pooled,7446,,0.16249999999999232,1
g,pooled,7447,,0.16249999999999232,1
g,pooled,7448,,0.16249999999999232,1
g,pooled,7449,,0.16249999999999232,1
g,pooled,7450,,0.16249999999999232,1
g,pooled,7451,,0.16249999999999232,1
g,pooled,7452,,0.16249999999999232,1
g,pooled,7453,,0.16249999999999232,1
g,pooled,7454,,0.16249999999999232,1
g,pooled,7455,,0.16249999999999232,1
g,pooled,7456,,0.16249999999999232,1
g,pooled,7457,,0.16249999999999232,1
g,pooled,7458,,0.16249999999999232,1
g,pooled,7459,,0.16249999999999232,1
g,pooled,7460,,0.16249999999999232,1
g,pooled,7461,,0.16249999999999232,1
g,pooled,7462,,0.16249999999999232,1
g,pooled,7463,,0.16249999999999232,1
g,pooled,7464,,0.16249999999999232,1
g,pooled,7465,,0.16249999999999232,1
g,pooled,7466,,0.16249999999999232,1
g,pooled,7467,,0.16249999999999232,1
g,pooled,7468,,0.16249999999999232,1
g,pooled,7469,,0.16249999999999232,1
g,pooled,7470,,0.16249999999999232,1
g,pooled,7471,,0.16249999999999232,1
g,pooled,7472,,0.16249999999999232,1
g,pooled,7473,,0.16249999999999232,1
g,pooled,7474,,0.16249999999999232,1
g,pooled,7475,,0.16249999999999232,1
g,pooled,7476,,0.16249999999999232,1
g,pooled,7477,,0.16249999999999232,1
g,pooled,7478,,0.16249999999999232,1
g,pooled,7479,,0.16249999999999232,1
g,pooled,7480,,0.16249999999999232,1
g,pooled,7481,,0.16249999999999232,1
g,pooled,7482,,0.16249999999999232,1
g,pooled,7483,,0.16249999999999232,1
g,pooled,7484,,0.16249999999999232,1
g,pooled,7485,,0.16249999999999232,1
g,pooled,7486,,0.16249999999999232,1
g,pooled,7487,,0.16249999999999232,1
g,pooled,7488,,0.16249999999999232,1
g,pooled,7489,,0.16249999999999232,1
g,pooled,7490,,0.16249999999999232,1
g,pooled,7491,,0.16249999999999232,1
g,pooled,7492,,0.18749999999999223,1
g,pooled,7493,,0.18749999999999223,1
g,pooled,7494,,0.18749999999999223,1
g,pooled,7495,,0.18749999999999223,1
g,pooled,7496,,0.18749999999999223,1
g,pooled,7497,,0.18749999999999223,1
g,pooled,7498,,0.18749999999999223,1
g,pooled,7499,,0.18749999999999223,1
g,pooled,7500,,0.18749999999999223,1
g,pooled,7501,,0.18749999999999223,1
g,pooled,7502,,0.18749999999999223,1
g,pooled,7503,,0.18749999999999223,1
g,pooled,7504,,0.18749999999999223,1
g,pooled,7505,,0.18749999999999223,1
g,pooled,7506,,0.18749999999999223,1
g,pooled,7507,,0.18749999999999223,1
g,pooled,7508,,0.18749999999999223,1
g,pooled,7509,,0.18749999999999223,1
g,pooled,7510,,0.18749999999999223,1
g,pooled,7511,,0.18749999999999223,1
g,pooled,7512,,0.18749999999999223,1
g,pooled,7513,,0.18749999999999223,1
g,pooled,7514,,0.18749999999999223,1
g,pooled,7515,,0.18749999999999223,1
g,pooled,7516,,0.18749999999999223,1
g,pooled,7517,,0.18749999999999223,1
g,pooled,7518,,0.18749999999999223,1
g,pooled,7519,,0.18749999999999223,1
g,pooled,7520,,0.18749999999999223,1
g,pooled,7521,,0.18749999999999223,1
g,pooled,7522,,0.18749999999999223,1
g,pooled,7523,,0.18749999999999223,1
g,pooled,7524,,0.18749999999999223,1
g,pooled,7525,,0.18749999999999223,1
g,pooled,7526,,0.18749999999999223,1
g,pooled,7527,,0.18749999999999223,1
g,pooled,7528,,0.18749999999999223,1
g,pooled,7529,,0.18749999999999223,1
g,pooled,7530,,0.18749999999999223,1
g,pooled,7531,,0.18749999999999223,1
g,pooled,7532,,0.18749999999999223,1
g,pooled,7533,,0.18749999999999223,1
g,pooled,7534,,0.18749999999999223,1
g,pooled,7535,,0.18749999999999223,1
g,pooled,7536,,0.18749999999999223,1
g,pooled,7537,,0.18749999999999223,1
g,pooled,7538,,0.18749999999999223,1
g,pooled,7539,,0.18749999999999223,1
g,pooled,7540,,0.18749999999999223,1
g,pooled,7541,,0.18749999999999223,1
g,pooled,7542,,0.18749999999999223,1
g,pooled,7543,,0.18749999999999223,1
g,pooled,7544,,0.18749999999999223,1
g,pooled,7545,,0.18749999999999223,1
g,pooled,7546,,0.18749999999999223,1
g,pooled,7547,,0.18749999999999223,1
g,pooled,7548,,0.18749999999999223,1
g,pooled,7549,,0.18749999999999223,1
g,pooled,7550,,0.18749999999999223,1
g,pooled,7551,,0.18749999999999223,1
g,pooled,7552,,0.18749999999999223,1
g,pooled,7553,,0.18749999999999223,1
g,pooled,7554,,0.18749999999999223,1
g,pooled,7555,,0.18749999999999223,1
g,pooled,7556,,0.18749999999999223,1
g,pooled,7557,,0.18749999999999223,1
g,pooled,7558,,0.18749999999999223,1
g,pooled,7559,,0.18749999999999223,1
g,pooled,7560,,0.18749999999999223,1
g,pooled,7561,,0.18749999999999223,1
g,pooled,7562,,0.18749999999999223,1
g,pooled,7563,,0.18749999999999223,1
g,pooled,7564,,0.18749999999999223,1
g,pooled,7565,,0.18749999999999223,1
g,pooled,7566,,0.18749999999999223,1
g,pooled,7567,,0.18749999999999223,1
g,pooled,7568,,0.18749999999999223,1
g,pooled,7569,,0.18749999999999223,1
g,pooled,7570,,0.18749999999999223,1
g,pooled,7571,,0.18749999999999223,1
g,pooled,7572,,0.18749999999999223,1
g,pooled,7573,,0.18749999999999223,1
g,pooled,7574,,0.18749999999999223,1
g,pooled,7575,,0.18749999999999223,1
g,pooled,7576,,0.18749999999999223,1
g,pooled,7577,,0.18749999999999223,1
g,pooled,7578,,0.18749999999999223,1
g,pooled,7579,,0.18749999999999223,1
g,pooled,7580,,0.18749999999999223,1
g,pooled,7581,,0.18749999999999223,1
g,pooled,7582,,0.18749999999999223,1
g,pooled,7583,,0.18749999999999223,1
g,pooled,7584,,0.18749999999999223,1
g,pooled,7585,,0.18749999999999223,1
g,pooled,7586,,0.18749999999999223,1
g,pooled,7587,,0.18749999999999223,1
g,pooled,7588,,0.18749999999999223,1
g,pooled,7589,,0.18749999999999223,1
g,pooled,7590,,0.18749999999999223,1
g,pooled,7591,,0.21249999999999214,1
g,pooled,7592,,0.21249999999999214,1
g,pooled,7593,,0.21249999999999214,1
g,pooled,7594,,0.21249999999999214,1
g,pooled,7595,,0.21249999999999214,1
g,pooled,7596,,0.21249999999999214,1
g,pooled,7597,,0.21249999999999214,1
g,pooled,7598,,0.21249999999999214,1
g,pooled,7599,,0.21249999999999214,1
g,pooled,7600,,0.21249999999999214,1
g,pooled,7601,,0.21249999999999214,1
g,pooled,7602,,0.21249999999999214,1
g,pooled,7603,,0.21249999999999214,1
g,pooled,7604,,0.21249999999999214,1
g,pooled,7605,,0.21249999999999214,1
g,pooled,7606,,0.21249999999999214,1
g,pooled,7607,,0.21249999999999214,1
g,pooled,7608,,0.21249999999999214,1
g,pooled,7609,,0.21249999999999214,1
g,pooled,7610,,0.21249999999999214,1
g,pooled,7611,,0.21249999999999214,1
g,pooled,7612,,0.21249999999999214,1
g,pooled,7613,,0.21249999999999214,1
g,pooled,7614,,0.21249999999999214,1
g,pooled,7615,,0.21249999999999214,1
g,pooled,7616,,0.21249999999999214,1
g,pooled,7617,,0.21249999999999214,1
g,pooled,7618,,0.21249999999999214,1
g,pooled,7619,,0.21249999999999214,1
g,pooled,7620,,0.21249999999999214,1
g,pooled,7621,,0.21249999999999214,1
g,pooled,7622,,0.21249999999999214,1
g,pooled,7623,,0.21249999999999214,1
g,pooled,7624,,0.21249999999999214,1
g,pooled,7625,,0.21249999999999214,1
g,pooled,7626,,0.21249999999999214,1
g,pooled,7627,,0.21249999999999214,1
g,pooled,7628,,0.21249999999999214,1
g,pooled,7629,,0.21249999999999214,1
g,pooled,7630,,0.21249999999999214,1
g,pooled,7631,,0.21249999999999214,1
g,pooled,7632,,0.21249999999999214,1
g,pooled,7633,,0.21249999999999214,1
g,pooled,7634,,0.21249999999999214,1
g,pooled,7635,,0.21249999999999214,1
g,pooled,7636,,0.21249999999999214,1
g,pooled,7637,,0.21249999999999214,1
g,pooled,7638,,0.21249999999999214,1
g,pooled,7639,,0.21249999999999214,1
g,pooled,7640,,0.21249999999999214,1
g,pooled,7641,,0.21249999999999214,1
g,pooled,7642,,0.21249999999999214,1
g,pooled,7643,,0.21249999999999214,1
g,pooled,7644,,0.21249999999999214,1
g,pooled,7645,,0.21249999999999214,1
g,pooled,7646,,0.21249999999999214,1
g,pooled,7647,,0.21249999999999214,1
g,pooled,7648,,0.21249999999999214,1
g,pooled,7649,,0.21249999999999214,1
g,pooled,7650,,0.21249999999999214,1
g,pooled,7651,,0.21249999999999214,1
g,pooled,7652,,0.21249999999999214,1
g,pooled,7653,,0.21249999999999214,1
g,pooled,7654,,0.21249999999999214,1
g,pooled,7655,,0.21249999999999214,1
g,pooled,7656,,0.21249999999999214,1
g,pooled,7657,,0.21249999999999214,1
g,pooled,7658,,0.21249999999999214,1
g,pooled,7659,,0.21249999999999214,1
g,pooled,7660,,0.21249999999999214,1
g,pooled,7661,,0.21249999999999214,1
g,pooled,7662,,0.21249999999999214,1
g,pooled,7663,,0.21249999999999214,1
g,pooled,7664,,0.23749999999999205,1
g,pooled,7665,,0.23749999999999205,1
g,pooled,7666,,0.23749999999999205,1
g,pooled,7667,,0.23749999999999205,1
g,pooled,7668,,0.23749999999999205,1
g,pooled,7669,,0.23749999999999205,1
g,pooled,7670,,0.23749999999999205,1
g,pooled,7671,,0.23749999999999205,1
g,pooled,7672,,0.23749999999999205,1
g,pooled,7673,,0.23749999999999205,1
g,pooled,7674,,0.23749999999999205,1
g,pooled,7675,,0.23749999999999205,1
g,pooled,7676,,0.23749999999999205,1
g,pooled,7677,,0.23749999999999205,1
g,pooled,7678,,0.23749999999999205,1
g,pooled,7679,,0.23749999999999205,1
g,pooled,7680,,0.23749999999999205,1
g,pooled,7681,,0.23749999999999205,1
g,pooled,7682,,0.23749999999999205,1
g,pooled,7683,,0.23749999999999205,1
g,pooled,7684,,0.23749999999999205,1
g,pooled,7685,,0.23749999999999205,1
g,pooled,7686,,0.23749999999999205,1
g,pooled,7687,,0.23749999999999205,1
g,pooled,7688,,0.23749999999999205,1
g,pooled,7689,,0.23749999999999205,1
g,pooled,7690,,0.23749999999999205,1
g,pooled,7691,,0.23749999999999205,1
g,pooled,7692,,0.23749999999999205,1
g,pooled,7693,,0.23749999999999205,1
g,pooled,7694,,0.23749999999999205,1
g,pooled,7695,,0.23749999999999205,1
g,pooled,7696,,0.23749999999999205,1
g,pooled,7697,,0.23749999999999205,1
g,pooled,7698,,0.23749999999999205,1
g,pooled,7699,,0.23749999999999205,1
g,pooled,7700,,0.23749999999999205,1
g,pooled,7701,,0.23749999999999205,1
g,pooled,7702,,0.23749999999999205,1
g,pooled,7703,,0.23749999999999205,1
g,pooled,7704,,0.23749999999999205,1
g,pooled,7705,,0.23749999999999205,1
g,pooled,7706,,0.23749999999999205,1
g,pooled,7707,,0.23749999999999205,1
g,pooled,7708,,0.23749999999999205,1
g,pooled,7709,,0.23749999999999205,1
g,pooled,7710,,0.23749999999999205,1
g,pooled,7711,,0.23749999999999205,1
g,pooled,7712,,0.23749999999999205,1
g,pooled,7713,,0.23749999999999205,1
g,pooled,7714,,0.23749999999999205,1
g,pooled,7715,,0.23749999999999205,1
g,pooled,7716,,0.23749999999999205,1
g,pooled,7717,,0.23749999999999205,1
g,pooled,7718,,0.23749999999999205,1
g,pooled,7719,,0.23749999999999205,1
g,pooled,7720,,0.23749999999999205,1
g,pooled,7721,,0.23749999999999205,1
g,pooled,7722,,0.23749999999999205,1
g,pooled,7723,,0.23749999999999205,1
g,pooled,7724,,0.23749999999999205,1
g,pooled,7725,,0.23749999999999205,1
g,pooled,7726,,0.23749999999999205,1
g,pooled,7727,,0.23749999999999205,1
g,pooled,7728,,0.23749999999999205,1
g,pooled,7729,,0.23749999999999205,1
g,pooled,7730,,0.23749999999999205,1
g,pooled,7731,,0.23749999999999205,1
g,pooled,7732,,0.23749999999999205,1
g,pooled,7733,,0.23749999999999205,1
g,pooled,7734,,0.23749999999999205,1
g,pooled,7735,,0.23749999999999205,1
g,pooled,7736,,0.26249999999999196,1
g,pooled,7737,,0.26249999999999196,1
g,pooled,7738,,0.26249999999999196,1
g,pooled,7739,,0.26249999999999196,1
g,pooled,7740,,0.26249999999999196,1
g,pooled,7741,,0.26249999999999196,1
g,pooled,7742,,0.26249999999999196,1
g,pooled,7743,,0.26249999999999196,1
g,pooled,7744,,0.26249999999999196,1
g,pooled,7745,,0.26249999999999196,1
g,pooled,7746,,0.26249999999999196,1
g,pooled,7747,,0.26249999999999196,1
g,pooled,7748,,0.26249999999999196,1
g,pooled,7749,,0.26249999999999196,1
g,pooled,7750,,0.26249999999999196,1
g,pooled,7751,,0.26249999999999196,1
g,pooled,7752,,0.26249999999999196,1
g,pooled,7753,,0.26249999999999196,1
g,pooled,7754,,0.26249999999999196,1
g,pooled,7755,,0.26249999999999196,1
g,pooled,7756,,0.26249999999999196,1
g,pooled,7757,,0.26249999999999196,1
g,pooled,7758,,0.26249999999999196,1
g,pooled,7759,,0.26249999999999196,1
g,pooled,7760,,0.26249999999999196,1
g,pooled,7761,,0.26249999999999196,1
g,pooled,7762,,0.26249999999999196,1
g,pooled,7763,,0.26249999999999196,1
g,pooled,7764,,0.26249999999999196,1
g,pooled,7765,,0.26249999999999196,1
g,pooled,7766,,0.26249999999999196,1
g,pooled,7767,,0.26249999999999196,1
g,pooled,7768,,0.26249999999999196,1
g,pooled,7769,,0.26249999999999196,1
g,pooled,7770,,0.26249999999999196,1
g,pooled,7771,,0.26249999999999196,1
g,pooled,7772,,0.26249999999999196,1
g,pooled,7773,,0.26249999999999196,1
g,pooled,7774,,0.26249999999999196,1
g,pooled,7775,,0.26249999999999196,1
g,pooled,7776,,0.26249999999999196,1
g,pooled,7777,,0.26249999999999196,1
g,pooled,7778,,0.26249999999999196,1
g,pooled,7779,,0.26249999999999196,1
g,pooled,7780,,0.26249999999999196,1
g,pooled,7781,,0.2874999999999919,1
g,pooled,7782,,0.2874999999999919,1
g,pooled,7783,,0.2874999999999919,1
g,pooled,7784,,0.2874999999999919,1
g,pooled,7785,,0.2874999999999919,1
g,pooled,7786,,0.2874999999999919,1
g,pooled,7787,,0.2874999999999919,1
g,pooled,7788,,0.2874999999999919,1
g,pooled,7789,,0.2874999999999919,1
g,pooled,7790,,0.2874999999999919,1
g,pooled,7791,,0.2874999999999919,1
g,pooled,7792,,0.2874999999999919,1
g,pooled,7793,,0.2874999999999919,1
g,pooled,7794,,0.2874999999999919,1
g,pooled,7795,,0.2874999999999919,1
g,pooled,7796,,0.2874999999999919,1
g,pooled,7797,,0.2874999999999919,1
g,pooled,7798,,0.2874999999999919,1
g,pooled,7799,,0.2874999999999919,1
g,pooled,7800,,0.2874999999999919,1
g,pooled,7801,,0.2874999999999919,1
g,pooled,7802,,0.2874999999999919,1
g,pooled,7803,,0.2874999999999919,1
g,pooled,7804,,0.2874999999999919,1
g,pooled,7805,,0.2874999999999919,1
g,pooled,7806,,0.2874999999999919,1
g,pooled,7807,,0.2874999999999919,1
g,pooled,7808,,0.2874999999999919,1
g,pooled,7809,,0.2874999999999919,1
g,pooled,7810,,0.2874999999999919,1
g,pooled,7811,,0.2874999999999919,1
g,pooled,7812,,0.2874999999999919,1
g,pooled,7813,,0.2874999999999919,1
g,pooled,7814,,0.2874999999999919,1
g,pooled,7815,,0.2874999999999919,1
g,pooled,7816,,0.2874999999999919,1
g,pooled,7817,,0.2874999999999919,1
g,pooled,7818,,0.2874999999999919,1
g,pooled,7819,,0.2874999999999919,1
g,pooled,7820,,0.2874999999999919,1
g,pooled,7821,,0.2874999999999919,1
g,pooled,7822,,0.2874999999999919,1
g,pooled,7823,,0.2874999999999919,1
g,pooled,7824,,0.2874999999999919,1
g,pooled,7825,,0.2874999999999919,1
g,pooled,7826,,0.2874999999999919,1
g,pooled,7827,,0.2874999999999919,1
g,pooled,7828,,0.2874999999999919,1
g,pooled,7829,,0.2874999999999919,1
g,pooled,7830,,0.2874999999999919,1
g,pooled,7831,,0.2874999999999919,1
g,pooled,7832,,0.2874999999999919,1
g,pooled,7833,,0.2874999999999919,1
g,pooled,7834,,0.2874999999999919,1
g,pooled,7835,,0.2874999999999919,1
g,pooled,7836,,0.2874999999999919,1
g,pooled,7837,,0.2874999999999919,1
g,pooled,7838,,0.2874999999999919,1
g,pooled,7839,,0.2874999999999919,1
g,pooled,7840,,0.2874999999999919,1
g,pooled,7841,,0.2874999999999919,1
g,pooled,7842,,0.2874999999999919,1
g,pooled,7843,,0.3124999999999918,1
g,pooled,7844,,0.3124999999999918,1
g,pooled,7845,,0.3124999999999918,1
g,pooled,7846,,0.3124999999999918,1
g,pooled,7847,,0.3124999999999918,1
g,pooled,7848,,0.3124999999999918,1
g,pooled,7849,,0.3124999999999918,1
g,pooled,7850,,0.3124999999999918,1
g,pooled,7851,,0.3124999999999918,1
g,pooled,7852,,0.3124999999999918,1
g,pooled,7853,,0.3124999999999918,1
g,pooled,7854,,0.3124999999999918,1
g,pooled,7855,,0.3124999999999918,1
g,pooled,7856,,0.3124999999999918,1
g,pooled,7857,,0.3124999999999918,1
g,pooled,7858,,0.3124999999999918,1
g,pooled,7859,,0.3124999999999918,1
g,pooled,7860,,0.3124999999999918,1
g,pooled,7861,,0.3124999999999918,1
g,pooled,7862,,0.3124999999999918,1
g,pooled,7863,,0.3124999999999918,1
g,pooled,7864,,0.3124999999999918,1
g,pooled,7865,,0.3124999999999918,1
g,pooled,7866,,0.3124999999999918,1
g,pooled,7867,,0.3124999999999918,1
g,pooled,7868,,0.3124999999999918,1
g,pooled,7869,,0.3124999999999918,1
g,pooled,7870,,0.3124999999999918,1
g,pooled,7871,,0.3124999999999918,1
g,pooled,7872,,0.3124999999999918,1
g,pooled,7873,,0.3124999999999918,1
g,pooled,7874,,0.3124999999999918,1
g,pooled,7875,,0.3124999999999918,1
g,pooled,7876,,0.3124999999999918,1
g,pooled,7877,,0.3124999999999918,1
g,pooled,7878,,0.3124999999999918,1
g,pooled,7879,,0.3124999999999918,1
g,pooled,7880,,0.3124999999999918,1
g,pooled,7881,,0.3124999999999918,1
g,pooled,7882,,0.3124999999999918,1
g,pooled,7883,,0.3124999999999918,1
g,pooled,7884,,0.3124999999999918,1
g,pooled,7885,,0.3124999999999918,1
g,pooled,7886,,0.3124999999999918,1
g,pooled,7887,,0.3124999999999918,1
g,pooled,7888,,0.3124999999999918,1
g,pooled,7889,,0.3124999999999918,1
g,pooled,7890,,0.3124999999999918,1
g,pooled,7891,,0.3124999999999918,1
g,pooled,7892,,0.3124999999999918,1
g,pooled,7893,,0.3124999999999918,1
g,pooled,7894,,0.3124999999999918,1
g,pooled,7895,,0.3124999999999918,1
g,pooled,7896,,0.3124999999999918,1
g,pooled,7897,,0.3124999999999918,1
g,pooled,7898,,0.3374999999999917,1
g,pooled,7899,,0.3374999999999917,1
g,pooled,7900,,0.3374999999999917,1
g,pooled,7901,,0.3374999999999917,1
g,pooled,7902,,0.3374999999999917,1
g,pooled,7903,,0.3374999999999917,1
g,pooled,7904,,0.3374999999999917,1
g,pooled,7905,,0.3374999999999917,1
g,pooled,7906,,0.3374999999999917,1
g,pooled,7907,,0.3374999999999917,1
g,pooled,7908,,0.3374999999999917,1
g,pooled,7909,,0.3374999999999917,1
g,pooled,7910,,0.3374999999999917,1
g,pooled,7911,,0.3374999999999917,1
g,pooled,7912,,0.3374999999999917,1
g,pooled,7913,,0.3374999999999917,1
g,pooled,7914,,0.3374999999999917,1
g,pooled,7915,,0.3374999999999917,1
g,pooled,7916,,0.3374999999999917,1
g,pooled,7917,,0.3374999999999917,1
g,pooled,7918,,0.3374999999999917,1
g,pooled,7919,,0.3374999999999917,1
g,pooled,7920,,0.3374999999999917,1
g,pooled,7921,,0.3374999999999917,1
g,pooled,7922,,0.3374999999999917,1
g,pooled,7923,,0.3374999999999917,1
g,pooled,7924,,0.3374999999999917,1
g,pooled,7925,,0.3374999999999917,1
g,pooled,7926,,0.3374999999999917,1
g,pooled,7927,,0.3374999999999917,1
g,pooled,7928,,0.3374999999999917,1
g,pooled,7929,,0.3374999999999917,1
g,pooled,7930,,0.3374999999999917,1
g,pooled,7931,,0.3374999999999917,1
g,pooled,7932,,0.3374999999999917,1
g,pooled,7933,,0.3374999999999917,1
g,pooled,7934,,0.3374999999999917,1
g,pooled,7935,,0.3374999999999917,1
g,pooled,7936,,0.3374999999999917,1
g,pooled,7937,,0.3374999999999917,1
g,pooled,7938,,0.3374999999999917,1
g,pooled,7939,,0.3374999999999917,1
g,pooled,7940,,0.3374999999999917,1
g,pooled,7941,,0.3374999999999917,1
g,pooled,7942,,0.3374999999999917,1
g,pooled,7943,,0.3374999999999917,1
g,pooled,7944,,0.3374999999999917,1
g,pooled,7945,,0.3374999999999917,1
g,pooled,7946,,0.3374999999999917,1
g,pooled,7947,,0.3374999999999917,1
g,pooled,7948,,0.3374999999999917,1
g,pooled,7949,,0.3374999999999917,1
g,pooled,7950,,0.3624999999999916,1
g,pooled,7951,,0.3624999999999916,1
g,pooled,7952,,0.3624999999999916,1
g,pooled,7953,,0.3624999999999916,1
g,pooled,7954,,0.3624999999999916,1
g,pooled,7955,,0.3624999999999916,1
g,pooled,7956,,0.3624999999999916,1
g,pooled,7957,,0.3624999999999916,1
g,pooled,7958,,0.3624999999999916,1
g,pooled,7959,,0.3624999999999916,1
g,pooled,7960,,0.3624999999999916,1
g,pooled,7961,,0.3624999999999916,1
g,pooled,7962,,0.3624999999999916,1
g,pooled,7963,,0.3624999999999916,1
g,pooled,7964,,0.3624999999999916,1
g,pooled,7965,,0.3624999999999916,1
g,pooled,7966,,0.3624999999999916,1
g,pooled,7967,,0.3624999999999916,1
g,pooled,7968,,0.3624999999999916,1
g,pooled,7969,,0.3624999999999916,1
g,pooled,7970,,0.3624999999999916,1
g,pooled,7971,,0.3624999999999916,1
g,pooled,7972,,0.3624999999999916,1
g,pooled,7973,,0.3624999999999916,1
g,pooled,7974,,0.3624999999999916,1
g,pooled,7975,,0.3624999999999916,1
g,pooled,7976,,0.3624999999999916,1
g,pooled,7977,,0.3624999999999916,1
g,pooled,7978,,0.3624999999999916,1
g,pooled,7979,,0.3624999999999916,1
g,pooled,7980,,0.3624999999999916,1
g,pooled,7981,,0.3624999999999916,1
g,pooled,7982,,0.3624999999999916,1
g,pooled,7983,,0.3624999999999916,1
g,pooled,7984,,0.3624999999999916,1
g,pooled,7985,,0.3624999999999916,1
g,pooled,7986,,0.3624999999999916,1
g,pooled,7987,,0.3624999999999916,1
g,pooled,7988,,0.3624999999999916,1
g,pooled,7989,,0.3624999999999916,1
g,pooled,7990,,0.3624999999999916,1
g,pooled,7991,,0.3624999999999916,1
g,pooled,7992,,0.3624999999999916,1
g,pooled,7993,,0.3624999999999916,1
g,pooled,7994,,0.3624999999999916,1
g,pooled,7995,,0.3624999999999916,1
g,pooled,7996,,0.3624999999999916,1
g,pooled,7997,,0.3624999999999916,1
g,pooled,7998,,0.3624999999999916,1
g,pooled,7999,,0.3624999999999916,1
g,pooled,8000,,0.3624999999999916,1
g,pooled,8001,,0.3874999999999915,1
g,pooled,8002,,0.3874999999999915,1
g,pooled,8003,,0.3874999999999915,1
g,pooled,8004,,0.3874999999999915,1
g,pooled,8005,,0.3874999999999915,1
g,pooled,8006,,0.3874999999999915,1
g,pooled,8007,,0.3874999999999915,1
g,pooled,8008,,0.3874999999999915,1
g,pooled,8009,,0.3874999999999915,1
g,pooled,8010,,0.3874999999999915,1
g,pooled,8011,,0.3874999999999915,1
g,pooled,8012,,0.3874999999999915,1
g,pooled,8013,,0.3874999999999915,1
g,pooled,8014,,0.3874999999999915,1
g,pooled,8015,,0.3874999999999915,1
g,pooled,8016,,0.3874999999999915,1
g,pooled,8017,,0.3874999999999915,1
g,pooled,8018,,0.3874999999999915,1
g,pooled,8019,,0.3874999999999915,1
g,pooled,8020,,0.3874999999999915,1
g,pooled,8021,,0.3874999999999915,1
g,pooled,8022,,0.3874999999999915,1
g,pooled,8023,,0.3874999999999915,1
g,pooled,8024,,0.3874999999999915,1
g,pooled,8025,,0.3874999999999915,1
g,pooled,8026,,0.3874999999999915,1
g,pooled,8027,,0.3874999999999915,1
g,pooled,8028,,0.3874999999999915,1
g,pooled,8029,,0.3874999999999915,1
g,pooled,8030,,0.3874999999999915,1
g,pooled,8031,,0.3874999999999915,1
g,pooled,8032,,0.3874999999999915,1
g,pooled,8033,,0.3874999999999915,1
g,pooled,8034,,0.3874999999999915,1
g,pooled,8035,,0.3874999999999915,1
g,pooled,8036,,0.3874999999999915,1
g,pooled,8037,,0.3874999999999915,1
g,pooled,8038,,0.3874999999999915,1
g,pooled,8039,,0.3874999999999915,1
g,pooled,8040,,0.3874999999999915,1
g,pooled,8041,,0.3874999999999915,1
g,pooled,8042,,0.3874999999999915,1
g,pooled,8043,,0.3874999999999915,1
g,pooled,8044,,0.3874999999999915,1
g,pooled,8045,,0.3874999999999915,1
g,pooled,8046,,0.3874999999999915,1
g,pooled,8047,,0.3874999999999915,1
g,pooled,8048,,0.3874999999999915,1
g,pooled,8049,,0.3874999999999915,1
g,pooled,8050,,0.3874999999999915,1
g,pooled,8051,,0.3874999999999915,1
g,pooled,8052,,0.3874999999999915,1
g,pooled,8053,,0.3874999999999915,1
g,pooled,8054,,0.3874999999999915,1
g,pooled,8055,,0.41249999999999143,1
g,pooled,8056,,0.41249999999999143,1
g,pooled,8057,,0.41249999999999143,1
g,pooled,8058,,0.41249999999999143,1
g,pooled,8059,,0.41249999999999143,1
g,pooled,8060,,0.41249999999999143,1
g,pooled,8061,,0.41249999999999143,1
g,pooled,8062,,0.41249999999999143,1
g,pooled,8063,,0.41249999999999143,1
g,pooled,8064,,0.41249999999999143,1
g,pooled,8065,,0.41249999999999143,1
g,pooled,8066,,0.41249999999999143,1
g,pooled,8067,,0.41249999999999143,1
g,pooled,8068,,0.41249999999999143,1
g,pooled,8069,,0.41249999999999143,1
g,pooled,8070,,0.41249999999999143,1
g,pooled,8071,,0.41249999999999143,1
g,pooled,8072,,0.41249999999999143,1
g,pooled,8073,,0.41249999999999143,1
g,pooled,8074,,0.41249999999999143,1
g,pooled,8075,,0.41249999999999143,1
g,pooled,8076,,0.41249999999999143,1
g,pooled,8077,,0.41249999999999143,1
g,pooled,8078,,0.41249999999999143,1
g,pooled,8079,,0.41249999999999143,1
g,pooled,8080,,0.41249999999999143,1
g,pooled,8081,,0.41249999999999143,1
g,pooled,8082,,0.41249999999999143,1
g,pooled,8083,,0.41249999999999143,1
g,pooled,8084,,0.41249999999999143,1
g,pooled,8085,,0.41249999999999143,1
g,pooled,8086,,0.41249999999999143,1
g,pooled,8087,,0.41249999999999143,1
g,pooled,8088,,0.41249999999999143,1
g,pooled,8089,,0.41249999999999143,1
g,pooled,8090,,0.43749999999999134,1
g,pooled,8091,,0.43749999999999134,1
g,pooled,8092,,0.43749999999999134,1
g,pooled,8093,,0.43749999999999134,1
g,pooled,8094,,0.43749999999999134,1
g,pooled,8095,,0.43749999999999134,1
g,pooled,8096,,0.43749999999999134,1
g,pooled,8097,,0.43749999999999134,1
g,pooled,8098,,0.43749999999999134,1
g,pooled,8099,,0.43749999999999134,1
g,pooled,8100,,0.43749999999999134,1
g,pooled,8101,,0.43749999999999134,1
g,pooled,8102,,0.43749999999999134,1
g,pooled,8103,,0.43749999999999134,1
g,pooled,8104,,0.43749999999999134,1
g,pooled,8105,,0.43749999999999134,1
g,pooled,8106,,0.43749999999999134,1
g,pooled,8107,,0.43749999999999134,1
g,pooled,8108,,0.43749999999999134,1
g,pooled,8109,,0.43749999999999134,1
g,pooled,8110,,0.43749999999999134,1
g,pooled,8111,,0.43749999999999134,1
g,pooled,8112,,0.43749999999999134,1
g,pooled,8113,,0.43749999999999134,1
g,pooled,8114,,0.43749999999999134,1
g,pooled,8115,,0.43749999999999134,1
g,pooled,8116,,0.43749999999999134,1
g,pooled,8117,,0.43749999999999134,1
g,pooled,8118,,0.43749999999999134,1
g,pooled,8119,,0.43749999999999134,1
g,pooled,8120,,0.43749999999999134,1
g,pooled,8121,,0.43749999999999134,1
g,pooled,8122,,0.43749999999999134,1
g,pooled,8123,,0.43749999999999134,1
g,pooled,8124,,0.43749999999999134,1
g,pooled,8125,,0.43749999999999134,1
g,pooled,8126,,0.43749999999999134,1
g,pooled,8127,,0.43749999999999134,1
g,pooled,8128,,0.43749999999999134,1
g,pooled,8129,,0.43749999999999134,1
g,pooled,8130,,0.46249999999999125,1
g,pooled,8131,,0.46249999999999125,1
g,pooled,8132,,0.46249999999999125,1
g,pooled,8133,,0.46249999999999125,1
g,pooled,8134,,0.46249999999999125,1
g,pooled,8135,,0.46249999999999125,1
g,pooled,8136,,0.46249999999999125,1
g,pooled,8137,,0.46249999999999125,1
g,pooled,8138,,0.46249999999999125,1
g,pooled,8139,,0.46249999999999125,1
g,pooled,8140,,0.46249999999999125,1
g,pooled,8141,,0.46249999999999125,1
g,pooled,8142,,0.46249999999999125,1
g,pooled,8143,,0.46249999999999125,1
g,pooled,8144,,0.46249999999999125,1
g,pooled,8145,,0.46249999999999125,1
g,pooled,8146,,0.46249999999999125,1
g,pooled,8147,,0.46249999999999125,1
g,pooled,8148,,0.46249999999999125,1
g,pooled,8149,,0.46249999999999125,1
g,pooled,8150,,0.46249999999999125,1
g,pooled,8151,,0.46249999999999125,1
g,pooled,8152,,0.46249999999999125,1
g,pooled,8153,,0.46249999999999125,1
g,pooled,8154,,0.46249999999999125,1
g,pooled,8155,,0.46249999999999125,1
g,pooled,8156,,0.46249999999999125,1
g,pooled,8157,,0.46249999999999125,1
g,pooled,8158,,0.46249999999999125,1
g,pooled,8159,,0.46249999999999125,1
g,pooled,8160,,0.46249999999999125,1
g,pooled,8161,,0.46249999999999125,1
g,pooled,8162,,0.46249999999999125,1
g,pooled,8163,,0.46249999999999125,1
g,pooled,8164,,0.46249999999999125,1
g,pooled,8165,,0.46249999999999125,1
g,pooled,8166,,0.46249999999999125,1
g,pooled,8167,,0.46249999999999125,1
g,pooled,8168,,0.46249999999999125,1
g,pooled,8169,,0.48749999999999116,1
g,pooled,8170,,0.48749999999999116,1
g,pooled,8171,,0.48749999999999116,1
g,pooled,8172,,0.48749999999999116,1
g,pooled,8173,,0.48749999999999116,1
g,pooled,8174,,0.48749999999999116,1
g,pooled,8175,,0.48749999999999116,1
g,pooled,8176,,0.48749999999999116,1
g,pooled,8177,,0.48749999999999116,1
g,pooled,8178,,0.48749999999999116,1
g,pooled,8179,,0.48749999999999116,1
g,pooled,8180,,0.48749999999999116,1
g,pooled,8181,,0.48749999999999116,1
g,pooled,8182,,0.48749999999999116,1
g,pooled,8183,,0.48749999999999116,1
g,pooled,8184,,0.48749999999999116,1
g,pooled,8185,,0.48749999999999116,1
g,pooled,8186,,0.48749999999999116,1
g,pooled,8187,,0.48749999999999116,1
g,pooled,8188,,0.48749999999999116,1
g,pooled,8189,,0.48749999999999116,1
g,pooled,8190,,0.48749999999999116,1
g,pooled,8191,,0.48749999999999116,1
g,pooled,8192,,0.48749999999999116,1
g,pooled,8193,,0.48749999999999116,1
g,pooled,8194,,0.48749999999999116,1
g,pooled,8195,,0.48749999999999116,1
g,pooled,8196,,0.48749999999999116,1
g,pooled,8197,,0.48749999999999116,1
g,pooled,8198,,0.48749999999999116,1
g,pooled,8199,,0.48749999999999116,1
g,pooled,8200,,0.48749999999999116,1
g,pooled,8201,,0.5124999999999911,1
g,pooled,8202,,0.5124999999999911,1
g,pooled,8203,,0.5124999999999911,1
g,pooled,8204,,0.5124999999999911,1
g,pooled,8205,,0.5124999999999911,1
g,pooled,8206,,0.5124999999999911,1
g,pooled,8207,,0.5124999999999911,1
g,pooled,8208,,0.5124999999999911,1
g,pooled,8209,,0.5124999999999911,1
g,pooled,8210,,0.5124999999999911,1
g,pooled,8211,,0.5124999999999911,1
g,pooled,8212,,0.5124999999999911,1
g,pooled,8213,,0.5124999999999911,1
g,pooled,8214,,0.5124999999999911,1
g,pooled,8215,,0.5124999999999911,1
g,pooled,8216,,0.5124999999999911,1
g,pooled,8217,,0.5124999999999911,1
g,pooled,8218,,0.5124999999999911,1
g,pooled,8219,,0.5124999999999911,1
g,pooled,8220,,0.5124999999999911,1
g,pooled,8221,,0.5124999999999911,1
g,pooled,8222,,0.5124999999999911,1
g,pooled,8223,,0.5124999999999911,1
g,pooled,8224,,0.5124999999999911,1
g,pooled,8225,,0.5124999999999911,1
g,pooled,8226,,0.5124999999999911,1
g,pooled,8227,,0.5124999999999911,1
g,pooled,8228,,0.5124999999999911,1
g,pooled,8229,,0.537499999999991,1
g,pooled,8230,,0.537499999999991,1
g,pooled,8231,,0.537499999999991,1
g,pooled,8232,,0.537499999999991,1
g,pooled,8233,,0.537499999999991,1
g,pooled,8234,,0.537499999999991,1
g,pooled,8235,,0.537499999999991,1
g,pooled,8236,,0.537499999999991,1
g,pooled,8237,,0.537499999999991,1
g,pooled,8238,,0.537499999999991,1
g,pooled,8239,,0.537499999999991,1
g,pooled,8240,,0.537499999999991,1
g,pooled,8241,,0.537499999999991,1
g,pooled,8242,,0.537499999999991,1
g,pooled,8243,,0.537499999999991,1
g,pooled,8244,,0.537499999999991,1
g,pooled,8245,,0.537499999999991,1
g,pooled,8246,,0.537499999999991,1
g,pooled,8247,,0.537499999999991,1
g,pooled,8248,,0.537499999999991,1
g,pooled,8249,,0.537499999999991,1
g,pooled,8250,,0.537499999999991,1
g,pooled,8251,,0.537499999999991,1
g,pooled,8252,,0.537499999999991,1
g,pooled,8253,,0.537499999999991,1
g,pooled,8254,,0.537499999999991,1
g,pooled,8255,,0.537499999999991,1
g,pooled,8256,,0.537499999999991,1
g,pooled,8257,,0.537499999999991,1
g,pooled,8258,,0.537499999999991,1
g,pooled,8259,,0.537499999999991,1
g,pooled,8260,,0.537499999999991,1
g,pooled,8261,,0.5624999999999909,1
g,pooled,8262,,0.5624999999999909,1
g,pooled,8263,,0.5624999999999909,1
g,pooled,8264,,0.5624999999999909,1
g,pooled,8265,,0.5624999999999909,1
g,pooled,8266,,0.5624999999999909,1
g,pooled,8267,,0.5624999999999909,1
g,pooled,8268,,0.5624999999999909,1
g,pooled,8269,,0.5624999999999909,1
g,pooled,8270,,0.5624999999999909,1
g,pooled,8271,,0.5624999999999909,1
g,pooled,8272,,0.5624999999999909,1
g,pooled,8273,,0.5624999999999909,1
g,pooled,8274,,0.5624999999999909,1
g,pooled,8275,,0.5624999999999909,1
g,pooled,8276,,0.5624999999999909,1
g,pooled,8277,,0.5624999999999909,1
g,pooled,8278,,0.5624999999999909,1
g,pooled,8279,,0.5624999999999909,1
g,pooled,8280,,0.5624999999999909,1
g,pooled,8281,,0.5624999999999909,1
g,pooled,8282,,0.5624999999999909,1
g,pooled,8283,,0.5624999999999909,1
g,pooled,8284,,0.5624999999999909,1
g,pooled,8285,,0.5624999999999909,1
g,pooled,8286,,0.5624999999999909,1
g,pooled,8287,,0.5874999999999908,1
g,pooled,8288,,0.5874999999999908,1
g,pooled,8289,,0.5874999999999908,1
g,pooled,8290,,0.5874999999999908,1
g,pooled,8291,,0.5874999999999908,1
g,pooled,8292,,0.5874999999999908,1
g,pooled,8293,,0.5874999999999908,1
g,pooled,8294,,0.5874999999999908,1
g,pooled,8295,,0.5874999999999908,1
g,pooled,8296,,0.5874999999999908,1
g,pooled,8297,,0.5874999999999908,1
g,pooled,8298,,0.5874999999999908,1
g,pooled,8299,,0.5874999999999908,1
g,pooled,8300,,0.5874999999999908,1
g,pooled,8301,,0.5874999999999908,1
g,pooled,8302,,0.5874999999999908,1
g,pooled,8303,,0.5874999999999908,1
g,pooled,8304,,0.5874999999999908,1
g,pooled,8305,,0.5874999999999908,1
g,pooled,8306,,0.5874999999999908,1
g,pooled,8307,,0.5874999999999908,1
g,pooled,8308,,0.5874999999999908,1
g,pooled,8309,,0.5874999999999908,1
g,pooled,8310,,0.5874999999999908,1
g,pooled,8311,,0.5874999999999908,1
g,pooled,8312,,0.5874999999999908,1
g,pooled,8313,,0.5874999999999908,1
g,pooled,8314,,0.5874999999999908,1
g,pooled,8315,,0.5874999999999908,1
g,pooled,8316,,0.6124999999999907,1
g,pooled,8317,,0.6124999999999907,1
g,pooled,8318,,0.6124999999999907,1
g,pooled,8319,,0.6124999999999907,1
g,pooled,8320,,0.6124999999999907,1
g,pooled,8321,,0.6124999999999907,1
g,pooled,8322,,0.6124999999999907,1
g,pooled,8323,,0.6124999999999907,1
g,pooled,8324,,0.6124999999999907,1
g,pooled,8325,,0.6124999999999907,1
g,pooled,8326,,0.6124999999999907,1
g,pooled,8327,,0.6124999999999907,1
g,pooled,8328,,0.6124999999999907,1
g,pooled,8329,,0.6124999999999907,1
g,pooled,8330,,0.6124999999999907,1
g,pooled,8331,,0.6124999999999907,1
g,pooled,8332,,0.6124999999999907,1
g,pooled,8333,,0.6124999999999907,1
g,pooled,8334,,0.6124999999999907,1
g,pooled,8335,,0.6124999999999907,1
g,pooled,8336,,0.6124999999999907,1
g,pooled,8337,,0.6124999999999907,1
g,pooled,8338,,0.6124999999999907,1
g,pooled,8339,,0.6124999999999907,1
g,pooled,8340,,0.6124999999999907,1
g,pooled,8341,,0.6124999999999907,1
g,pooled,8342,,0.6374999999999906,1
g,pooled,8343,,0.6374999999999906,1
g,pooled,8344,,0.6374999999999906,1
g,pooled,8345,,0.6374999999999906,1
g,pooled,8346,,0.6374999999999906,1
g,pooled,8347,,0.6374999999999906,1
g,pooled,8348,,0.6374999999999906,1
g,pooled,8349,,0.6374999999999906,1
g,pooled,8350,,0.6374999999999906,1
g,pooled,8351,,0.6374999999999906,1
g,pooled,8352,,0.6374999999999906,1
g,pooled,8353,,0.6374999999999906,1
g,pooled,8354,,0.6374999999999906,1
g,pooled,8355,,0.6374999999999906,1
g,pooled,8356,,0.6374999999999906,1
g,pooled,8357,,0.6374999999999906,1
g,pooled,8358,,0.6374999999999906,1
g,pooled,8359,,0.6374999999999906,1
g,pooled,8360,,0.6374999999999906,1
g,pooled,8361,,0.6624999999999905,1
g,pooled,8362,,0.6624999999999905,1
g,pooled,8363,,0.6624999999999905,1
g,pooled,8364,,0.6624999999999905,1
g,pooled,8365,,0.6624999999999905,1
g,pooled,8366,,0.6624999999999905,1
g,pooled,8367,,0.6624999999999905,1
g,pooled,8368,,0.6624999999999905,1
g,pooled,8369,,0.6624999999999905,1
g,pooled,8370,,0.6624999999999905,1
g,pooled,8371,,0.6624999999999905,1
g,pooled,8372,,0.6624999999999905,1
g,pooled,8373,,0.6624999999999905,1
g,pooled,8374,,0.6624999999999905,1
g,pooled,8375,,0.6624999999999905,1
g,pooled,8376,,0.6624999999999905,1
g,pooled,8377,,0.6624999999999905,1
g,pooled,8378,,0.6624999999999905,1
g,pooled,8379,,0.6874999999999905,1
g,pooled,8380,,0.6874999999999905,1
g,pooled,8381,,0.6874999999999905,1
g,pooled,8382,,0.6874999999999905,1
g,pooled,8383,,0.6874999999999905,1
g,pooled,8384,,0.6874999999999905,1
g,pooled,8385,,0.6874999999999905,1
g,pooled,8386,,0.6874999999999905,1
g,pooled,8387,,0.6874999999999905,1
g,pooled,8388,,0.6874999999999905,1
g,pooled,8389,,0.6874999999999905,1
g,pooled,8390,,0.6874999999999905,1
g,pooled,8391,,0.6874999999999905,1
g,pooled,8392,,0.7124999999999904,1
g,pooled,8393,,0.7124999999999904,1
g,pooled,8394,,0.7124999999999904,1
g,pooled,8395,,0.7124999999999904,1
g,pooled,8396,,0.7124999999999904,1
g,pooled,8397,,0.7124999999999904,1
g,pooled,8398,,0.7124999999999904,1
g,pooled,8399,,0.7124999999999904,1
g,pooled,8400,,0.7124999999999904,1
g,pooled,8401,,0.7124999999999904,1
g,pooled,8402,,0.7124999999999904,1
g,pooled,8403,,0.7374999999999903,1
g,pooled,8404,,0.7374999999999903,1
g,pooled,8405,,0.7374999999999903,1
g,pooled,8406,,0.7374999999999903,1
g,pooled,8407,,0.7374999999999903,1
g,pooled,8408,,0.7374999999999903,1
g,pooled,8409,,0.7374999999999903,1
g,pooled,8410,,0.7374999999999903,1
g,pooled,8411,,0.7374999999999903,1
g,pooled,8412,,0.7374999999999903,1
g,pooled,8413,,0.7374999999999903,1
g,pooled,8414,,0.7374999999999903,1
g,pooled,8415,,0.7374999999999903,1
g,pooled,8416,,0.7374999999999903,1
g,pooled,8417,,0.7374999999999903,1
g,pooled,8418,,0.7374999999999903,1
g,pooled,8419,,0.7374999999999903,1
g,pooled,8420,,0.7624999999999902,1
g,pooled,8421,,0.7624999999999902,1
g,pooled,8422,,0.7624999999999902,1
g,pooled,8423,,0.7624999999999902,1
g,pooled,8424,,0.7624999999999902,1
g,pooled,8425,,0.7624999999999902,1
g,pooled,8426,,0.7624999999999902,1
g,pooled,8427,,0.7624999999999902,1
g,pooled,8428,,0.7624999999999902,1
g,pooled,8429,,0.7624999999999902,1
g,pooled,8430,,0.7624999999999902,1
g,pooled,8431,,0.7624999999999902,1
g,pooled,8432,,0.7874999999999901,1
g,pooled,8433,,0.7874999999999901,1
g,pooled,8434,,0.7874999999999901,1
g,pooled,8435,,0.7874999999999901,1
g,pooled,8436,,0.7874999999999901,1
g,pooled,8437,,0.7874999999999901,1
g,pooled,8438,,0.7874999999999901,1
g,pooled,8439,,0.7874999999999901,1
g,pooled,8440,,0.7874999999999901,1
g,pooled,8441,,0.7874999999999901,1
g,pooled,8442,,0.7874999999999901,1
g,pooled,8443,,0.7874999999999901,1
g,pooled,8444,,0.7874999999999901,1
g,pooled,8445,,0.7874999999999901,1
g,pooled,8446,,0.7874999999999901,1
g,pooled,8447,,0.81249999999999,1
g,pooled,8448,,0.81249999999999,1
g,pooled,8449,,0.81249999999999,1
g,pooled,8450,,0.81249999999999,1
g,pooled,8451,,0.81249999999999,1
g,pooled,8452,,0.81249999999999,1
g,pooled,8453,,0.81249999999999,1
g,pooled,8454,,0.81249999999999,1
g,pooled,8455,,0.81249999999999,1
g,pooled,8456,,0.81249999999999,1
g,pooled,8457,,0.81249999999999,1
g,pooled,8458,,0.8374999999999899,1
g,pooled,8459,,0.8374999999999899,1
g,pooled,8460,,0.8374999999999899,1
g,pooled,8461,,0.8374999999999899,1
g,pooled,8462,,0.8374999999999899,1
g,pooled,8463,,0.8374999999999899,1
g,pooled,8464,,0.8374999999999899,1
g,pooled,8465,,0.8374999999999899,1
g,pooled,8466,,0.8374999999999899,1
g,pooled,8467,,0.8374999999999899,1
g,pooled,8468,,0.8374999999999899,1
g,pooled,8469,,0.8374999999999899,1
g,pooled,8470,,0.8374999999999899,1
g,pooled,8471,,0.8374999999999899,1
g,pooled,8472,,0.8624999999999898,1
g,pooled,8473,,0.8624999999999898,1
g,pooled,8474,,0.8624999999999898,1
g,pooled,8475,,0.8624999999999898,1
g,pooled,8476,,0.8624999999999898,1
g,pooled,8477,,0.8624999999999898,1
g,pooled,8478,,0.8624999999999898,1
g,pooled,8479,,0.8624999999999898,1
g,pooled,8480,,0.8624999999999898,1
g,pooled,8481,,0.8624999999999898,1
g,pooled,8482,,0.8624999999999898,1
g,pooled,8483,,0.8624999999999898,1
g,pooled,8484,,0.8624999999999898,1
g,pooled,8485,,0.8624999999999898,1
g,pooled,8486,,0.8874999999999897,1
g,pooled,8487,,0.8874999999999897,1
g,pooled,8488,,0.8874999999999897,1
g,pooled,8489,,0.8874999999999897,1
g,pooled,8490,,0.8874999999999897,1
g,pooled,8491,,0.8874999999999897,1
g,pooled,8492,,0.8874999999999897,1
g,pooled,8493,,0.8874999999999897,1
g,pooled,8494,,0.8874999999999897,1
g,pooled,8495,,0.8874999999999897,1
g,pooled,8496,,0.9124999999999897,1
g,pooled,8497,,0.9124999999999897,1
g,pooled,8498,,0.9124999999999897,1
g,pooled,8499,,0.9124999999999897,1
g,pooled,8500,,0.9124999999999897,1
g,pooled,8501,,0.9124999999999897,1
g,pooled,8502,,0.9124999999999897,1
g,pooled,8503,,0.9124999999999897,1
g,pooled,8504,,0.9124999999999897,1
g,pooled,8505,,0.9124999999999897,1
g,pooled,8506,,0.9124999999999897,1
g,pooled,8507,,0.9374999999999896,1
g,pooled,8508,,0.9374999999999896,1
g,pooled,8509,,0.9374999999999896,1
g,pooled,8510,,0.9374999999999896,1
g,pooled,8511,,0.9374999999999896,1
g,pooled,8512,,0.9374999999999896,1
g,pooled,8513,,0.9374999999999896,1
g,pooled,8514,,0.9374999999999896,1
g,pooled,8515,,0.9374999999999896,1
g,pooled,8516,,0.9374999999999896,1
g,pooled,8517,,0.9374999999999896,1
g,pooled,8518,,0.9374999999999896,1
g,pooled,8519,,0.9624999999999895,1
g,pooled,8520,,0.9624999999999895,1
g,pooled,8521,,0.9624999999999895,1
g,pooled,8522,,0.9624999999999895,1
g,pooled,8523,,0.9624999999999895,1
g,pooled,8524,,0.9624999999999895,1
g,pooled,8525,,0.9874999999999894,1
g,pooled,8526,,0.9874999999999894,1
g,pooled,8527,,0.9874999999999894,1
g,pooled,8528,,0.9874999999999894,1
g,pooled,8529,,0.9874999999999894,1
g,pooled,8530,,0.9874999999999894,1
g,pooled,8531,,0.9874999999999894,1
g,pooled,8532,,0.9874999999999894,1
g,pooled,8533,,1.0124999999999893,1
g,pooled,8534,,1.0124999999999893,1
g,pooled,8535,,1.0124999999999893,1
g,pooled,8536,,1.0124999999999893,1
g,pooled,8537,,1.0374999999999892,1
g,pooled,8538,,1.0374999999999892,1
g,pooled,8539,,1.0374999999999892,1
g,pooled,8540,,1.0374999999999892,1
g,pooled,8541,,1.0374999999999892,1
g,pooled,8542,,1.0624999999999891,1
g,pooled,8543,,1.0624999999999891,1
g,pooled,8544,,1.0624999999999891,1
g,pooled,8545,,1.0624999999999891,1
g,pooled,8546,,1.0624999999999891,1
g,pooled,8547,,1.0624999999999891,1
g,pooled,8548,,1.0624999999999891,1
g,pooled,8549,,1.087499999999989,1
g,pooled,8550,,1.087499999999989,1
g,pooled,8551,,1.087499999999989,1
g,pooled,8552,,1.087499999999989,1
g,pooled,8553,,1.087499999999989,1
g,pooled,8554,,1.087499999999989,1
g,pooled,8555,,1.087499999999989,1
g,pooled,8556,,1.087499999999989,1
g,pooled,8557,,1.087499999999989,1
g,pooled,8558,,1.087499999999989,1
g,pooled,8559,,1.087499999999989,1
g,pooled,8560,,1.087499999999989,1
g,pooled,8561,,1.112499999999989,1
g,pooled,8562,,1.112499999999989,1
g,pooled,8563,,1.112499999999989,1
g,pooled,8564,,1.112499999999989,1
g,pooled,8565,,1.112499999999989,1
g,pooled,8566,,1.1374999999999889,1
g,pooled,8567,,1.1374999999999889,1
g,pooled,8568,,1.1374999999999889,1
g,pooled,8569,,1.1374999999999889,1
g,pooled,8570,,1.1374999999999889,1
g,pooled,8571,,1.1374999999999889,1
g,pooled,8572,,1.1374999999999889,1
g,pooled,8573,,1.1374999999999889,1
g,pooled,8574,,1.1624999999999888,1
g,pooled,8575,,1.1624999999999888,1
g,pooled,8576,,1.1624999999999888,1
g,pooled,8577,,1.1624999999999888,1
g,pooled,8578,,1.1624999999999888,1
g,pooled,8579,,1.1624999999999888,1
g,pooled,8580,,1.1624999999999888,1
g,pooled,8581,,1.1624999999999888,1
g,pooled,8582,,1.1874999999999887,1
g,pooled,8583,,1.1874999999999887,1
g,pooled,8584,,1.1874999999999887,1
g,pooled,8585,,1.1874999999999887,1
g,pooled,8586,,1.1874999999999887,1
g,pooled,8587,,1.1874999999999887,1
g,pooled,8588,,1.2124999999999886,1
g,pooled,8589,,1.2124999999999886,1
g,pooled,8590,,1.2124999999999886,1
g,pooled,8591,,1.2124999999999886,1
g,pooled,8592,,1.2124999999999886,1
g,pooled,8593,,1.2124999999999886,1
g,pooled,8594,,1.2124999999999886,1
g,pooled,8595,,1.2124999999999886,1
g,pooled,8596,,1.2124999999999886,1
g,pooled,8597,,1.2374999999999885,1
g,pooled,8598,,1.2374999999999885,1
g,pooled,8599,,1.2374999999999885,1
g,pooled,8600,,1.2374999999999885,1
g,pooled,8601,,1.2374999999999885,1
g,pooled,8602,,1.2374999999999885,1
g,pooled,8603,,1.2374999999999885,1
g,pooled,8604,,1.2374999999999885,1
g,pooled,8605,,1.2374999999999885,1
g,pooled,8606,,1.2374999999999885,1
g,pooled,8607,,1.2624999999999884,1
g,pooled,8608,,1.2624999999999884,1
g,pooled,8609,,1.2624999999999884,1
g,pooled,8610,,1.2624999999999884,1
g,pooled,8611,,1.2624999999999884,1
g,pooled,8612,,1.2624999999999884,1
g,pooled,8613,,1.2624999999999884,1
g,pooled,8614,,1.2624999999999884,1
g,pooled,8615,,1.2874999999999883,1
g,pooled,8616,,1.2874999999999883,1
g,pooled,8617,,1.2874999999999883,1
g,pooled,8618,,1.2874999999999883,1
g,pooled,8619,,1.2874999999999883,1
g,pooled,8620,,1.2874999999999883,1
g,pooled,8621,,1.3124999999999882,1
g,pooled,8622,,1.3124999999999882,1
g,pooled,8623,,1.3124999999999882,1
g,pooled,8624,,1.3374999999999881,1
g,pooled,8625,,1.3374999999999881,1
g,pooled,8626,,1.3374999999999881,1
g,pooled,8627,,1.3374999999999881,1
g,pooled,8628,,1.362499999999988,1
g,pooled,8629,,1.362499999999988,1
g,pooled,8630,,1.362499999999988,1
g,pooled,8631,,1.362499999999988,1
g,pooled,8632,,1.387499999999988,1
g,pooled,8633,,1.387499999999988,1
g,pooled,8634,,1.387499999999988,1
g,pooled,8635,,1.387499999999988,1
g,pooled,8636,,1.387499999999988,1
g,pooled,8637,,1.387499999999988,1
g,pooled,8638,,1.387499999999988,1
g,pooled,8639,,1.387499999999988,1
g,pooled,8640,,1.387499999999988,1
g,pooled,8641,,1.4124999999999879,1
g,pooled,8642,,1.4124999999999879,1
g,pooled,8643,,1.4124999999999879,1
g,pooled,8644,,1.4124999999999879,1
g,pooled,8645,,1.4124999999999879,1
g,pooled,8646,,1.4124999999999879,1
g,pooled,8647,,1.4124999999999879,1
g,pooled,8648,,1.4124999999999879,1
g,pooled,8649,,1.4124999999999879,1
g,pooled,8650,,1.4374999999999878,1
g,pooled,8651,,1.4374999999999878,1
g,pooled,8652,,1.4374999999999878,1
g,pooled,8653,,,1
g,pooled,8654,,,1
g,pooled,8655,,,1
g,pooled,8656,,,1
g,pooled,8657,,,1
g,pooled,8658,,,1
g,pooled,8659,,,1
g,pooled,8660,,,1
g,pooled,8661,,,1
g,pooled,8662,,,1
g,pooled,8663,,,1
g,pooled,8664,,,1
g,pooled,8665,,,1
g,pooled,8666,,,1
g,pooled,8667,,,1
g,pooled,8668,,,1
g,pooled,8669,,,1
g,pooled,8670,,,1
g,pooled,8671,,,1
g,pooled,8672,,,1
g,pooled,8673,,,1
g,pooled,8674,,,1
g,pooled,8675,,,1
g,pooled,8676,,,1
g,pooled,8677,,,1
g,pooled,8678,,,1
g,pooled,8679,,,1
g,pooled,8680,,,1
g,pooled,8681,,,1
g,pooled,8682,,,1
g,pooled,8683,,,1
g,pooled,8684,,,1
g,pooled,8685,,,1
g,pooled,8686,,,1
g,pooled,8687,,,1
g,pooled,8688,,,1
g,pooled,8689,,,1
g,pooled,8690,,,1
g,pooled,8691,,,1
g,pooled,8692,,,1
g,pooled,8693,,,1
g,pooled,8694,,,1
g,pooled,8695,,,1
g,pooled,8696,,,1
g,pooled,8697,,,1
g,pooled,8698,,,1
g,pooled,8699,,,1
g,pooled,8700,,,1
g,pooled,8701,,,1
g,pooled,8702,,,1
g,pooled,8703,,,1
g,pooled,8704,,,1
g,pooled,8705,,,1
g,pooled,8706,,,1
g,pooled,8707,,,1
g,pooled,8708,,,1
g,pooled,8709,,,1
g,pooled,8710,,,1
g,pooled,8711,,,1
g,pooled,8712,,,1
g,pooled,8713,,,1
g,pooled,8714,,,1
g,pooled,8715,,,1
g,pooled,8716,,,1
g,pooled,8717,,,1
g,pooled,8718,,,1
g,pooled,8719,,,1
g,pooled,8720,,,1
g,pooled,8721,,,1
g,pooled,8722,,,1
g,pooled,8723,,,1
g,pooled,8724,,,1
g,pooled,8725,,,1
g,pooled,8726,,,1
g,pooled,8727,,,1
g,pooled,8728,,,1
g,pooled,8729,,,1
g,pooled,8730,,,1
g,pooled,8731,,,1
g,pooled,8732,,,1
g,pooled,8733,,,1
g,pooled,8734,,,1
g,pooled,8735,,,1
g,pooled,8736,,,1
g,pooled,8737,,,1
g,pooled,8738,,,1
g,pooled,8739,,,1
g,pooled,8740,,,1
g,pooled,8741,,,1
g,pooled,8742,,,1
g,pooled,8743,,,1
g,pooled,8744,,,1
g,pooled,8745,,,1
g,pooled,8746,,,1
g,pooled,8747,,,1
g,pooled,8748,,,1
g,pooled,8749,,,1
g,pooled,8750,,,1
g,pooled,8751,,,1
g,pooled,8752,,,1
g,pooled,8753,,,1
g,pooled,8754,,,1
g,pooled,8755,,,1
g,pooled,8756,,,1
g,pooled,8757,,,1
g,pooled,8758,,,1
g,pooled,8759,,,1
g,pooled,8760,,,1
g,pooled,8761,,,1
g,pooled,8762,,,1
g,pooled,8763,,,1
g,pooled,8764,,,1
g,pooled,8765,,,1
g,pooled,8766,,,1
g,pooled,8767,,,1
g,pooled,8768,,,1
g,pooled,8769,,,1
g,pooled,8770,,,1
g,pooled,8771,,,1
g,pooled,8772,,,1
g,pooled,8773,,,1
g,pooled,8774,,,1
g,pooled,8775,,,1
g,pooled,8776,,,1
g,pooled,8777,,,1
g,pooled,8778,,,1
g,pooled,8779,,,1
g,pooled,8780,,,1
g,pooled,8781,,,1
g,pooled,8782,,,1
g,pooled,8783,,,1
g,pooled,8784,,,1
g,pooled,8785,,,1
g,pooled,8786,,,1
g,pooled,8787,,,1
g,pooled,8788,,,1
g,pooled,8789,,,1
g,pooled,8790,,,1
g,pooled,8791,,,1
g,pooled,8792,,,1
g,pooled,8793,,,1
g,pooled,8794,,,1
g,pooled,8795,,,1
g,pooled,8796,,,1
g,pooled,8797,,,1
g,pooled,8798,,,1
g,pooled,8799,,,1
g,pooled,8800,,,1
g,pooled,8801,,,1
g,pooled,8802,,,1
g,pooled,8803,,,1
g,pooled,8804,,,1
g,pooled,8805,,,1
g,pooled,8806,,,1
g,pooled,8807,,,1
g,pooled,8808,,,1
g,pooled,8809,,,1
g,pooled,8810,,,1
g,pooled,8811,,,1
g,pooled,8812,,,1
g,pooled,8813,,,1
g,pooled,8814,,,1
g,pooled,8815,,,1
g,pooled,8816,,,1
g,pooled,8817,,,1
g,pooled,8818,,,1
g,pooled,8819,,,1
g,pooled,8820,,,1
g,pooled,8821,,,1
g,pooled,8822,,,1
g,pooled,8823,,,1
g,pooled,8824,,,1
g,pooled,8825,,,1
g,pooled,8826,,,1
g,pooled,8827,,,1
g,pooled,8828,,,1
g,pooled,8829,,,1
g,pooled,8830,,,1
g,pooled,8831,,,1
g,pooled,8832,,,1
g,pooled,8833,,,1
g,pooled,8834,,,1
g,pooled,8835,,,1
g,pooled,8836,,,1
g,pooled,8837,,,1
g,pooled,8838,,,1
g,pooled,8839,,,1
g,pooled,8840,,,1
g,pooled,8841,,,1
g,pooled,8842,,,1
g,pooled,8843,,,1
g,pooled,8844,,,1
g,pooled,8845,,,1
g,pooled,8846,,,1
g,pooled,8847,,,1
g,pooled,8848,,,1
g,pooled,8849,,,1
g,pooled,8850,,,1
g,pooled,8851,,,1
g,pooled,8852,,,1
g,pooled,8853,,,1
g,pooled,8854,,,1
g,pooled,8855,,,1
g,pooled,8856,,,1
g,pooled,8857,,,1
g,pooled,8858,,,1
g,pooled,8859,,,1
g,pooled,8860,,,1
g,pooled,8861,,,1
g,pooled,8862,,,1
g,pooled,8863,,,1
g,pooled,8864,,,1
g,pooled,8865,,,1
g,pooled,8866,,,1
g,pooled,8867,,,1
g,pooled,8868,,,1
g,pooled,8869,,,1
g,pooled,8870,,,1
g,pooled,8871,,,1
g,pooled,8872,,,1
g,pooled,8873,,,1
g,pooled,8874,,,1
g,pooled,8875,,,1
g,pooled,8876,,,1
g,pooled,8877,,,1
g,pooled,8878,,,1
g,pooled,8879,,,1
g,pooled,8880,,,1
g,pooled,8881,,,1
g,pooled,8882,,,1
g,pooled,8883,,,1
g,pooled,8884,,,1
g,pooled,8885,,,1
g,pooled,8886,,,1
g,pooled,8887,,,1
g,pooled,8888,,,1
g,pooled,8889,,,1
g,pooled,8890,,,1
g,pooled,8891,,,1
g,pooled,8892,,,1
g,pooled,8893,,,1
g,pooled,8894,,,1
g,pooled,8895,,,1
g,pooled,8896,,,1
g,pooled,8897,,,1
g,pooled,8898,,,1
g,pooled,8899,,,1
g,pooled,8900,,,1
g,pooled,8901,,,1
g,pooled,8902,,,1
g,pooled,8903,,,1
g,pooled,8904,,,1
g,pooled,8905,,,1
g,pooled,8906,,,1
g,pooled,8907,,,1
g,pooled,8908,,,1
g,pooled,8909,,,1
g,pooled,8910,,,1
g,pooled,8911,,,1
g,pooled,8912,,,1
g,pooled,8913,,,1
g,pooled,8914,,,1
g,pooled,8915,,,1
g,pooled,8916,,,1
g,pooled,8917,,,1
g,pooled,8918,,,1
g,pooled,8919,,,1
g,pooled,8920,,,1
g,pooled,8921,,,1
g,pooled,8922,,,1
g,pooled,8923,,,1
g,pooled,8924,,,1
g,pooled,8925,,,1
g,pooled,8926,,,1
g,pooled,8927,,,1
g,pooled,8928,,,1
g,pooled,8929,,,1
g,pooled,8930,,,1
g,pooled,8931,,,1
g,pooled,8932,,,1
g,pooled,8933,,,1
g,pooled,8934,,,1
g,pooled,8935,,,1
g,pooled,8936,,,1
g,pooled,8937,,,1
g,pooled,8938,,,1
g,pooled,8939,,,1
g,pooled,8940,,,1
g,pooled,8941,,,1
g,pooled,8942,,,1
g,pooled,8943,,,1
g,pooled,8944,,,1
g,pooled,8945,,,1
g,pooled,8946,,,1
g,pooled,8947,,,1
g,pooled,8948,,,1
g,pooled,8949,,,1
g,pooled,8950,,,1
g,pooled,8951,,,1
g,pooled,8952,,,1
g,pooled,8953,,,1
g,pooled,8954,,,1
g,pooled,8955,,,1
g,pooled,8956,,,1
g,pooled,8957,,,1
g,pooled,8958,,,1
g,pooled,8959,,,1
g,pooled,8960,,,1
g,pooled,8961,,,1
g,pooled,8962,,,1
g,pooled,8963,,,1
g,pooled,8964,,,1
g,pooled,8965,,,1
g,pooled,8966,,,1
g,pooled,8967,,,1
g,pooled,8968,,,1
g,pooled,8969,,,1
g,pooled,8970,,,1
g,pooled,8971,,,1
g,pooled,8972,,,1
g,pooled,8973,,,1
g,pooled,8974,,,1
g,pooled,8975,,,1
g,pooled,8976,,,1
g,pooled,8977,,,1
g,pooled,8978,,,1
g,pooled,8979,,,1
g,pooled,8980,,,1
g,pooled,8981,,,1
g,pooled,8982,,,1
g,pooled,8983,,,1
g,pooled,8984,,,1
g,pooled,8985,,,1
g,pooled,8986,,,1
g,pooled,8987,,,1
g,pooled,8988,,,1
g,pooled,8989,,,1
g,pooled,8990,,,1
g,pooled,8991,,,1
g,pooled,8992,,,1
g,pooled,8993,,,1
g,pooled,8994,,,1
g,pooled,8995,,,1
g,pooled,8996,,,1
g,pooled,8997,,,1
g,pooled,8998,,,1
g,pooled,8999,,,1
g,pooled,9000,,,1
g,pooled,9001,,,1
g,pooled,9002,,,1
g,pooled,9003,,,1
g,pooled,9004,,,1
g,pooled,9005,,,1
g,pooled,9006,,,1
g,pooled,9007,,,1
g,pooled,9008,,,1
g,pooled,9009,,,1
g,pooled,9010,,,1
g,pooled,9011,,,1
g,pooled,9012,,,1
g,pooled,9013,,,1
g,pooled,9014,,,1
g,pooled,9015,,,1
g,pooled,9016,,,1
g,pooled,9017,,,1
g,pooled,9018,,,1
g,pooled,9019,,,1
g,pooled,9020,,,1
g,pooled,9021,,,1
g,pooled,9022,,,1
g,pooled,9023,,,1
g,pooled,9024,,,1
g,pooled,9025,,,1
g,pooled,9026,,,1
g,pooled,9027,,,1
g,pooled,9028,,,1
g,pooled,9029,,,1
g,pooled,9030,,,1
g,pooled,9031,,,1
g,pooled,9032,,,1
g,pooled,9033,,,1
g,pooled,9034,,,1
g,pooled,9035,,,1
g,pooled,9036,,,1
g,pooled,9037,,,1
g,pooled,9038,,,1
g,pooled,9039,,,1
g,pooled,9040,,,1
g,pooled,9041,,,1
g,pooled,9042,,,1
g,pooled,9043,,,1
g,pooled,9044,,,1
g,pooled,9045,,,1
g,pooled,9046,,,1
g,pooled,9047,,,1
g,pooled,9048,,,1
g,pooled,9049,,,1
g,pooled,9050,,,1
g,pooled,9051,,,1
g,pooled,9052,,,1
g,pooled,9053,,,1
g,pooled,9054,,,1
g,pooled,9055,,,1
g,pooled,9056,,,1
g,pooled,9057,,,1
g,pooled,9058,,,1
g,pooled,9059,,,1
g,pooled,9060,,,1
g,pooled,9061,,,1
g,pooled,9062,,,1
g,pooled,9063,,,1
g,pooled,9064,,,1
g,pooled,9065,,,1
g,pooled,9066,,,1
g,pooled,9067,,,1
g,pooled,9068,,,1
g,pooled,9069,,,1
g,pooled,9070,,,1
g,pooled,9071,,,1
g,pooled,9072,,,1
g,pooled,9073,,,1
g,pooled,9074,,,1
g,pooled,9075,,,1
g,pooled,9076,,,1
g,pooled,9077,,,1
g,pooled,9078,,,1
g,pooled,9079,,,1
g,pooled,9080,,,1
g,pooled,9081,,,1
g,pooled,9082,,,1
g,pooled,9083,,,1
g,pooled,9084,,,1
g,pooled,9085,,,1
g,pooled,9086,,,1
g,pooled,9087,,,1
g,pooled,9088,,,1
g,pooled,9089,,,1
g,pooled,9090,,,1
g,pooled,9091,,,1
g,pooled,9092,,,1
g,pooled,9093,,,1
g,pooled,9094,,,1
g,pooled,9095,,,1
g,pooled,9096,,,1
g,pooled,9097,,,1
g,pooled,9098,,,1
g,pooled,9099,,,1
g,pooled,9100,,,1
g,pooled,9101,,,1
g,pooled,9102,,,1
g,pooled,9103,,,1
g,pooled,9104,,,1
g,pooled,9105,,,1
g,pooled,9106,,,1
g,pooled,9107,,,1
g,pooled,9108,,,1
g,pooled,9109,,,1
g,pooled,9110,,,1
g,pooled,9111,,,1
g,pooled,9112,,,1
g,pooled,9113,,,1
g,pooled,9114,,,1
g,pooled,9115,,,1
g,pooled,9116,,,1
g,pooled,9117,,,1
g,pooled,9118,,,1
g,pooled,9119,,,1
g,pooled,9120,,,1
g,pooled,9121,,,1
g,pooled,9122,,,1
g,pooled,9123,,,1
g,pooled,9124,,,1
g,pooled,9125,,,1
g,pooled,9126,,,1
g,pooled,9127,,,1
g,pooled,9128,,,1
g,pooled,9129,,,1
g,pooled,9130,,,1
g,pooled,9131,,,1
g,pooled,9132,,,1
g,pooled,9133,,,1
g,pooled,9134,,,1
g,pooled,9135,,,1
g,pooled,9136,,,1
g,pooled,9137,,,1
g,pooled,9138,,,1
g,pooled,9139,,,1
g,pooled,9140,,,1
g,pooled,9141,,,1
g,pooled,9142,,,1
g,pooled,9143,,,1
g,pooled,9144,,,1
g,pooled,9145,,,1
g,pooled,9146,,,1
g,pooled,9147,,,1
g,pooled,9148,,,1
g,pooled,9149,,,1
g,pooled,9150,,,1
g,pooled,9151,,,1
g,pooled,9152,,,1
g,pooled,9153,,,1
g,pooled,9154,,,1
g,pooled,9155,,,1
g,pooled,9156,,,1
g,pooled,9157,,,1
g,pooled,9158,,,1
g,pooled,9159,,,1
g,pooled,9160,,,1
g,pooled,9161,,,1
g,pooled,9162,,,1
g,pooled,9163,,,1
g,pooled,9164,,,1
g,pooled,9165,,,1
g,pooled,9166,,,1
g,pooled,9167,,,1
g,pooled,9168,,,1
g,pooled,9169,,,1
g,pooled,9170,,,1
g,pooled,9171,,,1
g,pooled,9172,,,1
g,pooled,9173,,,1
g,pooled,9174,,,1
g,pooled,9175,,,1
g,pooled,9176,,,1
g,pooled,9177,,,1
g,pooled,9178,,,1
g,pooled,9179,,,1
g,pooled,9180,,,1
g,pooled,9181,,,1
g,pooled,9182,,,1
g,pooled,9183,,,1
g,pooled,9184,,,1
g,pooled,9185,,,1
g,pooled,9186,,,1
g,pooled,9187,,,1
g,pooled,9188,,,1
g,pooled,9189,,,1
g,pooled,9190,,,1
g,pooled,9191,,,1
g,pooled,9192,,,1
g,pooled,9193,,,1
g,pooled,9194,,,1
g,pooled,9195,,,1
g,pooled,9196,,,1
g,pooled,9197,,,1
g,pooled,9198,,,1
g,pooled,9199,,,1
g,pooled,9200,,,1
g,pooled,9201,,,1
g,pooled,9202,,,1
g,pooled,9203,,,1
g,pooled,9204,,,1
g,pooled,9205,,,1
g,pooled,9206,,,1
g,pooled,9207,,,1
g,pooled,9208,,,1
g,pooled,9209,,,1
g,pooled,9210,,,1
g,pooled,9211,,,1
g,pooled,9212,,,1
g,pooled,9213,,,1
g,pooled,9214,,,1
g,pooled,9215,,,1
g,pooled,9216,,,1
g,pooled,9217,,,1
g,pooled,9218,,,1
g,pooled,9219,,,1
g,pooled,9220,,,1
g,pooled,9221,,,1
g,pooled,9222,,,1
g,pooled,9223,,,1
g,pooled,9224,,,1
g,pooled,9225,,,1
g,pooled,9226,,,1
g,pooled,9227,,,1
g,pooled,9228,,,1
g,pooled,9229,,,1
g,pooled,9230,,,1
g,pooled,9231,,,1
g,pooled,9232,,,1
g,pooled,9233,,,1
g,pooled,9234,,,1
g,pooled,9235,,,1
g,pooled,9236,,,1
g,pooled,9237,,,1
g,pooled,9238,,,1
g,pooled,9239,,,1
g,pooled,9240,,,1
g,pooled,9241,,,1
g,pooled,9242,,,1
g,pooled,9243,,,1
g,pooled,9244,,,1
g,pooled,9245,,,1
g,pooled,9246,,,1
g,pooled,9247,,,1
g,pooled,9248,,,1
g,pooled,9249,,,1
g,pooled,9250,,,1
g,pooled,9251,,,1
g,pooled,9252,,,1
g,pooled,9253,,,1
g,pooled,9254,,,1
g,pooled,9255,,,1
g,pooled,9256,,,1
g,pooled,9257,,,1
g,pooled,9258,,,1
g,pooled,9259,,,1
g,pooled,9260,,,1
g,pooled,9261,,,1
g,pooled,9262,,,1
g,pooled,9263,,,1
g,pooled,9264,,,1
g,pooled,9265,,,1
g,pooled,9266,,,1
g,pooled,9267,,,1
g,pooled,9268,,,1
g,pooled,9269,,,1
g,pooled,9270,,,1
g,pooled,9271,,,1
g,pooled,9272,,,1
g,pooled,9273,,,1
g,pooled,9274,,,1
g,pooled,9275,,,1
g,pooled,9276,,,1
g,pooled,9277,,,1
g,pooled,9278,,,1
g,pooled,9279,,,1
g,pooled,9280,,,1
g,pooled,9281,,,1
g,pooled,9282,,,1
g,pooled,9283,,,1
g,pooled,9284,,,1
g,pooled,9285,,,1
g,pooled,9286,,,1
g,pooled,9287,,,1
g,pooled,9288,,,1
g,pooled,9289,,,1
g,pooled,9290,,,1
g,pooled,9291,,,1
g,pooled,9292,,,1
g,pooled,9293,,,1
g,pooled,9294,,,1
g,pooled,9295,,,1
g,pooled,9296,,,1
g,pooled,9297,,,1
g,pooled,9298,,,1
g,pooled,9299,,,1
g,pooled,9300,,,1
g,pooled,9301,,,1
g,pooled,9302,,,1
g,pooled,9303,,,1
g,pooled,9304,,,1
g,pooled,9305,,,1
g,pooled,9306,,,1
g,pooled,9307,,,1
g,pooled,9308,,,1
g,pooled,9309,,,1
g,pooled,9310,,,1
g,pooled,9311,,,1
g,pooled,9312,,,1
g,pooled,9313,,,1
g,pooled,9314,,,1
g,pooled,9315,,,1
g,pooled,9316,,,1
g,pooled,9317,,,1
g,pooled,9318,,,1
g,pooled,9319,,,1
g,pooled,9320,,,1
g,pooled,9321,,,1
g,pooled,9322,,,1
g,pooled,9323,,,1
g,pooled,9324,,,1
g,pooled,9325,,,1
g,pooled,9326,,,1
g,pooled,9327,,,1
g,pooled,9328,,,1
g,pooled,9329,,,1
g,pooled,9330,,,1
g,pooled,9331,,,1
g,pooled,9332,,,1
g,pooled,9333,,,1
g,pooled,9334,,,1
g,pooled,9335,,,1
g,pooled,9336,,,1
g,pooled,9337,,,1
g,pooled,9338,,,1
g,pooled,9339,,,1
g,pooled,9340,,,1
g,pooled,9341,,,1
g,pooled,9342,,,1
g,pooled,9343,,,1
g,pooled,9344,,,1
g,pooled,9345,,,1
g,pooled,9346,,,1
g,pooled,9347,,,1
g,pooled,9348,,,1
g,pooled,9349,,,1
g,pooled,9350,,,1
g,pooled,9351,,,1
g,pooled,9352,,,1
g,pooled,9353,,,1
g,pooled,9354,,,1
g,pooled,9355,,,1
g,pooled,9356,,,1
g,pooled,9357,,,1
g,pooled,9358,,,1
g,pooled,9359,,,1
g,pooled,9360,,,1
g,pooled,9361,,,1
g,pooled,9362,,,1
g,pooled,9363,,,1
g,pooled,9364,,,1
g,pooled,9365,,,1
g,pooled,9366,,,1
g,pooled,9367,,,1
g,pooled,9368,,,1
g,pooled,9369,,,1
g,pooled,9370,,,1
g,pooled,9371,,,1
g,pooled,9372,,,1
g,pooled,9373,,,1
g,pooled,9374,,,1
g,pooled,9375,,,1
g,pooled,9376,,,1
g,pooled,9377,,,1
g,pooled,9378,,,1
g,pooled,9379,,,1
g,pooled,9380,,,1
g,pooled,9381,,,1
g,pooled,9382,,,1
g,pooled,9383,,,1
g,pooled,9384,,,1
g,pooled,9385,,,1
g,pooled,9386,,,1
g,pooled,9387,,,1
g,pooled,9388,,,1
g,pooled,9389,,,1
g,pooled,9390,,,1
g,pooled,9391,,,1
g,pooled,9392,,,1
g,pooled,9393,,,1
g,pooled,9394,,,1
g,pooled,9395,,,1
g,pooled,9396,,,1
g,pooled,9397,,,1
g,pooled,9398,,,1
g,pooled,9399,,,1
g,pooled,9400,,,1
g,pooled,9401,,,1
g,pooled,9402,,,1
g,pooled,9403,,,1
g,pooled,9404,,,1
g,pooled,9405,,,1
g,pooled,9406,,,1
g,pooled,9407,,,1
g,pooled,9408,,,1
g,pooled,9409,,,1
g,pooled,9410,,,1
g,pooled,9411,,,1
g,pooled,9412,,,1
g,pooled,9413,,,1
g,pooled,9414,,,1
g,pooled,9415,,,1
g,pooled,9416,,,1
g,pooled,9417,,,1
g,pooled,9418,,,1
g,pooled,9419,,,1
g,pooled,9420,,,1
g,pooled,9421,,,1
g,pooled,9422,,,1
g,pooled,9423,,,1
g,pooled,9424,,,1
g,pooled,9425,,,1
g,pooled,9426,,,1
g,pooled,9427,,,1
g,pooled,9428,,,1
g,pooled,9429,,,1
g,pooled,9430,,,1
g,pooled,9431,,,1
g,pooled,9432,,,1
g,pooled,9433,,,1
g,pooled,9434,,,1
g,pooled,9435,,,1
g,pooled,9436,,,1
g,pooled,9437,,,1
g,pooled,9438,,,1
g,pooled,9439,,,1
g,pooled,9440,,,1
g,pooled,9441,,,1
g,pooled,9442,,,1
g,pooled,9443,,,1
g,pooled,9444,,,1
g,pooled,9445,,,1
g,pooled,9446,,,1
g,pooled,9447,,,1
g,pooled,9448,,,1
g,pooled,9449,,,1
g,pooled,9450,,,1
g,pooled,9451,,,1
g,pooled,9452,,,1
g,pooled,9453,,,1
g,pooled,9454,,,1
g,pooled,9455,,,1
g,pooled,9456,,,1
g,pooled,9457,,,1
g,pooled,9458,,,1
g,pooled,9459,,,1
g,pooled,9460,,,1
g,pooled,9461,,,1
g,pooled,9462,,,1
g,pooled,9463,,,1
g,pooled,9464,,,1
g,pooled,9465,,,1
g,pooled,9466,,,1
g,pooled,9467,,,1
g,pooled,9468,,,1
g,pooled,9469,,,1
g,pooled,9470,,,1
g,pooled,9471,,,1
g,pooled,9472,,,1
g,pooled,9473,,,1
g,pooled,9474,,,1
g,pooled,9475,,,1
g,pooled,9476,,,1
g,pooled,9477,,,1
g,pooled,9478,,,1
g,pooled,9479,,,1
g,pooled,9480,,,1
g,pooled,9481,,,1
g,pooled,9482,,,1
g,pooled,9483,,,1
g,pooled,9484,,,1
g,pooled,9485,,,1
g,pooled,9486,,,1
g,pooled,9487,,,1
g,pooled,9488,,,1
g,pooled,9489,,,1
g,pooled,9490,,,1
g,pooled,9491,,,1
g,pooled,9492,,,1
g,pooled,9493,,,1
g,pooled,9494,,,1
g,pooled,9495,,,1
g,pooled,9496,,,1
g,pooled,9497,,,1
g,pooled,9498,,,1
g,pooled,9499,,,1
g,pooled,9500,,,1
g,pooled,9501,,,1
g,pooled,9502,,,1
g,pooled,9503,,,1
g,pooled,9504,,,1
g,pooled,9505,,,1
g,pooled,9506,,,1
g,pooled,9507,,,1
g,pooled,9508,,,1
g,pooled,9509,,,1
g,pooled,9510,,,1
g,pooled,9511,,,1
g,pooled,9512,,,1
g,pooled,9513,,,1
g,pooled,9514,,,1
g,pooled,9515,,,1
g,pooled,9516,,,1
g,pooled,9517,,,1
g,pooled,9518,,,1
g,pooled,9519,,,1
g,pooled,9520,,,1
g,pooled,9521,,,1
g,pooled,9522,,,1
g,pooled,9523,,,1
g,pooled,9524,,,1
g,pooled,9525,,,1
g,pooled,9526,,,1
g,pooled,9527,,,1
g,pooled,9528,,,1
g,pooled,9529,,,1
g,pooled,9530,,,1
g,pooled,9531,,,1
g,pooled,9532,,,1
g,pooled,9533,,,1
g,pooled,9534,,,1
g,pooled,9535,,,1
g,pooled,9536,,,1
g,pooled,9537,,,1
g,pooled,9538,,,1
g,pooled,9539,,,1
g,pooled,9540,,,1
g,pooled,9541,,,1
g,pooled,9542,,,1
g,pooled,9543,,,1
g,pooled,9544,,,1
g,pooled,9545,,,1
g,pooled,9546,,,1
g,pooled,9547,,,1
g,pooled,9548,,,1
g,pooled,9549,,,1
g,pooled,9550,,,1
g,pooled,9551,,,1
g,pooled,9552,,,1
g,pooled,9553,,,1
g,pooled,9554,,,1
g,pooled,9555,,,1
g,pooled,9556,,,1
g,pooled,9557,,,1
g,pooled,9558,,,1
g,pooled,9559,,,1
g,pooled,9560,,,1
g,pooled,9561,,,1
g,pooled,9562,,,1
g,pooled,9563,,,1
g,pooled,9564,,,1
g,pooled,9565,,,1
g,pooled,9566,,,1
g,pooled,9567,,,1
g,pooled,9568,,,1
g,pooled,9569,,,1
g,pooled,9570,,,1
g,pooled,9571,,,1
g,pooled,9572,,,1
g,pooled,9573,,,1
g,pooled,9574,,,1
g,pooled,9575,,,1
g,pooled,9576,,,1
g,pooled,9577,,,1
g,pooled,9578,,,1
g,pooled,9579,,,1
g,pooled,9580,,,1
g,pooled,9581,,,1
g,pooled,9582,,,1
g,pooled,9583,,,1
g,pooled,9584,,,1
g,pooled,9585,,,1
g,pooled,9586,,,1
g,pooled,9587,,,1
g,pooled,9588,,,1
g,pooled,9589,,,1
g,pooled,9590,,,1
g,pooled,9591,,,1
g,pooled,9592,,,1
g,pooled,9593,,,1
g,pooled,9594,,,1
g,pooled,9595,,,1
g,pooled,9596,,,1
g,pooled,9597,,,1
g,pooled,9598,,,1
g,pooled,9599,,,1
g,pooled,9600,,,1
g,pooled,9601,,,1
g,pooled,9602,,,1
g,pooled,9603,,,1
g,pooled,9604,,,1
g,pooled,9605,,,1
g,pooled,9606,,,1
g,pooled,9607,,,1
g,pooled,9608,,,1
g,pooled,9609,,,1
g,pooled,9610,,,1
g,pooled,9611,,,1
g,pooled,9612,,,1
g,pooled,9613,,,1
g,pooled,9614,,,1
g,pooled,9615,,,1
g,pooled,9616,,,1
g,pooled,9617,,,1
g,pooled,9618,,,1
g,pooled,9619,,,1
g,pooled,9620,,,1
g,pooled,9621,,,1
g,pooled,9622,,,1
g,pooled,9623,,,1
g,pooled,9624,,,1
g,pooled,9625,,,1
g,pooled,9626,,,1
g,pooled,9627,,,1
g,pooled,9628,,,1
g,pooled,9629,,,1
g,pooled,9630,,,1
g,pooled,9631,,,1
g,pooled,9632,,,1
g,pooled,9633,,,1
g,pooled,9634,,,1
g,pooled,9635,,,1
g,pooled,9636,,,1
g,pooled,9637,,,1
g,pooled,9638,,,1
g,pooled,9639,,,1
g,pooled,9640,,,1
g,pooled,9641,,,1
g,pooled,9642,,,1
g,pooled,9643,,,1
g,pooled,9644,,,1
g,pooled,9645,,,1
g,pooled,9646,,,1
g,pooled,9647,,,1
g,pooled,9648,,,1
g,pooled,9649,,,1
g,pooled,9650,,,1
g,pooled,9651,,,1
g,pooled,9652,,,1
g,pooled,9653,,,1
g,pooled,9654,,,1
g,pooled,9655,,,1
g,pooled,9656,,,1
g,pooled,9657,,,1
g,pooled,9658,,,1
g,pooled,9659,,,1
g,pooled,9660,,,1
g,pooled,9661,,,1
g,pooled,9662,,,1
g,pooled,9663,,,1
g,pooled,9664,,,1
g,pooled,9665,,,1
g,pooled,9666,,,1
g,pooled,9667,,,1
g,pooled,9668,,,1
g,pooled,9669,,,1
g,pooled,9670,,,1
g,pooled,9671,,,1
g,pooled,9672,,,1
g,pooled,9673,,,1
g,pooled,9674,,,1
g,pooled,9675,,,1
g,pooled,9676,,,1
g,pooled,9677,,,1
g,pooled,9678,,,1
g,pooled,9679,,,1
g,pooled,9680,,,1
g,pooled,9681,,,1
g,pooled,9682,,,1
g,pooled,9683,,,1
g,pooled,9684,,,1
g,pooled,9685,,,1
g,pooled,9686,,,1
g,pooled,9687,,,1
g,pooled,9688,,,1
g,pooled,9689,,,1
g,pooled,9690,,,1
g,pooled,9691,,,1
g,pooled,9692,,,1
g,pooled,9693,,,1
g,pooled,9694,,,1
g,pooled,9695,,,1
g,pooled,9696,,,1
g,pooled,9697,,,1
g,pooled,9698,,,1
g,pooled,9699,,,1
g,pooled,9700,,,1
g,pooled,9701,,,1
g,pooled,9702,,,1
g,pooled,9703,,,1
g,pooled,9704,,,1
g,pooled,9705,,,1
g,pooled,9706,,,1
g,pooled,9707,,,1
g,pooled,9708,,,1
g,pooled,9709,,,1
g,pooled,9710,,,1
g,pooled,9711,,,1
g,pooled,9712,,,1
g,pooled,9713,,,1
g,pooled,9714,,,1
g,pooled,9715,,,1
g,pooled,9716,,,1
g,pooled,9717,,,1
g,pooled,9718,,,1
g,pooled,9719,,,1
g,pooled,9720,,,1
g,pooled,9721,,,1
g,pooled,9722,,,1
g,pooled,9723,,,1
g,pooled,9724,,,1
g,pooled,9725,,,1
g,pooled,9726,,,1
g,pooled,9727,,,1
g,pooled,9728,,,1
g,pooled,9729,,,1
g,pooled,9730,,,1
g,pooled,9731,,,1
g,pooled,9732,,,1
g,pooled,9733,,,1
g,pooled,9734,,,1
g,pooled,9735,,,1
g,pooled,9736,,,1
g,pooled,9737,,,1
g,pooled,9738,,,1
g,pooled,9739,,,1
g,pooled,9740,,,1
g,pooled,9741,,,1
g,pooled,9742,,,1
g,pooled,9743,,,1
g,pooled,9744,,,1
g,pooled,9745,,,1
g,pooled,9746,,,1
g,pooled,9747,,,1
g,pooled,9748,,,1
g,pooled,9749,,,1
g,pooled,9750,,,1
g,pooled,9751,,,1
g,pooled,9752,,,1
g,pooled,9753,,,1
g,pooled,9754,,,1
g,pooled,9755,,,1
g,pooled,9756,,,1
g,pooled,9757,,,1
g,pooled,9758,,,1
g,pooled,9759,,,1
g,pooled,9760,,,1
g,pooled,9761,,,1
g,pooled,9762,,,1
g,pooled,9763,,,1
g,pooled,9764,,,1
g,pooled,9765,,,1
g,pooled,9766,,,1
g,pooled,9767,,,1
g,pooled,9768,,,1
g,pooled,9769,,,1
g,pooled,9770,,,1
g,pooled,9771,,,1
g,pooled,9772,,,1
g,pooled,9773,,,1
g,pooled,9774,,,1
g,pooled,9775,,,1
g,pooled,9776,,,1
g,pooled,9777,,,1
g,pooled,9778,,,1
g,pooled,9779,,,1
g,pooled,9780,,,1
g,pooled,9781,,,1
g,pooled,9782,,,1
g,pooled,9783,,,1
g,pooled,9784,,,1
g,pooled,9785,,,1
g,pooled,9786,,,1
g,pooled,9787,,,1
g,pooled,9788,,,1
g,pooled,9789,,,1
g,pooled,9790,,,1
g,pooled,9791,,,1
g,pooled,9792,,,1
g,pooled,9793,,,1
g,pooled,9794,,,1
g,pooled,9795,,,1
g,pooled,9796,,,1
g,pooled,9797,,,1
g,pooled,9798,,,1
g,pooled,9799,,,1
g,pooled,9800,,,1
g,pooled,9801,,,1
g,pooled,9802,,,1
g,pooled,9803,,,1
g,pooled,9804,,,1
g,pooled,9805,,,1
g,pooled,9806,,,1
g,pooled,9807,,,1
g,pooled,9808,,,1
g,pooled,9809,,,1
g,pooled,9810,,,1
g,pooled,9811,,,1
g,pooled,9812,,,1
g,pooled,9813,,,1
g,pooled,9814,,,1
g,pooled,9815,,,1
g,pooled,9816,,,1
g,pooled,9817,,,1
g,pooled,9818,,,1
g,pooled,9819,,,1
g,pooled,9820,,,1
g,pooled,9821,,,1
g,pooled,9822,,,1
g,pooled,9823,,,1
g,pooled,9824,,,1
g,pooled,9825,,,1
g,pooled,9826,,,1
g,pooled,9827,,,1
g,pooled,9828,,,1
g,pooled,9829,,,1
g,pooled,9830,,,1
g,pooled,9831,,,1
g,pooled,9832,,,1
g,pooled,9833,,,1
g,pooled,9834,,,1
g,pooled,9835,,,1
g,pooled,9836,,,1
g,pooled,9837,,,1
g,pooled,9838,,,1
g,pooled,9839,,,1
g,pooled,9840,,,1
g,pooled,9841,,,1
g,pooled,9842,,,1
g,pooled,9843,,,1
g,pooled,9844,,,1
g,pooled,9845,,,1
g,pooled,9846,,,1
g,pooled,9847,,,1
g,pooled,9848,,,1
g,pooled,9849,,,1
g,pooled,9850,,,1
g,pooled,9851,,,1
g,pooled,9852,,,1
g,pooled,9853,,,1
g,pooled,9854,,,1
g,pooled,9855,,,1
g,pooled,9856,,,1
g,pooled,9857,,,1
g,pooled,9858,,,1
g,pooled,9859,,,1
g,pooled,9860,,,1
g,pooled,9861,,,1
g,pooled,9862,,,1
g,pooled,9863,,,1
g,pooled,9864,,,1
g,pooled,9865,,,1
g,pooled,9866,,,1
g,pooled,9867,,,1
g,pooled,9868,,,1
g,pooled,9869,,,1
g,pooled,9870,,,1
g,pooled,9871,,,1
g,pooled,9872,,,1
g,pooled,9873,,,1
g,pooled,9874,,,1
g,pooled,9875,,,1
g,pooled,9876,,,1
g,pooled,9877,,,1
g,pooled,9878,,,1
g,pooled,9879,,,1
g,pooled,9880,,,1
g,pooled,9881,,,1
g,pooled,9882,,,1
g,pooled,9883,,,1
g,pooled,9884,,,1
g,pooled,9885,,,1
g,pooled,9886,,,1
g,pooled,9887,,,1
g,pooled,9888,,,1
g,pooled,9889,,,1
g,pooled,9890,,,1
g,pooled,9891,,,1
g,pooled,9892,,,1
g,pooled,9893,,,1
g,pooled,9894,,,1
g,pooled,9895,,,1
g,pooled,9896,,,1
g,pooled,9897,,,1
g,pooled,9898,,,1
g,pooled,9899,,,1
g,pooled,9900,,,1
g,pooled,9901,,,1
g,pooled,9902,,,1
g,pooled,9903,,,1
g,pooled,9904,,,1
g,pooled,9905,,,1
g,pooled,9906,,,1
g,pooled,9907,,,1
g,pooled,9908,,,1
g,pooled,9909,,,1
g,pooled,9910,,,1
g,pooled,9911,,,1
g,pooled,9912,,,1
g,pooled,9913,,,1
g,pooled,9914,,,1
g,pooled,9915,,,1
g,pooled,9916,,,1
g,pooled,9917,,,1
g,pooled,9918,,,1
g,pooled,9919,,,1
g,pooled,9920,,,1
g,pooled,9921,,,1
g,pooled,9922,,,1
g,pooled,9923,,,1
g,pooled,9924,,,1
g,pooled,9925,,,1
g,pooled,9926,,,1
g,pooled,9927,,,1
g,pooled,9928,,,1
g,pooled,9929,,,1
g,pooled,9930,,,1
g,pooled,9931,,,1
g,pooled,9932,,,1
g,pooled,9933,,,1
g,pooled,9934,,,1
g,pooled,9935,,,1
g,pooled,9936,,,1
g,pooled,9937,,,1
g,pooled,9938,,,1
g,pooled,9939,,,1
g,pooled,9940,,,1
g,pooled,9941,,,1
g,pooled,9942,,,1
g,pooled,9943,,,1
g,pooled,9944,,,1
g,pooled,9945,,,1
g,pooled,9946,,,1
g,pooled,9947,,,1
g,pooled,9948,,,1
g,pooled,9949,,,1
g,pooled,9950,,,1
g,pooled,9951,,,1
g,pooled,9952,,,1
g,pooled,9953,,,1
g,pooled,9954,,,1
g,pooled,9955,,,1
g,pooled,9956,,,1
g,pooled,9957,,,1
g,pooled,9958,,,1
g,pooled,9959,,,1
g,pooled,9960,,,1
g,pooled,9961,,,1
g,pooled,9962,,,1
g,pooled,9963,,,1
g,pooled,9964,,,1
g,pooled,9965,,,1
g,pooled,9966,,,1
g,pooled,9967,,,1
g,pooled,9968,,,1
g,pooled,9969,,,1
g,pooled,9970,,,1
g,pooled,9971,,,1
g,pooled,9972,,,1
g,pooled,9973,,,1
g,pooled,9974,,,1
g,pooled,9975,,,1
g,pooled,9976,,,1
g,pooled,9977,,,1
g,pooled,9978,,,1
g,pooled,9979,,,1
g,pooled,9980,,,1
g,pooled,9981,,,1
g,pooled,9982,,,1
g,pooled,9983,,,1
g,pooled,9984,,,1
g,pooled,9985,,,1
g,pooled,9986,,,1
g,pooled,9987,,,1
g,pooled,9988,,,1
g,pooled,9989,,,1
g,pooled,9990,,,1
g,pooled,9991,,,1
g,pooled,9992,,,1
g,pooled,9993,,,1
g,pooled,9994,,,1
g,pooled,9995,,,1
g,pooled,9996,,,1
g,pooled,9997,,,1
g,pooled,9998,,,1
g,pooled,9999,,,1
g,pooled,10000,,,1
g,pooled,10001,,,1
g,pooled,10002,,,1
g,pooled,10003,,,1
g,pooled,10004,,,1
g,pooled,10005,,,1
g,pooled,10006,,,1
g,pooled,10007,,,1
g,pooled,10008,,,1
g,pooled,10009,,,1
g,pooled,10010,,,1
g,pooled,10011,,,1
g,pooled,10012,,,1
g,pooled,10013,,,1
g,pooled,10014,,,1
g,pooled,10015,,,1
g,pooled,10016,,,1
g,pooled,10017,,,1
g,pooled,10018,,,1
g,pooled,10019,,,1
g,pooled,10020,,,1
g,pooled,10021,,,1
g,pooled,10022,,,1
g,pooled,10023,,,1
g,pooled,10024,,,1
g,pooled,10025,,,1
g,pooled,10026,,,1
g,pooled,10027,,,1
g,pooled,10028,,,1
g,pooled,10029,,,1
g,pooled,10030,,,1
g,pooled,10031,,,1
g,pooled,10032,,,1
g,pooled,10033,,,1
g,pooled,10034,,,1
g,pooled,10035,,,1
g,pooled,10036,,,1
g,pooled,10037,,,1
g,pooled,10038,,,1
g,pooled,10039,,,1
g,pooled,10040,,,1
g,pooled,10041,,,1
g,pooled,10042,,,1
g,pooled,10043,,,1
g,pooled,10044,,,1
g,pooled,10045,,,1
g,pooled,10046,,,1
g,pooled,10047,,,1
g,pooled,10048,,,1
g,pooled,10049,,,1
g,pooled,10050,,,1
g,pooled,10051,,,1
g,pooled,10052,,,1
g,pooled,10053,,,1
g,pooled,10054,,,1
g,pooled,10055,,,1
g,pooled,10056,,,1
g,pooled,10057,,,1
g,pooled,10058,,,1
g,pooled,10059,,,1
g,pooled,10060,,,1
g,pooled,10061,,,1
g,pooled,10062,,,1
g,pooled,10063,,,1
g,pooled,10064,,,1
g,pooled,10065,,,1
g,pooled,10066,,,1
g,pooled,10067,,,1
g,pooled,10068,,,1
g,pooled,10069,,,1
g,pooled,10070,,,1
g,pooled,10071,,,1
g,pooled,10072,,,1
g,pooled,10073,,,1
g,pooled,10074,,,1
g,pooled,10075,,,1
g,pooled,10076,,,1
g,pooled,10077,,,1
g,pooled,10078,,,1
g,pooled,10079,,,1
g,pooled,10080,,,1
g,pooled,10081,,,1
g,pooled,10082,,,1
g,pooled,10083,,,1
g,pooled,10084,,,1
g,pooled,10085,,,1
g,pooled,10086,,,1
g,pooled,10087,,,1
g,pooled,10088,,,1
g,pooled,10089,,,1
g,pooled,10090,,,1
g,pooled,10091,,,1
g,pooled,10092,,,1
g,pooled,10093,,,1
g,pooled,10094,,,1
g,pooled,10095,,,1
g,pooled,10096,,,1
g,pooled,10097,,,1
g,pooled,10098,,,1
g,pooled,10099,,,1
g,pooled,10100,,,1
g,pooled,10101,,,1
g,pooled,10102,,,1
g,pooled,10103,,,1
g,pooled,10104,,,1
g,pooled,10105,,,1
g,pooled,10106,,,1
g,pooled,10107,,,1
g,pooled,10108,,,1
g,pooled,10109,,,1
g,pooled,10110,,,1
g,pooled,10111,,,1
g,pooled,10112,,,1
g,pooled,10113,,,1
g,pooled,10114,,,1
g,pooled,10115,,,1
g,pooled,10116,,,1
g,pooled,10117,,,1
g,pooled,10118,,,1
g,pooled,10119,,,1
g,pooled,10120,,,1
g,pooled,10121,,,1
g,pooled,10122,,,1
g,pooled,10123,,,1
g,pooled,10124,,,1
g,pooled,10125,,,1
g,pooled,10126,,,1
g,pooled,10127,,,1
g,pooled,10128,,,1
g,pooled,10129,,,1
g,pooled,10130,,,1
g,pooled,10131,,,1
g,pooled,10132,,,1
g,pooled,10133,,,1
g,pooled,10134,,,1
g,pooled,10135,,,1
g,pooled,10136,,,1
g,pooled,10137,,,1
g,pooled,10138,,,1
g,pooled,10139,,,1
g,pooled,10140,,,1
g,pooled,10141,,,1
g,pooled,10142,,,1
g,pooled,10143,,,1
g,pooled,10144,,,1
g,pooled,10145,,,1
g,pooled,10146,,,1
g,pooled,10147,,,1
g,pooled,10148,,,1
g,pooled,10149,,,1
g,pooled,10150,,,1
g,pooled,10151,,,1
g,pooled,10152,,,1
g,pooled,10153,,,1
g,pooled,10154,,,1
g,pooled,10155,,,1
g,pooled,10156,,,1
g,pooled,10157,,,1
g,pooled,10158,,,1
g,pooled,10159,,,1
g,pooled,10160,,,1
g,pooled,10161,,,1
g,pooled,10162,,,1
g,pooled,10163,,,1
g,pooled,10164,,,1
g,pooled,10165,,,1
g,pooled,10166,,,1
g,pooled,10167,,,1
g,pooled,10168,,,1
g,pooled,10169,,,1
g,pooled,10170,,,1
g,pooled,10171,,,1
g,pooled,10172,,,1
g,pooled,10173,,,1
g,pooled,10174,,,1
g,pooled,10175,,,1
g,pooled,10176,,,1
g,pooled,10177,,,1
g,pooled,10178,,,1
g,pooled,10179,,,1
g,pooled,10180,,,1
g,pooled,10181,,,1
g,pooled,10182,,,1
g,pooled,10183,,,1
g,pooled,10184,,,1
g,pooled,10185,,,1
g,pooled,10186,,,1
g,pooled,10187,,,1
g,pooled,10188,,,1
g,pooled,10189,,,1
g,pooled,10190,,,1
g,pooled,10191,,,1
g,pooled,10192,,,1
g,pooled,10193,,,1
g,pooled,10194,,,1
g,pooled,10195,,,1
g,pooled,10196,,,1
g,pooled,10197,,,1
g,pooled,10198,,,1
g,pooled,10199,,,1
g,pooled,10200,,,1
g,pooled,10201,,,1
g,pooled,10202,,,1
g,pooled,10203,,,1
g,pooled,10204,,,1
g,pooled,10205,,,1
g,pooled,10206,,,1
g,pooled,10207,,,1
g,pooled,10208,,,1
g,pooled,10209,,,1
g,pooled,10210,,,1
g,pooled,10211,,,1
g,pooled,10212,,,1
g,pooled,10213,,,1
g,pooled,10214,,,1
g,pooled,10215,,,1
g,pooled,10216,,,1
g,pooled,10217,,,1
g,pooled,10218,,,1
g,pooled,10219,,,1
g,pooled,10220,,,1
g,pooled,10221,,,1
g,pooled,10222,,,1
g,pooled,10223,,,1
g,pooled,10224,,,1
g,pooled,10225,,,1
g,pooled,10226,,,1
g,pooled,10227,,,1
g,pooled,10228,,,1
g,pooled,10229,,,1
g,pooled,10230,,,1
g,pooled,10231,,,1
g,pooled,10232,,,1
g,pooled,10233,,,1
g,pooled,10234,,,1
g,pooled,10235,,,1
g,pooled,10236,,,1
g,pooled,10237,,,1
g,pooled,10238,,,1
g,pooled,10239,,,1
g,pooled,10240,,,1
g,pooled,10241,,,1
g,pooled,10242,,,1
g,pooled,10243,,,1
g,pooled,10244,,,1
g,pooled,10245,,,1
g,pooled,10246,,,1
g,pooled,10247,,,1
g,pooled,10248,,,1
g,pooled,10249,,,1
g,pooled,10250,,,1
g,pooled,10251,,,1
g,pooled,10252,,,1
g,pooled,10253,,,1
g,pooled,10254,,,1
g,pooled,10255,,,1
g,pooled,10256,,,1
g,pooled,10257,,,1
g,pooled,10258,,,1
g,pooled,10259,,,1
g,pooled,10260,,,1
g,pooled,10261,,,1
g,pooled,10262,,,1
g,pooled,10263,,,1
g,pooled,10264,,,1
g,pooled,10265,,,1
g,pooled,10266,,,1
g,pooled,10267,,,1
g,pooled,10268,,,1
g,pooled,10269,,,1
g,pooled,10270,,,1
g,pooled,10271,,,1
g,pooled,10272,,,1
g,pooled,10273,,,1
g,pooled,10274,,,1
g,pooled,10275,,,1
g,pooled,10276,,,1
g,pooled,10277,,,1
g,pooled,10278,,,1
g,pooled,10279,,,1
g,pooled,10280,,,1
g,pooled,10281,,,1
g,pooled,10282,,,1
g,pooled,10283,,,1
g,pooled,10284,,,1
g,pooled,10285,,,1
g,pooled,10286,,,1
g,pooled,10287,,,1
g,pooled,10288,,,1
g,pooled,10289,,,1
g,pooled,10290,,,1
g,pooled,10291,,,1
g,pooled,10292,,,1
g,pooled,10293,,,1
g,pooled,10294,,,1
g,pooled,10295,,,1
g,pooled,10296,,,1
g,pooled,10297,,,1
g,pooled,10298,,,1
g,pooled,10299,,,1
g,pooled,10300,,,1
g,pooled,10301,,,1
g,pooled,10302,,,1
g,pooled,10303,,,1
g,pooled,10304,,,1
g,pooled,10305,,,1
g,pooled,10306,,,1
g,pooled,10307,,,1
g,pooled,10308,,,1
g,pooled,10309,,,1
g,pooled,10310,,,1
g,pooled,10311,,,1
g,pooled,10312,,,1
g,pooled,10313,,,1
g,pooled,10314,,,1
g,pooled,10315,,,1
g,pooled,10316,,,1
g,pooled,10317,,,1
g,pooled,10318,,,1
g,pooled,10319,,,1
g,pooled,10320,,,1
g,pooled,10321,,,1
g,pooled,10322,,,1
g,pooled,10323,,,1
g,pooled,10324,,,1
g,pooled,10325,,,1
g,pooled,10326,,,1
g,pooled,10327,,,1
g,pooled,10328,,,1
g,pooled,10329,,,1
g,pooled,10330,,,1
g,pooled,10331,,,1
g,pooled,10332,,,1
g,pooled,10333,,,1
g,pooled,10334,,,1
g,pooled,10335,,,1
g,pooled,10336,,,1
g,pooled,10337,,,1
g,pooled,10338,,,1
g,pooled,10339,,,1
g,pooled,10340,,,1
g,pooled,10341,,,1
g,pooled,10342,,,1
g,pooled,10343,,,1
g,pooled,10344,,,1
g,pooled,10345,,,1
g,pooled,10346,,,1
g,pooled,10347,,,1
g,pooled,10348,,,1
g,pooled,10349,,,1
g,pooled,10350,,,1
g,pooled,10351,,,1
g,pooled,10352,,,1
g,pooled,10353,,,1
g,pooled,10354,,,1
g,pooled,10355,,,1
g,pooled,10356,,,1
g,pooled,10357,,,1
g,pooled,10358,,,1
g,pooled,10359,,,1
g,pooled,10360,,,1
g,pooled,10361,,,1
g,pooled,10362,,,1
g,pooled,10363,,,1
g,pooled,10364,,,1
g,pooled,10365,,,1
g,pooled,10366,,,1
g,pooled,10367,,,1
g,pooled,10368,,,1
g,pooled,10369,,,1
g,pooled,10370,,,1
g,pooled,10371,,,1
g,pooled,10372,,,1
g,pooled,10373,,,1
g,pooled,10374,,,1
g,pooled,10375,,,1
g,pooled,10376,,,1
g,pooled,10377,,,1
g,pooled,10378,,,1
g,pooled,10379,,,1
g,pooled,10380,,,1
g,pooled,10381,,,1
g,pooled,10382,,,1
g,pooled,10383,,,1
g,pooled,10384,,,1
g,pooled,10385,,,1
g,pooled,10386,,,1
g,pooled,10387,,,1
g,pooled,10388,,,1
g,pooled,10389,,,1
g,pooled,10390,,,1
g,pooled,10391,,,1
g,pooled,10392,,,1
g,pooled,10393,,,1
g,pooled,10394,,,1
g,pooled,10395,,,1
g,pooled,10396,,,1
g,pooled,10397,,,1
g,pooled,10398,,,1
g,pooled,10399,,,1
g,pooled,10400,,,1
g,pooled,10401,,,1
g,pooled,10402,,,1
g,pooled,10403,,,1
g,pooled,10404,,,1
g,pooled,10405,,,1
g,pooled,10406,,,1
g,pooled,10407,,,1
g,pooled,10408,,,1
g,pooled,10409,,,1
g,pooled,10410,,,1
g,pooled,10411,,,1
g,pooled,10412,,,1
g,pooled,10413,,,1
g,pooled,10414,,,1
g,pooled,10415,,,1
g,pooled,10416,,,1
g,pooled,10417,,,1
g,pooled,10418,,,1
g,pooled,10419,,,1
g,pooled,10420,,,1
g,pooled,10421,,,1
g,pooled,10422,,,1
g,pooled,10423,,,1
g,pooled,10424,,,1
g,pooled,10425,,,1
g,pooled,10426,,,1
g,pooled,10427,,,1
g,pooled,10428,,,1
g,pooled,10429,,,1
g,pooled,10430,,,1
g,pooled,10431,,,1
g,pooled,10432,,,1
g,pooled,10433,,,1
g,pooled,10434,,,1
g,pooled,10435,,,1
g,pooled,10436,,,1
g,pooled,10437,,,1
g,pooled,10438,,,1
g,pooled,10439,,,1
g,pooled,10440,,,1
g,pooled,10441,,,1
g,pooled,10442,,,1
g,pooled,10443,,,1
g,pooled,10444,,,1
g,pooled,10445,,,1
g,pooled,10446,,,1
g,pooled,10447,,,1
g,pooled,10448,,,1
g,pooled,10449,,,1
g,pooled,10450,,,1
g,pooled,10451,,,1
g,pooled,10452,,,1
g,pooled,10453,,,1
g,pooled,10454,,,1
g,pooled,10455,,,1
g,pooled,10456,,,1
g,pooled,10457,,,1
g,pooled,10458,,,1
g,pooled,10459,,,1
g,pooled,10460,,,1
g,pooled,10461,,,1
g,pooled,10462,,,1
g,pooled,10463,,,1
g,pooled,10464,,,1
g,pooled,10465,,,1
g,pooled,10466,,,1
g,pooled,10467,,,1
g,pooled,10468,,,1
g,pooled,10469,,,1
g,pooled,10470,,,1
g,pooled,10471,,,1
g,pooled,10472,,,1
g,pooled,10473,,,1
g,pooled,10474,,,1
g,pooled,10475,,,1
g,pooled,10476,,,1
g,pooled,10477,,,1
g,pooled,10478,,,1
g,pooled,10479,,,1
g,pooled,10480,,,1
g,pooled,10481,,,1
g,pooled,10482,,,1
g,pooled,10483,,,1
g,pooled,10484,,,1
g,pooled,10485,,,1
g,pooled,10486,,,1
g,pooled,10487,,,1
g,pooled,10488,,,1
g,pooled,10489,,,1
g,pooled,10490,,,1
g,pooled,10491,,,1
g,pooled,10492,,,1
g,pooled,10493,,,1
g,pooled,10494,,,1
g,pooled,10495,,,1
g,pooled,10496,,,1
g,pooled,10497,,,1
g,pooled,10498,,,1
g,pooled,10499,,,1
g,pooled,10500,,,1
g,pooled,10501,,,1
g,pooled,10502,,,1
g,pooled,10503,,,1
g,pooled,10504,,,1
g,pooled,10505,,,1
g,pooled,10506,,,1
g,pooled,10507,,,1
g,pooled,10508,,,1
g,pooled,10509,,,1
g,pooled,10510,,,1
g,pooled,10511,,,1
g,pooled,10512,,,1
g,pooled,10513,,,1
g,pooled,10514,,,1
g,pooled,10515,,,1
g,pooled,10516,,,1
g,pooled,10517,,,1
g,pooled,10518,,,1
g,pooled,10519,,,1
g,pooled,10520,,,1
g,pooled,10521,,,1
g,pooled,10522,,,1
g,pooled,10523,,,1
g,pooled,10524,,,1
g,pooled,10525,,,1
g,pooled,10526,,,1
g,pooled,10527,,,1
g,pooled,10528,,,1
g,pooled,10529,,,1
g,pooled,10530,,,1
g,pooled,10531,,,1
g,pooled,10532,,,1
g,pooled,10533,,,1
g,pooled,10534,,,1
g,pooled,10535,,,1
g,pooled,10536,,,1
g,pooled,10537,,,1
g,pooled,10538,,,1
g,pooled,10539,,,1
g,pooled,10540,,,1
g,pooled,10541,,,1
g,pooled,10542,,,1
g,pooled,10543,,,1
g,pooled,10544,,,1
g,pooled,10545,,,1
g,pooled,10546,,,1
g,pooled,10547,,,1
g,pooled,10548,,,1
g,pooled,10549,,,1
g,pooled,10550,,,1
g,pooled,10551,,,1
g,pooled,10552,,,1
g,pooled,10553,,,1
g,pooled,10554,,,1
g,pooled,10555,,,1
g,pooled,10556,,,1
g,pooled,10557,,,1
g,pooled,10558,,,1
g,pooled,10559,,,1
g,pooled,10560,,,1
g,pooled,10561,,,1
g,pooled,10562,,,1
g,pooled,10563,,,1
g,pooled,10564,,,1
g,pooled,10565,,,1
g,pooled,10566,,,1
g,pooled,10567,,,1
g,pooled,10568,,,1
g,pooled,10569,,,1
g,pooled,10570,,,1
g,pooled,10571,,,1
g,pooled,10572,,,1
g,pooled,10573,,,1
g,pooled,10574,,,1
g,pooled,10575,,,1
g,pooled,10576,,,1
g,pooled,10577,,,1
g,pooled,10578,,,1
g,pooled,10579,,,1
g,pooled,10580,,,1
g,pooled,10581,,,1
g,pooled,10582,,,1
g,pooled,10583,,,1
g,pooled,10584,,,1
g,pooled,10585,,,1
g,pooled,10586,,,1
g,pooled,10587,,,1
g,pooled,10588,,,1
g,pooled,10589,,,1
g,pooled,10590,,,1
g,pooled,10591,,,1
g,pooled,10592,,,1
g,pooled,10593,,,1
g,pooled,10594,,,1
g,pooled,10595,,,1
g,pooled,10596,,,1
g,pooled,10597,,,1
g,pooled,10598,,,1
g,pooled,10599,,,1
g,pooled,10600,,,1
g,pooled,10601,,,1
g,pooled,10602,,,1
g,pooled,10603,,,1
g,pooled,10604,,,1
g,pooled,10605,,,1
g,pooled,10606,,,1
g,pooled,10607,,,1
g,pooled,10608,,,1
g,pooled,10609,,,1
g,pooled,10610,,,1
g,pooled,10611,,,1
g,pooled,10612,,,1
g,pooled,10613,,,1
g,pooled,10614,,,1
g,pooled,10615,,,1
g,pooled,10616,,,1
g,pooled,10617,,,1
g,pooled,10618,,,1
g,pooled,10619,,,1
g,pooled,10620,,,1
g,pooled,10621,,,1
g,pooled,10622,,,1
g,pooled,10623,,,1
g,pooled,10624,,,1
g,pooled,10625,,,1
g,pooled,10626,,,1
g,pooled,10627,,,1
g,pooled,10628,,,1
g,pooled,10629,,,1
g,pooled,10630,,,1
g,pooled,10631,,,1
g,pooled,10632,,,1
g,pooled,10633,,,1
g,pooled,10634,,,1
g,pooled,10635,,,1
g,pooled,10636,,,1
g,pooled,10637,,,1
g,pooled,10638,,,1
g,pooled,10639,,,1
g,pooled,10640,,,1
g,pooled,10641,,,1
g,pooled,10642,,,1
g,pooled,10643,,,1
g,pooled,10644,,,1
g,pooled,10645,,,1
g,pooled,10646,,,1
g,pooled,10647,,,1
g,pooled,10648,,,1
g,pooled,10649,,,1
g,pooled,10650,,,1
g,pooled,10651,,,1
g,pooled,10652,,,1
g,pooled,10653,,,1
g,pooled,10654,,,1
g,pooled,10655,,,1
g,pooled,10656,,,1
g,pooled,10657,,,1
g,pooled,10658,,,1
g,pooled,10659,,,1
g,pooled,10660,,,1
g,pooled,10661,,,1
g,pooled,10662,,,1
g,pooled,10663,,,1
g,pooled,10664,,,1
g,pooled,10665,,,1
g,pooled,10666,,,1
g,pooled,10667,,,1
g,pooled,10668,,,1
g,pooled,10669,,,1
g,pooled,10670,,,1
g,pooled,10671,,,1
g,pooled,10672,,,1
g,pooled,10673,,,1
g,pooled,10674,,,1
g,pooled,10675,,,1
g,pooled,10676,,,1
g,pooled,10677,,,1
g,pooled,10678,,,1
g,pooled,10679,,,1
g,pooled,10680,,,1
g,pooled,10681,,,1
g,pooled,10682,,,1
g,pooled,10683,,,1
g,pooled,10684,,,1
g,pooled,10685,,,1
g,pooled,10686,,,1
g,pooled,10687,,,1
g,pooled,10688,,,1
g,pooled,10689,,,1
g,pooled,10690,,,1
g,pooled,10691,,,1
g,pooled,10692,,,1
g,pooled,10693,,,1
g,pooled,10694,,,1
g,pooled,10695,,,1
g,pooled,10696,,,1
g,pooled,10697,,,1
g,pooled,10698,,,1
g,pooled,10699,,,1
g,pooled,10700,,,1
g,pooled,10701,,,1
g,pooled,10702,,,1
g,pooled,10703,,,1
g,pooled,10704,,,1
g,pooled,10705,,,1
g,pooled,10706,,,1
g,pooled,10707,,,1
g,pooled,10708,,,1
g,pooled,10709,,,1
g,pooled,10710,,,1
g,pooled,10711,,,1
g,pooled,10712,,,1
g,pooled,10713,,,1
g,pooled,10714,,,1
g,pooled,10715,,,1
g,pooled,10716,,,1
g,pooled,10717,,,1
g,pooled,10718,,,1
g,pooled,10719,,,1
g,pooled,10720,,,1
g,pooled,10721,,,1
g,pooled,10722,,,1
g,pooled,10723,,,1
g,pooled,10724,,,1
g,pooled,10725,,,1
g,pooled,10726,,,1
g,pooled,10727,,,1
g,pooled,10728,,,1
g,pooled,10729,,,1
g,pooled,10730,,,1
g,pooled,10731,,,1
g,pooled,10732,,,1
g,pooled,10733,,,1
g,pooled,10734,,,1
g,pooled,10735,,,1
g,pooled,10736,,,1
g,pooled,10737,,,1
g,pooled,10738,,,1
g,pooled,10739,,,1
g,pooled,10740,,,1
g,pooled,10741,,,1
g,pooled,10742,,,1
g,pooled,10743,,,1
g,pooled,10744,,,1
g,pooled,10745,,,1
g,pooled,10746,,,1
g,pooled,10747,,,1
g,pooled,10748,,,1
g,pooled,10749,,,1
g,pooled,10750,,,1
g,pooled,10751,,,1
g,pooled,10752,,,1
g,pooled,10753,,,1
g,pooled,10754,,,1
g,pooled,10755,,,1
g,pooled,10756,,,1
g,pooled,10757,,,1
g,pooled,10758,,,1
g,pooled,10759,,,1
g,pooled,10760,,,1
g,pooled,10761,,,1
g,pooled,10762,,,1
g,pooled,10763,,,1
g,pooled,10764,,,1
g,pooled,10765,,,1
g,pooled,10766,,,1
g,pooled,10767,,,1
g,pooled,10768,,,1
g,pooled,10769,,,1
g,pooled,10770,,,1
g,pooled,10771,,,1
g,pooled,10772,,,1
g,pooled,10773,,,1
g,pooled,10774,,,1
g,pooled,10775,,,1
g,pooled,10776,,,1
g,pooled,10777,,,1
g,pooled,10778,,,1
g,pooled,10779,,,1
g,pooled,10780,,,1
g,pooled,10781,,,1
g,pooled,10782,,,1
g,pooled,10783,,,1
g,pooled,10784,,,1
g,pooled,10785,,,1
g,pooled,10786,,,1
g,pooled,10787,,,1
g,pooled,10788,,,1
g,pooled,10789,,,1
g,pooled,10790,,,1
g,pooled,10791,,,1
g,pooled,10792,,,1
g,pooled,10793,,,1
g,pooled,10794,,,1
g,pooled,10795,,,1
g,pooled,10796,,,1
g,pooled,10797,,,1
g,pooled,10798,,,1
g,pooled,10799,,,1
g,pooled,10800,,,1
g,pooled,10801,,,1
g,pooled,10802,,,1
g,pooled,10803,,,1
g,pooled,10804,,,1
g,pooled,10805,,,1
g,pooled,10806,,,1
g,pooled,10807,,,1
g,pooled,10808,,,1
g,pooled,10809,,,1
g,pooled,10810,,,1
g,pooled,10811,,,1
g,pooled,10812,,,1
g,pooled,10813,,,1
g,pooled,10814,,,1
g,pooled,10815,,,1
g,pooled,10816,,,1
g,pooled,10817,,,1
g,pooled,10818,,,1
g,pooled,10819,,,1
g,pooled,10820,,,1
g,pooled,10821,,,1
g,pooled,10822,,,1
g,pooled,10823,,,1
g,pooled,10824,,,1
g,pooled,10825,,,1
g,pooled,10826,,,1
g,pooled,10827,,,1
g,pooled,10828,,,1
g,pooled,10829,,,1
g,pooled,10830,,,1
g,pooled,10831,,,1
g,pooled,10832,,,1
g,pooled,10833,,,1
g,pooled,10834,,,1
g,pooled,10835,,,1
g,pooled,10836,,,1
g,pooled,10837,,,1
g,pooled,10838,,,1
g,pooled,10839,,,1
g,pooled,10840,,,1
g,pooled,10841,,,1
g,pooled,10842,,,1
g,pooled,10843,,,1
g,pooled,10844,,,1
g,pooled,10845,,,1
g,pooled,10846,,,1
g,pooled,10847,,,1
g,pooled,10848,,,1
g,pooled,10849,,,1
g,pooled,10850,,,1
g,pooled,10851,,,1
g,pooled,10852,,,1
g,pooled,10853,,,1
g,pooled,10854,,,1
g,pooled,10855,,,1
g,pooled,10856,,,1
g,pooled,10857,,,1
g,pooled,10858,,,1
g,pooled,10859,,,1
g,pooled,10860,,,1
g,pooled,10861,,,1
g,pooled,10862,,,1
g,pooled,10863,,,1
g,pooled,10864,,,1
g,pooled,10865,,,1
g,pooled,10866,,,1
g,pooled,10867,,,1
g,pooled,10868,,,1
g,pooled,10869,,,1
g,pooled,10870,,,1
g,pooled,10871,,,1
g,pooled,10872,,,1
g,pooled,10873,,,1
g,pooled,10874,,,1
g,pooled,10875,,,1
g,pooled,10876,,,1
g,pooled,10877,,,1
g,pooled,10878,,,1
g,pooled,10879,,,1
g,pooled,10880,,,1
g,pooled,10881,,,1
g,pooled,10882,,,1
g,pooled,10883,,,1
g,pooled,10884,,,1
g,pooled,10885,,,1
g,pooled,10886,,,1
g,pooled,10887,,,1
g,pooled,10888,,,1
g,pooled,10889,,,1
g,pooled,10890,,,1
g,pooled,10891,,,1
g,pooled,10892,,,1
g,pooled,10893,,,1
g,pooled,10894,,,1
g,pooled,10895,,,1
g,pooled,10896,,,1
g,pooled,10897,,,1
g,pooled,10898,,,1
g,pooled,10899,,,1
g,pooled,10900,,,1
g,pooled,10901,,,1
g,pooled,10902,,,1
g,pooled,10903,,,1
g,pooled,10904,,,1
g,pooled,10905,,,1
g,pooled,10906,,,1
g,pooled,10907,,,1
g,pooled,10908,,,1
g,pooled,10909,,,1
g,pooled,10910,,,1
g,pooled,10911,,,1
g,pooled,10912,,,1
g,pooled,10913,,,1
g,pooled,10914,,,1
g,pooled,10915,,,1
g,pooled,10916,,,1
g,pooled,10917,,,1
g,pooled,10918,,,1
g,pooled,10919,,,1
g,pooled,10920,,,1
g,pooled,10921,,,1
g,pooled,10922,,,1
g,pooled,10923,,,1
g,pooled,10924,,,1
g,pooled,10925,,,1
g,pooled,10926,,,1
g,pooled,10927,,,1
g,pooled,10928,,,1
g,pooled,10929,,,1
g,pooled,10930,,,1
g,pooled,10931,,,1
g,pooled,10932,,,1
g,pooled,10933,,,1
g,pooled,10934,,,1
g,pooled,10935,,,1
g,pooled,10936,,,1
g,pooled,10937,,,1
g,pooled,10938,,,1
g,pooled,10939,,,1
g,pooled,10940,,,1
g,pooled,10941,,,1
g,pooled,10942,,,1
g,pooled,10943,,,1
g,pooled,10944,,,1
g,pooled,10945,,,1
g,pooled,10946,,,1
g,pooled,10947,,,1
g,pooled,10948,,,1
g,pooled,10949,,,1
g,pooled,10950,,,1
g,pooled,10951,,,1
g,pooled,10952,,,1
g,pooled,10953,,,1
g,pooled,10954,,,1
g,pooled,10955,,,1
g,pooled,10956,,,1
g,pooled,10957,,,1
g,pooled,10958,,,1
g,pooled,10959,,,1
g,pooled,10960,,,1
g,pooled,10961,,,1
g,pooled,10962,,,1
g,pooled,10963,,,1
g,pooled,10964,,,1
g,pooled,10965,,,1
g,pooled,10966,,,1
g,pooled,10967,,,1
g,pooled,10968,,,1
g,pooled,10969,,,1
g,pooled,10970,,,1
g,pooled,10971,,,1
g,pooled,10972,,,1
g,pooled,10973,,,1
g,pooled,10974,,,1
g,pooled,10975,,,1
g,pooled,10976,,,1
g,pooled,10977,,,1
g,pooled,10978,,,1
g,pooled,10979,,,1
g,pooled,10980,,,1
g,pooled,10981,,,1
g,pooled,10982,,,1
g,pooled,10983,,,1
g,pooled,10984,,,1
g,pooled,10985,,,1
g,pooled,10986,,,1
g,pooled,10987,,,1
g,pooled,10988,,,1
g,pooled,10989,,,1
g,pooled,10990,,,1
g,pooled,10991,,,1
g,pooled,10992,,,1
g,pooled,10993,,,1
g,pooled,10994,,,1
g,pooled,10995,,,1
g,pooled,10996,,,1
g,pooled,10997,,,1
g,pooled,10998,,,1
g,pooled,10999,,,1
g,pooled,11000,,,1
g,pooled,11001,,,1
g,pooled,11002,,,1
g,pooled,11003,,,1
g,pooled,11004,,,1
g,pooled,11005,,,1
g,pooled,11006,,,1
g,pooled,11007,,,1
g,pooled,11008,,,1
g,pooled,11009,,,1
g,pooled,11010,,,1
g,pooled,11011,,,1
g,pooled,11012,,,1
g,pooled,11013,,,1
g,pooled,11014,,,1
g,pooled,11015,,,1
g,pooled,11016,,,1
g,pooled,11017,,,1
g,pooled,11018,,,1
g,pooled,11019,,,1
g,pooled,11020,,,1
g,pooled,11021,,,1
g,pooled,11022,,,1
g,pooled,11023,,,1
g,pooled,11024,,,1
g,pooled,11025,,,1
g,pooled,11026,,,1
g,pooled,11027,,,1
g,pooled,11028,,,1
g,pooled,11029,,,1
g,pooled,11030,,,1
g,pooled,11031,,,1
g,pooled,11032,,,1
g,pooled,11033,,,1
g,pooled,11034,,,1
g,pooled,11035,,,1
g,pooled,11036,,,1
g,pooled,11037,,,1
g,pooled,11038,,,1
g,pooled,11039,,,1
g,pooled,11040,,,1
g,pooled,11041,,,1
g,pooled,11042,,,1
g,pooled,11043,,,1
g,pooled,11044,,,1
g,pooled,11045,,,1
g,pooled,11046,,,1
g,pooled,11047,,,1
g,pooled,11048,,,1
g,pooled,11049,,,1
g,pooled,11050,,,1
g,pooled,11051,,,1
g,pooled,11052,,,1
g,pooled,11053,,,1
g,pooled,11054,,,1
g,pooled,11055,,,1
g,pooled,11056,,,1
g,pooled,11057,,,1
g,pooled,11058,,,1
g,pooled,11059,,,1
g,pooled,11060,,,1
g,pooled,11061,,,1
g,pooled,11062,,,1
g,pooled,11063,,,1
g,pooled,11064,,,1
g,pooled,11065,,,1
g,pooled,11066,,,1
g,pooled,11067,,,1
g,pooled,11068,,,1
g,pooled,11069,,,1
g,pooled,11070,,,1
g,pooled,11071,,,1
g,pooled,11072,,,1
g,pooled,11073,,,1
g,pooled,11074,,,1
g,pooled,11075,,,1
g,pooled,11076,,,1
g,pooled,11077,,,1
