job_id,has_stdout,has_stderr,stdout_size,stderr_size,error_types,error_excerpts,exit_code,runtime_hours,last_output
15,True,True,2612,4671482,"['cuda_oom', 'kilosort_error']","[""STDERR:\nkilosort.run_kilosort: Kilosort version 4.1.1\nkilosort.run_kilosort: Python version 3.11.13\nkilosort.run_kilosort: ----------------------------------------\nkilosort.run_kilosort: System information:\nkilosort.run_kilosort: Linux-6.8.0-106-generic-x86_64-with-glibc2.39 x86_64\nkilosort.run_kilosort: x86_64\nkilosort.run_kilosort: Using GPU for PyTorch computations. Specify `device` to change this.\nkilosort.run_kilosort: Using CUDA device: NVIDIA A100-SXM4-40GB 39.49GB\nkilosort.run_kilosort: ----------------------------------------\nkilosort.run_kilosort: Sorting /ceph/mrsic_flogel/public/projects/BeJG_20230130_VisDetect/wEPhys/BG_046/concat_sort/shank_split/BG_046_27062025/... (multiple files)\nkilosort.run_kilosort: Interpreting binary file as default dtype='int16'. If data was saved in a different format, specify `data_dtype`.\nkilosort.run_kilosort:  \nkilosort.run_kilosort: Resource usage before sorting\nkilosort.run_kilosort: ********************************************************\nkilosor"", 'Starting Kilosort 4 at 23:06:10 ...\n\n  !!! CUDA/Runtime ERROR in Window 3 Shank 2 !!!\n  OutOfMemoryError: CUDA out of memory. Tried to allocate 11.65 GiB. GPU 0 has a total capacity of 39.49 GiB of which 8.24 GiB is free. Including non-PyTorch memory, this process has 31.24 GiB memory in use. Of the allocated memory 30.60 GiB is allocated by PyTorch, and 107.37 MiB is reserved by PyTorch but unallocated. If reserved but unallocated memory is large try setting PYTORCH_CUDA_ALLOC_CONF=expandable_segments:True to avoid fragmentation.  See documentation for Memory Management  (https://pytorch.org/docs/stable/notes/cuda.html#environment-variables)', '!!! CUDA/Runtime ERROR in Window 3 Shank 2 !!!\n  OutOfMemoryError: CUDA out of memory. Tried to allocate 11.65 GiB. GPU 0 has a total capacity of 39.49 GiB of which 8.24 GiB is free. Including non-PyTorch memory, this process has 31.24 GiB memory in use. Of the allocated memory 30.60 GiB is allocated by PyTorch, and 107.37 MiB is reserved by PyTorch but unallocated. If reserved but unallocated memory is large try setting PYTORCH_CUDA_ALLOC_CONF=expandable_segments:True to avoid fragmentation.  See documentation for Memory Management  (https://pytorch.org/docs/stable/notes/cuda.html#environment-variables)', '0%|          | 0/1 [00:00<?, ?it/s]\n  0%|          | 0/1 [3:14:14<?, ?it/s]\nkilosort.clustering_qr: Error in clustering_qr.run on center 22\nTraceback (most recent call last):\n  File ""/ceph/mrsic_flogel/public/projects/BeJG_20230130_VisDetect/conda_envs/kilosort4/lib/python3.11/site-packages/kilosort/clustering_qr.py"", line 494, in run', 'xN = xN - lam/m * (ki.unsqueeze(-1) * kN.to_dense())\n             ~~~~~~^~~~~~~~~~~~~~~~~~~~~~~~~~~~~~~~~~~~\ntorch.OutOfMemoryError: CUDA out of memory. Tried to allocate 11.65 GiB. GPU 0 has a total capacity of 39.49 GiB of which 8.24 GiB is free. Including non-PyTorch memory, this process has 31.24 GiB memory in use. Of the allocated memory 30.60 GiB is allocated by PyTorch, and 107.37 MiB is reserved by PyTorch but unallocated. If reserved but unallocated memory is large try setting PYTORCH_CUDA_ALLOC_CONF=expandable_segments:True to avoid fragmentation.  See documentation for Memory Management  (https://pytorch.org/docs/stable/notes/cuda.html#environment-variables)\nkilosort.run_kilosort: Out of memory error, printing performance...\nTraceback (most recent call last):', '~~~~~~^~~~~~~~~~~~~~~~~~~~~~~~~~~~~~~~~~~~\ntorch.OutOfMemoryError: CUDA out of memory. Tried to allocate 11.65 GiB. GPU 0 has a total capacity of 39.49 GiB of which 8.24 GiB is free. Including non-PyTorch memory, this process has 31.24 GiB memory in use. Of the allocated memory 30.60 GiB is allocated by PyTorch, and 107.37 MiB is reserved by PyTorch but unallocated. If reserved but unallocated memory is large try setting PYTORCH_CUDA_ALLOC_CONF=expandable_segments:True to avoid fragmentation.  See documentation for Memory Management  (https://pytorch.org/docs/stable/notes/cuda.html#environment-variables)\nkilosort.run_kilosort: Out of memory error, printing performance...\nTraceback (most recent call last):\n  File ""/ceph/mrsic_flogel/public/projects/BeJG_20230130_VisDetect/conda_envs/kilosort4/lib/python3.11/site-packages/kilosort/run_kilosort.py"", line 308, in _sort', 'xN = xN - lam/m * (ki.unsqueeze(-1) * kN.to_dense())\n             ~~~~~~^~~~~~~~~~~~~~~~~~~~~~~~~~~~~~~~~~~~\ntorch.OutOfMemoryError: CUDA out of memory. Tried to allocate 11.65 GiB. GPU 0 has a total capacity of 39.49 GiB of which 8.24 GiB is free. Including non-PyTorch memory, this process has 31.24 GiB memory in use. Of the allocated memory 30.60 GiB is allocated by PyTorch, and 107.37 MiB is reserved by PyTorch but unallocated. If reserved but unallocated memory is large try setting PYTORCH_CUDA_ALLOC_CONF=expandable_segments:True to avoid fragmentation.  See documentation for Memory Management  (https://pytorch.org/docs/stable/notes/cuda.html#environment-variables)\nkilosort.run_kilosort: ********************************************************\nkilosort.run_kilosort: CPU usage:     2.70 %', 'kilosort.run_kilosort: Max alloc:    77.48 %     |     30.60   /    39.49 GB\nkilosort.run_kilosort: ********************************************************\nkilosort.run_kilosort: Encountered error in `run_kilosort`:\nTraceback (most recent call last):\n  File ""/ceph/mrsic_flogel/public/projects/BeJG_20230130_VisDetect/conda_envs/kilosort4/lib/python3.11/site-packages/kilosort/run_kilosort.py"", line 308, in _sort']",,,"
  Starting Kilosort 4 at 23:06:10 ...

  !!! CUDA/Runtime ERROR in Window 3 Shank 2 !!!
  OutOfMemoryError: CUDA out of memory. Tried to allocate 11.65 GiB. GPU 0 has a total capacity of 39.49 GiB of which 8.24 GiB is free. Including non-PyTorch memory, this process has 31.24 GiB memory in use. Of the allocated memory 30.60 GiB is allocated by PyTorch, and 107.37 MiB is reserved by PyTorch but unallocated. If reserved but unallocated memory is large try setting PYTORCH_CUDA_ALLOC_CONF=expandable_segments:True to avoid fragmentation.  See documentation for Memory Management  (https://pytorch.org/docs/stable/notes/cuda.html#environment-variables)"
33,True,True,2611,5319062,"['cuda_oom', 'kilosort_error']","[""STDERR:\nkilosort.run_kilosort: Kilosort version 4.1.1\nkilosort.run_kilosort: Python version 3.11.13\nkilosort.run_kilosort: ----------------------------------------\nkilosort.run_kilosort: System information:\nkilosort.run_kilosort: Linux-6.8.0-106-generic-x86_64-with-glibc2.39 x86_64\nkilosort.run_kilosort: x86_64\nkilosort.run_kilosort: Using GPU for PyTorch computations. Specify `device` to change this.\nkilosort.run_kilosort: Using CUDA device: NVIDIA A100-SXM4-40GB 39.49GB\nkilosort.run_kilosort: ----------------------------------------\nkilosort.run_kilosort: Sorting /ceph/mrsic_flogel/public/projects/BeJG_20230130_VisDetect/wEPhys/BG_046/concat_sort/shank_split/BG_046_04072025/... (multiple files)\nkilosort.run_kilosort: Interpreting binary file as default dtype='int16'. If data was saved in a different format, specify `data_dtype`.\nkilosort.run_kilosort:  \nkilosort.run_kilosort: Resource usage before sorting\nkilosort.run_kilosort: ********************************************************\nkilosor"", 'Starting Kilosort 4 at 17:41:05 ...\n\n  !!! CUDA/Runtime ERROR in Window 8 Shank 0 !!!\n  OutOfMemoryError: CUDA out of memory. Tried to allocate 11.36 GiB. GPU 0 has a total capacity of 39.49 GiB of which 9.08 GiB is free. Including non-PyTorch memory, this process has 30.40 GiB memory in use. Of the allocated memory 29.81 GiB is allocated by PyTorch, and 52.63 MiB is reserved by PyTorch but unallocated. If reserved but unallocated memory is large try setting PYTORCH_CUDA_ALLOC_CONF=expandable_segments:True to avoid fragmentation.  See documentation for Memory Management  (https://pytorch.org/docs/stable/notes/cuda.html#environment-variables)', '!!! CUDA/Runtime ERROR in Window 8 Shank 0 !!!\n  OutOfMemoryError: CUDA out of memory. Tried to allocate 11.36 GiB. GPU 0 has a total capacity of 39.49 GiB of which 9.08 GiB is free. Including non-PyTorch memory, this process has 30.40 GiB memory in use. Of the allocated memory 29.81 GiB is allocated by PyTorch, and 52.63 MiB is reserved by PyTorch but unallocated. If reserved but unallocated memory is large try setting PYTORCH_CUDA_ALLOC_CONF=expandable_segments:True to avoid fragmentation.  See documentation for Memory Management  (https://pytorch.org/docs/stable/notes/cuda.html#environment-variables)', '0%|          | 0/1 [00:00<?, ?it/s]\n  0%|          | 0/1 [50:25<?, ?it/s]\nkilosort.clustering_qr: Error in clustering_qr.run on center 1\nTraceback (most recent call last):\n  File ""/ceph/mrsic_flogel/public/projects/BeJG_20230130_VisDetect/conda_envs/kilosort4/lib/python3.11/site-packages/kilosort/clustering_qr.py"", line 494, in run', 'xN = xN - lam/m * (ki.unsqueeze(-1) * kN.to_dense())\n             ~~~~~~^~~~~~~~~~~~~~~~~~~~~~~~~~~~~~~~~~~~\ntorch.OutOfMemoryError: CUDA out of memory. Tried to allocate 11.36 GiB. GPU 0 has a total capacity of 39.49 GiB of which 9.08 GiB is free. Including non-PyTorch memory, this process has 30.40 GiB memory in use. Of the allocated memory 29.81 GiB is allocated by PyTorch, and 52.63 MiB is reserved by PyTorch but unallocated. If reserved but unallocated memory is large try setting PYTORCH_CUDA_ALLOC_CONF=expandable_segments:True to avoid fragmentation.  See documentation for Memory Management  (https://pytorch.org/docs/stable/notes/cuda.html#environment-variables)\nkilosort.run_kilosort: Out of memory error, printing performance...\nTraceback (most recent call last):', '~~~~~~^~~~~~~~~~~~~~~~~~~~~~~~~~~~~~~~~~~~\ntorch.OutOfMemoryError: CUDA out of memory. Tried to allocate 11.36 GiB. GPU 0 has a total capacity of 39.49 GiB of which 9.08 GiB is free. Including non-PyTorch memory, this process has 30.40 GiB memory in use. Of the allocated memory 29.81 GiB is allocated by PyTorch, and 52.63 MiB is reserved by PyTorch but unallocated. If reserved but unallocated memory is large try setting PYTORCH_CUDA_ALLOC_CONF=expandable_segments:True to avoid fragmentation.  See documentation for Memory Management  (https://pytorch.org/docs/stable/notes/cuda.html#environment-variables)\nkilosort.run_kilosort: Out of memory error, printing performance...\nTraceback (most recent call last):\n  File ""/ceph/mrsic_flogel/public/projects/BeJG_20230130_VisDetect/conda_envs/kilosort4/lib/python3.11/site-packages/kilosort/run_kilosort.py"", line 308, in _sort', 'xN = xN - lam/m * (ki.unsqueeze(-1) * kN.to_dense())\n             ~~~~~~^~~~~~~~~~~~~~~~~~~~~~~~~~~~~~~~~~~~\ntorch.OutOfMemoryError: CUDA out of memory. Tried to allocate 11.36 GiB. GPU 0 has a total capacity of 39.49 GiB of which 9.08 GiB is free. Including non-PyTorch memory, this process has 30.40 GiB memory in use. Of the allocated memory 29.81 GiB is allocated by PyTorch, and 52.63 MiB is reserved by PyTorch but unallocated. If reserved but unallocated memory is large try setting PYTORCH_CUDA_ALLOC_CONF=expandable_segments:True to avoid fragmentation.  See documentation for Memory Management  (https://pytorch.org/docs/stable/notes/cuda.html#environment-variables)\nkilosort.run_kilosort: ********************************************************\nkilosort.run_kilosort: CPU usage:     2.80 %', 'kilosort.run_kilosort: Max alloc:    75.49 %     |     29.81   /    39.49 GB\nkilosort.run_kilosort: ********************************************************\nkilosort.run_kilosort: Encountered error in `run_kilosort`:\nTraceback (most recent call last):\n  File ""/ceph/mrsic_flogel/public/projects/BeJG_20230130_VisDetect/conda_envs/kilosort4/lib/python3.11/site-packages/kilosort/run_kilosort.py"", line 308, in _sort']",,,"
  Starting Kilosort 4 at 17:41:05 ...

  !!! CUDA/Runtime ERROR in Window 8 Shank 0 !!!
  OutOfMemoryError: CUDA out of memory. Tried to allocate 11.36 GiB. GPU 0 has a total capacity of 39.49 GiB of which 9.08 GiB is free. Including non-PyTorch memory, this process has 30.40 GiB memory in use. Of the allocated memory 29.81 GiB is allocated by PyTorch, and 52.63 MiB is reserved by PyTorch but unallocated. If reserved but unallocated memory is large try setting PYTORCH_CUDA_ALLOC_CONF=expandable_segments:True to avoid fragmentation.  See documentation for Memory Management  (https://pytorch.org/docs/stable/notes/cuda.html#environment-variables)"
38,True,True,2601,3917484,"['cuda_oom', 'kilosort_error']","[""STDERR:\nkilosort.run_kilosort: Kilosort version 4.1.1\nkilosort.run_kilosort: Python version 3.11.13\nkilosort.run_kilosort: ----------------------------------------\nkilosort.run_kilosort: System information:\nkilosort.run_kilosort: Linux-6.8.0-87-generic-x86_64-with-glibc2.39 x86_64\nkilosort.run_kilosort: x86_64\nkilosort.run_kilosort: Using GPU for PyTorch computations. Specify `device` to change this.\nkilosort.run_kilosort: Using CUDA device: NVIDIA L40S 44.39GB\nkilosort.run_kilosort: ----------------------------------------\nkilosort.run_kilosort: Sorting /ceph/mrsic_flogel/public/projects/BeJG_20230130_VisDetect/wEPhys/BG_046/concat_sort/shank_split/BG_046_08072025/... (multiple files)\nkilosort.run_kilosort: Interpreting binary file as default dtype='int16'. If data was saved in a different format, specify `data_dtype`.\nkilosort.run_kilosort:  \nkilosort.run_kilosort: Resource usage before sorting\nkilosort.run_kilosort: ********************************************************\nkilosort.run_kilos"", 'Starting Kilosort 4 at 21:23:00 ...\n\n  !!! CUDA/Runtime ERROR in Window 9 Shank 1 !!!\n  OutOfMemoryError: CUDA out of memory. Tried to allocate 14.24 GiB. GPU 0 has a total capacity of 44.39 GiB of which 6.34 GiB is free. Including non-PyTorch memory, this process has 38.04 GiB memory in use. Of the allocated memory 37.43 GiB is allocated by PyTorch, and 73.48 MiB is reserved by PyTorch but unallocated. If reserved but unallocated memory is large try setting PYTORCH_CUDA_ALLOC_CONF=expandable_segments:True to avoid fragmentation.  See documentation for Memory Management  (https://pytorch.org/docs/stable/notes/cuda.html#environment-variables)', '!!! CUDA/Runtime ERROR in Window 9 Shank 1 !!!\n  OutOfMemoryError: CUDA out of memory. Tried to allocate 14.24 GiB. GPU 0 has a total capacity of 44.39 GiB of which 6.34 GiB is free. Including non-PyTorch memory, this process has 38.04 GiB memory in use. Of the allocated memory 37.43 GiB is allocated by PyTorch, and 73.48 MiB is reserved by PyTorch but unallocated. If reserved but unallocated memory is large try setting PYTORCH_CUDA_ALLOC_CONF=expandable_segments:True to avoid fragmentation.  See documentation for Memory Management  (https://pytorch.org/docs/stable/notes/cuda.html#environment-variables)', '0%|          | 0/1 [00:00<?, ?it/s]\n  0%|          | 0/1 [30:07<?, ?it/s]\nkilosort.clustering_qr: Error in clustering_qr.run on center 1\nTraceback (most recent call last):\n  File ""/ceph/mrsic_flogel/public/projects/BeJG_20230130_VisDetect/conda_envs/kilosort4/lib/python3.11/site-packages/kilosort/clustering_qr.py"", line 494, in run', 'xN = xN - lam/m * (ki.unsqueeze(-1) * kN.to_dense())\n             ~~~~~~^~~~~~~~~~~~~~~~~~~~~~~~~~~~~~~~~~~~\ntorch.OutOfMemoryError: CUDA out of memory. Tried to allocate 14.24 GiB. GPU 0 has a total capacity of 44.39 GiB of which 6.34 GiB is free. Including non-PyTorch memory, this process has 38.04 GiB memory in use. Of the allocated memory 37.43 GiB is allocated by PyTorch, and 73.48 MiB is reserved by PyTorch but unallocated. If reserved but unallocated memory is large try setting PYTORCH_CUDA_ALLOC_CONF=expandable_segments:True to avoid fragmentation.  See documentation for Memory Management  (https://pytorch.org/docs/stable/notes/cuda.html#environment-variables)\nkilosort.run_kilosort: Out of memory error, printing performance...\nTraceback (most recent call last):', '~~~~~~^~~~~~~~~~~~~~~~~~~~~~~~~~~~~~~~~~~~\ntorch.OutOfMemoryError: CUDA out of memory. Tried to allocate 14.24 GiB. GPU 0 has a total capacity of 44.39 GiB of which 6.34 GiB is free. Including non-PyTorch memory, this process has 38.04 GiB memory in use. Of the allocated memory 37.43 GiB is allocated by PyTorch, and 73.48 MiB is reserved by PyTorch but unallocated. If reserved but unallocated memory is large try setting PYTORCH_CUDA_ALLOC_CONF=expandable_segments:True to avoid fragmentation.  See documentation for Memory Management  (https://pytorch.org/docs/stable/notes/cuda.html#environment-variables)\nkilosort.run_kilosort: Out of memory error, printing performance...\nTraceback (most recent call last):\n  File ""/ceph/mrsic_flogel/public/projects/BeJG_20230130_VisDetect/conda_envs/kilosort4/lib/python3.11/site-packages/kilosort/run_kilosort.py"", line 308, in _sort', 'xN = xN - lam/m * (ki.unsqueeze(-1) * kN.to_dense())\n             ~~~~~~^~~~~~~~~~~~~~~~~~~~~~~~~~~~~~~~~~~~\ntorch.OutOfMemoryError: CUDA out of memory. Tried to allocate 14.24 GiB. GPU 0 has a total capacity of 44.39 GiB of which 6.34 GiB is free. Including non-PyTorch memory, this process has 38.04 GiB memory in use. Of the allocated memory 37.43 GiB is allocated by PyTorch, and 73.48 MiB is reserved by PyTorch but unallocated. If reserved but unallocated memory is large try setting PYTORCH_CUDA_ALLOC_CONF=expandable_segments:True to avoid fragmentation.  See documentation for Memory Management  (https://pytorch.org/docs/stable/notes/cuda.html#environment-variables)\nkilosort.run_kilosort: ********************************************************\nkilosort.run_kilosort: CPU usage:     1.50 %', 'kilosort.run_kilosort: Max alloc:    84.32 %     |     37.43   /    44.39 GB\nkilosort.run_kilosort: ********************************************************\nkilosort.run_kilosort: Encountered error in `run_kilosort`:\nTraceback (most recent call last):\n  File ""/ceph/mrsic_flogel/public/projects/BeJG_20230130_VisDetect/conda_envs/kilosort4/lib/python3.11/site-packages/kilosort/run_kilosort.py"", line 308, in _sort']",,,"
  Starting Kilosort 4 at 21:23:00 ...

  !!! CUDA/Runtime ERROR in Window 9 Shank 1 !!!
  OutOfMemoryError: CUDA out of memory. Tried to allocate 14.24 GiB. GPU 0 has a total capacity of 44.39 GiB of which 6.34 GiB is free. Including non-PyTorch memory, this process has 38.04 GiB memory in use. Of the allocated memory 37.43 GiB is allocated by PyTorch, and 73.48 MiB is reserved by PyTorch but unallocated. If reserved but unallocated memory is large try setting PYTORCH_CUDA_ALLOC_CONF=expandable_segments:True to avoid fragmentation.  See documentation for Memory Management  (https://pytorch.org/docs/stable/notes/cuda.html#environment-variables)"
39,True,True,2612,3488963,"['cuda_oom', 'kilosort_error']","[""STDERR:\nkilosort.run_kilosort: Kilosort version 4.1.1\nkilosort.run_kilosort: Python version 3.11.13\nkilosort.run_kilosort: ----------------------------------------\nkilosort.run_kilosort: System information:\nkilosort.run_kilosort: Linux-6.8.0-106-generic-x86_64-with-glibc2.39 x86_64\nkilosort.run_kilosort: x86_64\nkilosort.run_kilosort: Using GPU for PyTorch computations. Specify `device` to change this.\nkilosort.run_kilosort: Using CUDA device: NVIDIA A100-SXM4-40GB 39.49GB\nkilosort.run_kilosort: ----------------------------------------\nkilosort.run_kilosort: Sorting /ceph/mrsic_flogel/public/projects/BeJG_20230130_VisDetect/wEPhys/BG_046/concat_sort/shank_split/BG_046_08072025/... (multiple files)\nkilosort.run_kilosort: Interpreting binary file as default dtype='int16'. If data was saved in a different format, specify `data_dtype`.\nkilosort.run_kilosort:  \nkilosort.run_kilosort: Resource usage before sorting\nkilosort.run_kilosort: ********************************************************\nkilosor"", 'Starting Kilosort 4 at 22:17:38 ...\n\n  !!! CUDA/Runtime ERROR in Window 9 Shank 2 !!!\n  OutOfMemoryError: CUDA out of memory. Tried to allocate 10.62 GiB. GPU 0 has a total capacity of 39.49 GiB of which 10.31 GiB is free. Including non-PyTorch memory, this process has 29.17 GiB memory in use. Of the allocated memory 28.56 GiB is allocated by PyTorch, and 76.65 MiB is reserved by PyTorch but unallocated. If reserved but unallocated memory is large try setting PYTORCH_CUDA_ALLOC_CONF=expandable_segments:True to avoid fragmentation.  See documentation for Memory Management  (https://pytorch.org/docs/stable/notes/cuda.html#environment-variables)', '!!! CUDA/Runtime ERROR in Window 9 Shank 2 !!!\n  OutOfMemoryError: CUDA out of memory. Tried to allocate 10.62 GiB. GPU 0 has a total capacity of 39.49 GiB of which 10.31 GiB is free. Including non-PyTorch memory, this process has 29.17 GiB memory in use. Of the allocated memory 28.56 GiB is allocated by PyTorch, and 76.65 MiB is reserved by PyTorch but unallocated. If reserved but unallocated memory is large try setting PYTORCH_CUDA_ALLOC_CONF=expandable_segments:True to avoid fragmentation.  See documentation for Memory Management  (https://pytorch.org/docs/stable/notes/cuda.html#environment-variables)', '0%|          | 0/1 [00:00<?, ?it/s]\n  0%|          | 0/1 [1:14:26<?, ?it/s]\nkilosort.clustering_qr: Error in clustering_qr.run on center 1\nTraceback (most recent call last):\n  File ""/ceph/mrsic_flogel/public/projects/BeJG_20230130_VisDetect/conda_envs/kilosort4/lib/python3.11/site-packages/kilosort/clustering_qr.py"", line 494, in run', 'xN = xN - lam/m * (ki.unsqueeze(-1) * kN.to_dense())\n             ~~~~~~^~~~~~~~~~~~~~~~~~~~~~~~~~~~~~~~~~~~\ntorch.OutOfMemoryError: CUDA out of memory. Tried to allocate 10.62 GiB. GPU 0 has a total capacity of 39.49 GiB of which 10.31 GiB is free. Including non-PyTorch memory, this process has 29.17 GiB memory in use. Of the allocated memory 28.56 GiB is allocated by PyTorch, and 76.65 MiB is reserved by PyTorch but unallocated. If reserved but unallocated memory is large try setting PYTORCH_CUDA_ALLOC_CONF=expandable_segments:True to avoid fragmentation.  See documentation for Memory Management  (https://pytorch.org/docs/stable/notes/cuda.html#environment-variables)\nkilosort.run_kilosort: Out of memory error, printing performance...\nTraceback (most recent call last):', '~~~~~~^~~~~~~~~~~~~~~~~~~~~~~~~~~~~~~~~~~~\ntorch.OutOfMemoryError: CUDA out of memory. Tried to allocate 10.62 GiB. GPU 0 has a total capacity of 39.49 GiB of which 10.31 GiB is free. Including non-PyTorch memory, this process has 29.17 GiB memory in use. Of the allocated memory 28.56 GiB is allocated by PyTorch, and 76.65 MiB is reserved by PyTorch but unallocated. If reserved but unallocated memory is large try setting PYTORCH_CUDA_ALLOC_CONF=expandable_segments:True to avoid fragmentation.  See documentation for Memory Management  (https://pytorch.org/docs/stable/notes/cuda.html#environment-variables)\nkilosort.run_kilosort: Out of memory error, printing performance...\nTraceback (most recent call last):\n  File ""/ceph/mrsic_flogel/public/projects/BeJG_20230130_VisDetect/conda_envs/kilosort4/lib/python3.11/site-packages/kilosort/run_kilosort.py"", line 294, in _sort', 'xN = xN - lam/m * (ki.unsqueeze(-1) * kN.to_dense())\n             ~~~~~~^~~~~~~~~~~~~~~~~~~~~~~~~~~~~~~~~~~~\ntorch.OutOfMemoryError: CUDA out of memory. Tried to allocate 10.62 GiB. GPU 0 has a total capacity of 39.49 GiB of which 10.31 GiB is free. Including non-PyTorch memory, this process has 29.17 GiB memory in use. Of the allocated memory 28.56 GiB is allocated by PyTorch, and 76.65 MiB is reserved by PyTorch but unallocated. If reserved but unallocated memory is large try setting PYTORCH_CUDA_ALLOC_CONF=expandable_segments:True to avoid fragmentation.  See documentation for Memory Management  (https://pytorch.org/docs/stable/notes/cuda.html#environment-variables)\nkilosort.run_kilosort: ********************************************************\nkilosort.run_kilosort: CPU usage:     2.00 %', 'kilosort.run_kilosort: Max alloc:    72.32 %     |     28.56   /    39.49 GB\nkilosort.run_kilosort: ********************************************************\nkilosort.run_kilosort: Encountered error in `run_kilosort`:\nTraceback (most recent call last):\n  File ""/ceph/mrsic_flogel/public/projects/BeJG_20230130_VisDetect/conda_envs/kilosort4/lib/python3.11/site-packages/kilosort/run_kilosort.py"", line 294, in _sort']",,,"
  Starting Kilosort 4 at 22:17:38 ...

  !!! CUDA/Runtime ERROR in Window 9 Shank 2 !!!
  OutOfMemoryError: CUDA out of memory. Tried to allocate 10.62 GiB. GPU 0 has a total capacity of 39.49 GiB of which 10.31 GiB is free. Including non-PyTorch memory, this process has 29.17 GiB memory in use. Of the allocated memory 28.56 GiB is allocated by PyTorch, and 76.65 MiB is reserved by PyTorch but unallocated. If reserved but unallocated memory is large try setting PYTORCH_CUDA_ALLOC_CONF=expandable_segments:True to avoid fragmentation.  See documentation for Memory Management  (https://pytorch.org/docs/stable/notes/cuda.html#environment-variables)"
40,True,True,2603,3917273,"['cuda_oom', 'kilosort_error']","[""STDERR:\nkilosort.run_kilosort: Kilosort version 4.1.1\nkilosort.run_kilosort: Python version 3.11.13\nkilosort.run_kilosort: ----------------------------------------\nkilosort.run_kilosort: System information:\nkilosort.run_kilosort: Linux-6.8.0-87-generic-x86_64-with-glibc2.39 x86_64\nkilosort.run_kilosort: x86_64\nkilosort.run_kilosort: Using GPU for PyTorch computations. Specify `device` to change this.\nkilosort.run_kilosort: Using CUDA device: NVIDIA L40S 44.39GB\nkilosort.run_kilosort: ----------------------------------------\nkilosort.run_kilosort: Sorting /ceph/mrsic_flogel/public/projects/BeJG_20230130_VisDetect/wEPhys/BG_046/concat_sort/shank_split/BG_046_08072025/... (multiple files)\nkilosort.run_kilosort: Interpreting binary file as default dtype='int16'. If data was saved in a different format, specify `data_dtype`.\nkilosort.run_kilosort:  \nkilosort.run_kilosort: Resource usage before sorting\nkilosort.run_kilosort: ********************************************************\nkilosort.run_kilos"", 'Starting Kilosort 4 at 00:01:04 ...\n\n  !!! CUDA/Runtime ERROR in Window 9 Shank 3 !!!\n  OutOfMemoryError: CUDA out of memory. Tried to allocate 17.44 GiB. GPU 0 has a total capacity of 44.39 GiB of which 15.36 GiB is free. Including non-PyTorch memory, this process has 29.02 GiB memory in use. Of the allocated memory 28.38 GiB is allocated by PyTorch, and 102.12 MiB is reserved by PyTorch but unallocated. If reserved but unallocated memory is large try setting PYTORCH_CUDA_ALLOC_CONF=expandable_segments:True to avoid fragmentation.  See documentation for Memory Management  (https://pytorch.org/docs/stable/notes/cuda.html#environment-variables)', '!!! CUDA/Runtime ERROR in Window 9 Shank 3 !!!\n  OutOfMemoryError: CUDA out of memory. Tried to allocate 17.44 GiB. GPU 0 has a total capacity of 44.39 GiB of which 15.36 GiB is free. Including non-PyTorch memory, this process has 29.02 GiB memory in use. Of the allocated memory 28.38 GiB is allocated by PyTorch, and 102.12 MiB is reserved by PyTorch but unallocated. If reserved but unallocated memory is large try setting PYTORCH_CUDA_ALLOC_CONF=expandable_segments:True to avoid fragmentation.  See documentation for Memory Management  (https://pytorch.org/docs/stable/notes/cuda.html#environment-variables)', '0%|          | 0/1 [00:00<?, ?it/s]\n  0%|          | 0/1 [33:44<?, ?it/s]\nkilosort.clustering_qr: Error in clustering_qr.run on center 1\nTraceback (most recent call last):\n  File ""/ceph/mrsic_flogel/public/projects/BeJG_20230130_VisDetect/conda_envs/kilosort4/lib/python3.11/site-packages/kilosort/clustering_qr.py"", line 494, in run', 'xN = xN - lam/m * (ki.unsqueeze(-1) * kN.to_dense())\n                      ~~~~~~~~~~~~~~~~~^~~~~~~~~~~~~~~\ntorch.OutOfMemoryError: CUDA out of memory. Tried to allocate 17.44 GiB. GPU 0 has a total capacity of 44.39 GiB of which 15.36 GiB is free. Including non-PyTorch memory, this process has 29.02 GiB memory in use. Of the allocated memory 28.38 GiB is allocated by PyTorch, and 102.12 MiB is reserved by PyTorch but unallocated. If reserved but unallocated memory is large try setting PYTORCH_CUDA_ALLOC_CONF=expandable_segments:True to avoid fragmentation.  See documentation for Memory Management  (https://pytorch.org/docs/stable/notes/cuda.html#environment-variables)\nkilosort.run_kilosort: Out of memory error, printing performance...\nTraceback (most recent call last):', '~~~~~~~~~~~~~~~~~^~~~~~~~~~~~~~~\ntorch.OutOfMemoryError: CUDA out of memory. Tried to allocate 17.44 GiB. GPU 0 has a total capacity of 44.39 GiB of which 15.36 GiB is free. Including non-PyTorch memory, this process has 29.02 GiB memory in use. Of the allocated memory 28.38 GiB is allocated by PyTorch, and 102.12 MiB is reserved by PyTorch but unallocated. If reserved but unallocated memory is large try setting PYTORCH_CUDA_ALLOC_CONF=expandable_segments:True to avoid fragmentation.  See documentation for Memory Management  (https://pytorch.org/docs/stable/notes/cuda.html#environment-variables)\nkilosort.run_kilosort: Out of memory error, printing performance...\nTraceback (most recent call last):\n  File ""/ceph/mrsic_flogel/public/projects/BeJG_20230130_VisDetect/conda_envs/kilosort4/lib/python3.11/site-packages/kilosort/run_kilosort.py"", line 308, in _sort', 'xN = xN - lam/m * (ki.unsqueeze(-1) * kN.to_dense())\n                      ~~~~~~~~~~~~~~~~~^~~~~~~~~~~~~~~\ntorch.OutOfMemoryError: CUDA out of memory. Tried to allocate 17.44 GiB. GPU 0 has a total capacity of 44.39 GiB of which 15.36 GiB is free. Including non-PyTorch memory, this process has 29.02 GiB memory in use. Of the allocated memory 28.38 GiB is allocated by PyTorch, and 102.12 MiB is reserved by PyTorch but unallocated. If reserved but unallocated memory is large try setting PYTORCH_CUDA_ALLOC_CONF=expandable_segments:True to avoid fragmentation.  See documentation for Memory Management  (https://pytorch.org/docs/stable/notes/cuda.html#environment-variables)\nkilosort.run_kilosort: ********************************************************\nkilosort.run_kilosort: CPU usage:     1.40 %', 'kilosort.run_kilosort: Max alloc:    84.29 %     |     37.42   /    44.39 GB\nkilosort.run_kilosort: ********************************************************\nkilosort.run_kilosort: Encountered error in `run_kilosort`:\nTraceback (most recent call last):\n  File ""/ceph/mrsic_flogel/public/projects/BeJG_20230130_VisDetect/conda_envs/kilosort4/lib/python3.11/site-packages/kilosort/run_kilosort.py"", line 308, in _sort']",,,"
  Starting Kilosort 4 at 00:01:04 ...

  !!! CUDA/Runtime ERROR in Window 9 Shank 3 !!!
  OutOfMemoryError: CUDA out of memory. Tried to allocate 17.44 GiB. GPU 0 has a total capacity of 44.39 GiB of which 15.36 GiB is free. Including non-PyTorch memory, this process has 29.02 GiB memory in use. Of the allocated memory 28.38 GiB is allocated by PyTorch, and 102.12 MiB is reserved by PyTorch but unallocated. If reserved but unallocated memory is large try setting PYTORCH_CUDA_ALLOC_CONF=expandable_segments:True to avoid fragmentation.  See documentation for Memory Management  (https://pytorch.org/docs/stable/notes/cuda.html#environment-variables)"
42,True,True,2614,4979895,"['cuda_oom', 'kilosort_error']","[""STDERR:\nkilosort.run_kilosort: Kilosort version 4.1.1\nkilosort.run_kilosort: Python version 3.11.13\nkilosort.run_kilosort: ----------------------------------------\nkilosort.run_kilosort: System information:\nkilosort.run_kilosort: Linux-6.8.0-106-generic-x86_64-with-glibc2.39 x86_64\nkilosort.run_kilosort: x86_64\nkilosort.run_kilosort: Using GPU for PyTorch computations. Specify `device` to change this.\nkilosort.run_kilosort: Using CUDA device: NVIDIA A100-SXM4-40GB 39.49GB\nkilosort.run_kilosort: ----------------------------------------\nkilosort.run_kilosort: Sorting /ceph/mrsic_flogel/public/projects/BeJG_20230130_VisDetect/wEPhys/BG_046/concat_sort/shank_split/BG_046_09072025/... (multiple files)\nkilosort.run_kilosort: Interpreting binary file as default dtype='int16'. If data was saved in a different format, specify `data_dtype`.\nkilosort.run_kilosort:  \nkilosort.run_kilosort: Resource usage before sorting\nkilosort.run_kilosort: ********************************************************\nkilosor"", 'Starting Kilosort 4 at 01:30:38 ...\n\n  !!! CUDA/Runtime ERROR in Window 10 Shank 1 !!!\n  OutOfMemoryError: CUDA out of memory. Tried to allocate 17.07 GiB. GPU 0 has a total capacity of 39.49 GiB of which 12.19 GiB is free. Including non-PyTorch memory, this process has 27.29 GiB memory in use. Of the allocated memory 26.73 GiB is allocated by PyTorch, and 33.34 MiB is reserved by PyTorch but unallocated. If reserved but unallocated memory is large try setting PYTORCH_CUDA_ALLOC_CONF=expandable_segments:True to avoid fragmentation.  See documentation for Memory Management  (https://pytorch.org/docs/stable/notes/cuda.html#environment-variables)', '!!! CUDA/Runtime ERROR in Window 10 Shank 1 !!!\n  OutOfMemoryError: CUDA out of memory. Tried to allocate 17.07 GiB. GPU 0 has a total capacity of 39.49 GiB of which 12.19 GiB is free. Including non-PyTorch memory, this process has 27.29 GiB memory in use. Of the allocated memory 26.73 GiB is allocated by PyTorch, and 33.34 MiB is reserved by PyTorch but unallocated. If reserved but unallocated memory is large try setting PYTORCH_CUDA_ALLOC_CONF=expandable_segments:True to avoid fragmentation.  See documentation for Memory Management  (https://pytorch.org/docs/stable/notes/cuda.html#environment-variables)', '0%|          | 0/1 [00:00<?, ?it/s]\n  0%|          | 0/1 [1:10:02<?, ?it/s]\nkilosort.clustering_qr: Error in clustering_qr.run on center 1\nTraceback (most recent call last):\n  File ""/ceph/mrsic_flogel/public/projects/BeJG_20230130_VisDetect/conda_envs/kilosort4/lib/python3.11/site-packages/kilosort/clustering_qr.py"", line 494, in run', 'xN = xN - lam/m * (ki.unsqueeze(-1) * kN.to_dense())\n                      ~~~~~~~~~~~~~~~~~^~~~~~~~~~~~~~~\ntorch.OutOfMemoryError: CUDA out of memory. Tried to allocate 17.07 GiB. GPU 0 has a total capacity of 39.49 GiB of which 12.19 GiB is free. Including non-PyTorch memory, this process has 27.29 GiB memory in use. Of the allocated memory 26.73 GiB is allocated by PyTorch, and 33.34 MiB is reserved by PyTorch but unallocated. If reserved but unallocated memory is large try setting PYTORCH_CUDA_ALLOC_CONF=expandable_segments:True to avoid fragmentation.  See documentation for Memory Management  (https://pytorch.org/docs/stable/notes/cuda.html#environment-variables)\nkilosort.run_kilosort: Out of memory error, printing performance...\nTraceback (most recent call last):', '~~~~~~~~~~~~~~~~~^~~~~~~~~~~~~~~\ntorch.OutOfMemoryError: CUDA out of memory. Tried to allocate 17.07 GiB. GPU 0 has a total capacity of 39.49 GiB of which 12.19 GiB is free. Including non-PyTorch memory, this process has 27.29 GiB memory in use. Of the allocated memory 26.73 GiB is allocated by PyTorch, and 33.34 MiB is reserved by PyTorch but unallocated. If reserved but unallocated memory is large try setting PYTORCH_CUDA_ALLOC_CONF=expandable_segments:True to avoid fragmentation.  See documentation for Memory Management  (https://pytorch.org/docs/stable/notes/cuda.html#environment-variables)\nkilosort.run_kilosort: Out of memory error, printing performance...\nTraceback (most recent call last):\n  File ""/ceph/mrsic_flogel/public/projects/BeJG_20230130_VisDetect/conda_envs/kilosort4/lib/python3.11/site-packages/kilosort/run_kilosort.py"", line 308, in _sort', 'xN = xN - lam/m * (ki.unsqueeze(-1) * kN.to_dense())\n                      ~~~~~~~~~~~~~~~~~^~~~~~~~~~~~~~~\ntorch.OutOfMemoryError: CUDA out of memory. Tried to allocate 17.07 GiB. GPU 0 has a total capacity of 39.49 GiB of which 12.19 GiB is free. Including non-PyTorch memory, this process has 27.29 GiB memory in use. Of the allocated memory 26.73 GiB is allocated by PyTorch, and 33.34 MiB is reserved by PyTorch but unallocated. If reserved but unallocated memory is large try setting PYTORCH_CUDA_ALLOC_CONF=expandable_segments:True to avoid fragmentation.  See documentation for Memory Management  (https://pytorch.org/docs/stable/notes/cuda.html#environment-variables)\nkilosort.run_kilosort: ********************************************************\nkilosort.run_kilosort: CPU usage:     2.00 %', 'kilosort.run_kilosort: Max alloc:    90.08 %     |     35.58   /    39.49 GB\nkilosort.run_kilosort: ********************************************************\nkilosort.run_kilosort: Encountered error in `run_kilosort`:\nTraceback (most recent call last):\n  File ""/ceph/mrsic_flogel/public/projects/BeJG_20230130_VisDetect/conda_envs/kilosort4/lib/python3.11/site-packages/kilosort/run_kilosort.py"", line 308, in _sort']",,,"
  Starting Kilosort 4 at 01:30:38 ...

  !!! CUDA/Runtime ERROR in Window 10 Shank 1 !!!
  OutOfMemoryError: CUDA out of memory. Tried to allocate 17.07 GiB. GPU 0 has a total capacity of 39.49 GiB of which 12.19 GiB is free. Including non-PyTorch memory, this process has 27.29 GiB memory in use. Of the allocated memory 26.73 GiB is allocated by PyTorch, and 33.34 MiB is reserved by PyTorch but unallocated. If reserved but unallocated memory is large try setting PYTORCH_CUDA_ALLOC_CONF=expandable_segments:True to avoid fragmentation.  See documentation for Memory Management  (https://pytorch.org/docs/stable/notes/cuda.html#environment-variables)"
43,True,True,2613,3323109,"['cuda_oom', 'kilosort_error']","[""STDERR:\nkilosort.run_kilosort: Kilosort version 4.1.1\nkilosort.run_kilosort: Python version 3.11.13\nkilosort.run_kilosort: ----------------------------------------\nkilosort.run_kilosort: System information:\nkilosort.run_kilosort: Linux-6.8.0-106-generic-x86_64-with-glibc2.39 x86_64\nkilosort.run_kilosort: x86_64\nkilosort.run_kilosort: Using GPU for PyTorch computations. Specify `device` to change this.\nkilosort.run_kilosort: Using CUDA device: NVIDIA A100-SXM4-40GB 39.49GB\nkilosort.run_kilosort: ----------------------------------------\nkilosort.run_kilosort: Sorting /ceph/mrsic_flogel/public/projects/BeJG_20230130_VisDetect/wEPhys/BG_046/concat_sort/shank_split/BG_046_09072025/... (multiple files)\nkilosort.run_kilosort: Interpreting binary file as default dtype='int16'. If data was saved in a different format, specify `data_dtype`.\nkilosort.run_kilosort:  \nkilosort.run_kilosort: Resource usage before sorting\nkilosort.run_kilosort: ********************************************************\nkilosor"", 'Starting Kilosort 4 at 03:00:45 ...\n\n  !!! CUDA/Runtime ERROR in Window 10 Shank 2 !!!\n  OutOfMemoryError: CUDA out of memory. Tried to allocate 11.86 GiB. GPU 0 has a total capacity of 39.49 GiB of which 8.48 GiB is free. Including non-PyTorch memory, this process has 31.01 GiB memory in use. Of the allocated memory 30.42 GiB is allocated by PyTorch, and 50.17 MiB is reserved by PyTorch but unallocated. If reserved but unallocated memory is large try setting PYTORCH_CUDA_ALLOC_CONF=expandable_segments:True to avoid fragmentation.  See documentation for Memory Management  (https://pytorch.org/docs/stable/notes/cuda.html#environment-variables)', '!!! CUDA/Runtime ERROR in Window 10 Shank 2 !!!\n  OutOfMemoryError: CUDA out of memory. Tried to allocate 11.86 GiB. GPU 0 has a total capacity of 39.49 GiB of which 8.48 GiB is free. Including non-PyTorch memory, this process has 31.01 GiB memory in use. Of the allocated memory 30.42 GiB is allocated by PyTorch, and 50.17 MiB is reserved by PyTorch but unallocated. If reserved but unallocated memory is large try setting PYTORCH_CUDA_ALLOC_CONF=expandable_segments:True to avoid fragmentation.  See documentation for Memory Management  (https://pytorch.org/docs/stable/notes/cuda.html#environment-variables)', '0%|          | 0/1 [00:00<?, ?it/s]\n  0%|          | 0/1 [44:03<?, ?it/s]\nkilosort.clustering_qr: Error in clustering_qr.run on center 0\nTraceback (most recent call last):\n  File ""/ceph/mrsic_flogel/public/projects/BeJG_20230130_VisDetect/conda_envs/kilosort4/lib/python3.11/site-packages/kilosort/clustering_qr.py"", line 494, in run', 'xN = xN - lam/m * (ki.unsqueeze(-1) * kN.to_dense())\n             ~~~~~~^~~~~~~~~~~~~~~~~~~~~~~~~~~~~~~~~~~~\ntorch.OutOfMemoryError: CUDA out of memory. Tried to allocate 11.86 GiB. GPU 0 has a total capacity of 39.49 GiB of which 8.48 GiB is free. Including non-PyTorch memory, this process has 31.01 GiB memory in use. Of the allocated memory 30.42 GiB is allocated by PyTorch, and 50.17 MiB is reserved by PyTorch but unallocated. If reserved but unallocated memory is large try setting PYTORCH_CUDA_ALLOC_CONF=expandable_segments:True to avoid fragmentation.  See documentation for Memory Management  (https://pytorch.org/docs/stable/notes/cuda.html#environment-variables)\nkilosort.run_kilosort: Out of memory error, printing performance...\nTraceback (most recent call last):', '~~~~~~^~~~~~~~~~~~~~~~~~~~~~~~~~~~~~~~~~~~\ntorch.OutOfMemoryError: CUDA out of memory. Tried to allocate 11.86 GiB. GPU 0 has a total capacity of 39.49 GiB of which 8.48 GiB is free. Including non-PyTorch memory, this process has 31.01 GiB memory in use. Of the allocated memory 30.42 GiB is allocated by PyTorch, and 50.17 MiB is reserved by PyTorch but unallocated. If reserved but unallocated memory is large try setting PYTORCH_CUDA_ALLOC_CONF=expandable_segments:True to avoid fragmentation.  See documentation for Memory Management  (https://pytorch.org/docs/stable/notes/cuda.html#environment-variables)\nkilosort.run_kilosort: Out of memory error, printing performance...\nTraceback (most recent call last):\n  File ""/ceph/mrsic_flogel/public/projects/BeJG_20230130_VisDetect/conda_envs/kilosort4/lib/python3.11/site-packages/kilosort/run_kilosort.py"", line 294, in _sort', 'xN = xN - lam/m * (ki.unsqueeze(-1) * kN.to_dense())\n             ~~~~~~^~~~~~~~~~~~~~~~~~~~~~~~~~~~~~~~~~~~\ntorch.OutOfMemoryError: CUDA out of memory. Tried to allocate 11.86 GiB. GPU 0 has a total capacity of 39.49 GiB of which 8.48 GiB is free. Including non-PyTorch memory, this process has 31.01 GiB memory in use. Of the allocated memory 30.42 GiB is allocated by PyTorch, and 50.17 MiB is reserved by PyTorch but unallocated. If reserved but unallocated memory is large try setting PYTORCH_CUDA_ALLOC_CONF=expandable_segments:True to avoid fragmentation.  See documentation for Memory Management  (https://pytorch.org/docs/stable/notes/cuda.html#environment-variables)\nkilosort.run_kilosort: ********************************************************\nkilosort.run_kilosort: CPU usage:     4.90 %', 'kilosort.run_kilosort: Max alloc:    77.03 %     |     30.42   /    39.49 GB\nkilosort.run_kilosort: ********************************************************\nkilosort.run_kilosort: Encountered error in `run_kilosort`:\nTraceback (most recent call last):\n  File ""/ceph/mrsic_flogel/public/projects/BeJG_20230130_VisDetect/conda_envs/kilosort4/lib/python3.11/site-packages/kilosort/run_kilosort.py"", line 294, in _sort']",,,"
  Starting Kilosort 4 at 03:00:45 ...

  !!! CUDA/Runtime ERROR in Window 10 Shank 2 !!!
  OutOfMemoryError: CUDA out of memory. Tried to allocate 11.86 GiB. GPU 0 has a total capacity of 39.49 GiB of which 8.48 GiB is free. Including non-PyTorch memory, this process has 31.01 GiB memory in use. Of the allocated memory 30.42 GiB is allocated by PyTorch, and 50.17 MiB is reserved by PyTorch but unallocated. If reserved but unallocated memory is large try setting PYTORCH_CUDA_ALLOC_CONF=expandable_segments:True to avoid fragmentation.  See documentation for Memory Management  (https://pytorch.org/docs/stable/notes/cuda.html#environment-variables)"
44,True,True,2613,4979913,"['cuda_oom', 'kilosort_error']","[""STDERR:\nkilosort.run_kilosort: Kilosort version 4.1.1\nkilosort.run_kilosort: Python version 3.11.13\nkilosort.run_kilosort: ----------------------------------------\nkilosort.run_kilosort: System information:\nkilosort.run_kilosort: Linux-6.8.0-106-generic-x86_64-with-glibc2.39 x86_64\nkilosort.run_kilosort: x86_64\nkilosort.run_kilosort: Using GPU for PyTorch computations. Specify `device` to change this.\nkilosort.run_kilosort: Using CUDA device: NVIDIA A100-SXM4-40GB 39.49GB\nkilosort.run_kilosort: ----------------------------------------\nkilosort.run_kilosort: Sorting /ceph/mrsic_flogel/public/projects/BeJG_20230130_VisDetect/wEPhys/BG_046/concat_sort/shank_split/BG_046_09072025/... (multiple files)\nkilosort.run_kilosort: Interpreting binary file as default dtype='int16'. If data was saved in a different format, specify `data_dtype`.\nkilosort.run_kilosort:  \nkilosort.run_kilosort: Resource usage before sorting\nkilosort.run_kilosort: ********************************************************\nkilosor"", 'Starting Kilosort 4 at 03:00:46 ...\n\n  !!! CUDA/Runtime ERROR in Window 10 Shank 3 !!!\n  OutOfMemoryError: CUDA out of memory. Tried to allocate 11.85 GiB. GPU 0 has a total capacity of 39.49 GiB of which 8.48 GiB is free. Including non-PyTorch memory, this process has 31.01 GiB memory in use. Of the allocated memory 30.41 GiB is allocated by PyTorch, and 61.23 MiB is reserved by PyTorch but unallocated. If reserved but unallocated memory is large try setting PYTORCH_CUDA_ALLOC_CONF=expandable_segments:True to avoid fragmentation.  See documentation for Memory Management  (https://pytorch.org/docs/stable/notes/cuda.html#environment-variables)', '!!! CUDA/Runtime ERROR in Window 10 Shank 3 !!!\n  OutOfMemoryError: CUDA out of memory. Tried to allocate 11.85 GiB. GPU 0 has a total capacity of 39.49 GiB of which 8.48 GiB is free. Including non-PyTorch memory, this process has 31.01 GiB memory in use. Of the allocated memory 30.41 GiB is allocated by PyTorch, and 61.23 MiB is reserved by PyTorch but unallocated. If reserved but unallocated memory is large try setting PYTORCH_CUDA_ALLOC_CONF=expandable_segments:True to avoid fragmentation.  See documentation for Memory Management  (https://pytorch.org/docs/stable/notes/cuda.html#environment-variables)', '0%|          | 0/1 [00:00<?, ?it/s]\n  0%|          | 0/1 [43:19<?, ?it/s]\nkilosort.clustering_qr: Error in clustering_qr.run on center 0\nTraceback (most recent call last):\n  File ""/ceph/mrsic_flogel/public/projects/BeJG_20230130_VisDetect/conda_envs/kilosort4/lib/python3.11/site-packages/kilosort/clustering_qr.py"", line 494, in run', 'xN = xN - lam/m * (ki.unsqueeze(-1) * kN.to_dense())\n             ~~~~~~^~~~~~~~~~~~~~~~~~~~~~~~~~~~~~~~~~~~\ntorch.OutOfMemoryError: CUDA out of memory. Tried to allocate 11.85 GiB. GPU 0 has a total capacity of 39.49 GiB of which 8.48 GiB is free. Including non-PyTorch memory, this process has 31.01 GiB memory in use. Of the allocated memory 30.41 GiB is allocated by PyTorch, and 61.23 MiB is reserved by PyTorch but unallocated. If reserved but unallocated memory is large try setting PYTORCH_CUDA_ALLOC_CONF=expandable_segments:True to avoid fragmentation.  See documentation for Memory Management  (https://pytorch.org/docs/stable/notes/cuda.html#environment-variables)\nkilosort.run_kilosort: Out of memory error, printing performance...\nTraceback (most recent call last):', '~~~~~~^~~~~~~~~~~~~~~~~~~~~~~~~~~~~~~~~~~~\ntorch.OutOfMemoryError: CUDA out of memory. Tried to allocate 11.85 GiB. GPU 0 has a total capacity of 39.49 GiB of which 8.48 GiB is free. Including non-PyTorch memory, this process has 31.01 GiB memory in use. Of the allocated memory 30.41 GiB is allocated by PyTorch, and 61.23 MiB is reserved by PyTorch but unallocated. If reserved but unallocated memory is large try setting PYTORCH_CUDA_ALLOC_CONF=expandable_segments:True to avoid fragmentation.  See documentation for Memory Management  (https://pytorch.org/docs/stable/notes/cuda.html#environment-variables)\nkilosort.run_kilosort: Out of memory error, printing performance...\nTraceback (most recent call last):\n  File ""/ceph/mrsic_flogel/public/projects/BeJG_20230130_VisDetect/conda_envs/kilosort4/lib/python3.11/site-packages/kilosort/run_kilosort.py"", line 308, in _sort', 'xN = xN - lam/m * (ki.unsqueeze(-1) * kN.to_dense())\n             ~~~~~~^~~~~~~~~~~~~~~~~~~~~~~~~~~~~~~~~~~~\ntorch.OutOfMemoryError: CUDA out of memory. Tried to allocate 11.85 GiB. GPU 0 has a total capacity of 39.49 GiB of which 8.48 GiB is free. Including non-PyTorch memory, this process has 31.01 GiB memory in use. Of the allocated memory 30.41 GiB is allocated by PyTorch, and 61.23 MiB is reserved by PyTorch but unallocated. If reserved but unallocated memory is large try setting PYTORCH_CUDA_ALLOC_CONF=expandable_segments:True to avoid fragmentation.  See documentation for Memory Management  (https://pytorch.org/docs/stable/notes/cuda.html#environment-variables)\nkilosort.run_kilosort: ********************************************************\nkilosort.run_kilosort: CPU usage:     2.80 %', 'kilosort.run_kilosort: Max alloc:    77.00 %     |     30.41   /    39.49 GB\nkilosort.run_kilosort: ********************************************************\nkilosort.run_kilosort: Encountered error in `run_kilosort`:\nTraceback (most recent call last):\n  File ""/ceph/mrsic_flogel/public/projects/BeJG_20230130_VisDetect/conda_envs/kilosort4/lib/python3.11/site-packages/kilosort/run_kilosort.py"", line 308, in _sort']",,,"
  Starting Kilosort 4 at 03:00:46 ...

  !!! CUDA/Runtime ERROR in Window 10 Shank 3 !!!
  OutOfMemoryError: CUDA out of memory. Tried to allocate 11.85 GiB. GPU 0 has a total capacity of 39.49 GiB of which 8.48 GiB is free. Including non-PyTorch memory, this process has 31.01 GiB memory in use. Of the allocated memory 30.41 GiB is allocated by PyTorch, and 61.23 MiB is reserved by PyTorch but unallocated. If reserved but unallocated memory is large try setting PYTORCH_CUDA_ALLOC_CONF=expandable_segments:True to avoid fragmentation.  See documentation for Memory Management  (https://pytorch.org/docs/stable/notes/cuda.html#environment-variables)"
46,True,True,2613,3154411,"['cuda_oom', 'kilosort_error']","[""STDERR:\nkilosort.run_kilosort: Kilosort version 4.1.1\nkilosort.run_kilosort: Python version 3.11.13\nkilosort.run_kilosort: ----------------------------------------\nkilosort.run_kilosort: System information:\nkilosort.run_kilosort: Linux-6.8.0-106-generic-x86_64-with-glibc2.39 x86_64\nkilosort.run_kilosort: x86_64\nkilosort.run_kilosort: Using GPU for PyTorch computations. Specify `device` to change this.\nkilosort.run_kilosort: Using CUDA device: NVIDIA A100-SXM4-40GB 39.49GB\nkilosort.run_kilosort: ----------------------------------------\nkilosort.run_kilosort: Sorting /ceph/mrsic_flogel/public/projects/BeJG_20230130_VisDetect/wEPhys/BG_046/concat_sort/shank_split/BG_046_10072025/... (multiple files)\nkilosort.run_kilosort: Interpreting binary file as default dtype='int16'. If data was saved in a different format, specify `data_dtype`.\nkilosort.run_kilosort:  \nkilosort.run_kilosort: Resource usage before sorting\nkilosort.run_kilosort: ********************************************************\nkilosor"", 'Starting Kilosort 4 at 05:08:09 ...\n\n  !!! CUDA/Runtime ERROR in Window 11 Shank 1 !!!\n  OutOfMemoryError: CUDA out of memory. Tried to allocate 12.04 GiB. GPU 0 has a total capacity of 39.49 GiB of which 8.03 GiB is free. Including non-PyTorch memory, this process has 31.46 GiB memory in use. Of the allocated memory 30.88 GiB is allocated by PyTorch, and 41.48 MiB is reserved by PyTorch but unallocated. If reserved but unallocated memory is large try setting PYTORCH_CUDA_ALLOC_CONF=expandable_segments:True to avoid fragmentation.  See documentation for Memory Management  (https://pytorch.org/docs/stable/notes/cuda.html#environment-variables)', '!!! CUDA/Runtime ERROR in Window 11 Shank 1 !!!\n  OutOfMemoryError: CUDA out of memory. Tried to allocate 12.04 GiB. GPU 0 has a total capacity of 39.49 GiB of which 8.03 GiB is free. Including non-PyTorch memory, this process has 31.46 GiB memory in use. Of the allocated memory 30.88 GiB is allocated by PyTorch, and 41.48 MiB is reserved by PyTorch but unallocated. If reserved but unallocated memory is large try setting PYTORCH_CUDA_ALLOC_CONF=expandable_segments:True to avoid fragmentation.  See documentation for Memory Management  (https://pytorch.org/docs/stable/notes/cuda.html#environment-variables)', '0%|          | 0/1 [00:00<?, ?it/s]\n  0%|          | 0/1 [48:28<?, ?it/s]\nkilosort.clustering_qr: Error in clustering_qr.run on center 0\nTraceback (most recent call last):\n  File ""/ceph/mrsic_flogel/public/projects/BeJG_20230130_VisDetect/conda_envs/kilosort4/lib/python3.11/site-packages/kilosort/clustering_qr.py"", line 494, in run', 'xN = xN - lam/m * (ki.unsqueeze(-1) * kN.to_dense())\n             ~~~~~~^~~~~~~~~~~~~~~~~~~~~~~~~~~~~~~~~~~~\ntorch.OutOfMemoryError: CUDA out of memory. Tried to allocate 12.04 GiB. GPU 0 has a total capacity of 39.49 GiB of which 8.03 GiB is free. Including non-PyTorch memory, this process has 31.46 GiB memory in use. Of the allocated memory 30.88 GiB is allocated by PyTorch, and 41.48 MiB is reserved by PyTorch but unallocated. If reserved but unallocated memory is large try setting PYTORCH_CUDA_ALLOC_CONF=expandable_segments:True to avoid fragmentation.  See documentation for Memory Management  (https://pytorch.org/docs/stable/notes/cuda.html#environment-variables)\nkilosort.run_kilosort: Out of memory error, printing performance...\nTraceback (most recent call last):', '~~~~~~^~~~~~~~~~~~~~~~~~~~~~~~~~~~~~~~~~~~\ntorch.OutOfMemoryError: CUDA out of memory. Tried to allocate 12.04 GiB. GPU 0 has a total capacity of 39.49 GiB of which 8.03 GiB is free. Including non-PyTorch memory, this process has 31.46 GiB memory in use. Of the allocated memory 30.88 GiB is allocated by PyTorch, and 41.48 MiB is reserved by PyTorch but unallocated. If reserved but unallocated memory is large try setting PYTORCH_CUDA_ALLOC_CONF=expandable_segments:True to avoid fragmentation.  See documentation for Memory Management  (https://pytorch.org/docs/stable/notes/cuda.html#environment-variables)\nkilosort.run_kilosort: Out of memory error, printing performance...\nTraceback (most recent call last):\n  File ""/ceph/mrsic_flogel/public/projects/BeJG_20230130_VisDetect/conda_envs/kilosort4/lib/python3.11/site-packages/kilosort/run_kilosort.py"", line 294, in _sort', 'xN = xN - lam/m * (ki.unsqueeze(-1) * kN.to_dense())\n             ~~~~~~^~~~~~~~~~~~~~~~~~~~~~~~~~~~~~~~~~~~\ntorch.OutOfMemoryError: CUDA out of memory. Tried to allocate 12.04 GiB. GPU 0 has a total capacity of 39.49 GiB of which 8.03 GiB is free. Including non-PyTorch memory, this process has 31.46 GiB memory in use. Of the allocated memory 30.88 GiB is allocated by PyTorch, and 41.48 MiB is reserved by PyTorch but unallocated. If reserved but unallocated memory is large try setting PYTORCH_CUDA_ALLOC_CONF=expandable_segments:True to avoid fragmentation.  See documentation for Memory Management  (https://pytorch.org/docs/stable/notes/cuda.html#environment-variables)\nkilosort.run_kilosort: ********************************************************\nkilosort.run_kilosort: CPU usage:     4.80 %', 'kilosort.run_kilosort: Max alloc:    78.19 %     |     30.88   /    39.49 GB\nkilosort.run_kilosort: ********************************************************\nkilosort.run_kilosort: Encountered error in `run_kilosort`:\nTraceback (most recent call last):\n  File ""/ceph/mrsic_flogel/public/projects/BeJG_20230130_VisDetect/conda_envs/kilosort4/lib/python3.11/site-packages/kilosort/run_kilosort.py"", line 294, in _sort']",,,"
  Starting Kilosort 4 at 05:08:09 ...

  !!! CUDA/Runtime ERROR in Window 11 Shank 1 !!!
  OutOfMemoryError: CUDA out of memory. Tried to allocate 12.04 GiB. GPU 0 has a total capacity of 39.49 GiB of which 8.03 GiB is free. Including non-PyTorch memory, this process has 31.46 GiB memory in use. Of the allocated memory 30.88 GiB is allocated by PyTorch, and 41.48 MiB is reserved by PyTorch but unallocated. If reserved but unallocated memory is large try setting PYTORCH_CUDA_ALLOC_CONF=expandable_segments:True to avoid fragmentation.  See documentation for Memory Management  (https://pytorch.org/docs/stable/notes/cuda.html#environment-variables)"
57,True,True,2613,4116685,"['cuda_oom', 'kilosort_error']","[""STDERR:\nkilosort.run_kilosort: Kilosort version 4.1.1\nkilosort.run_kilosort: Python version 3.11.13\nkilosort.run_kilosort: ----------------------------------------\nkilosort.run_kilosort: System information:\nkilosort.run_kilosort: Linux-6.8.0-106-generic-x86_64-with-glibc2.39 x86_64\nkilosort.run_kilosort: x86_64\nkilosort.run_kilosort: Using GPU for PyTorch computations. Specify `device` to change this.\nkilosort.run_kilosort: Using CUDA device: NVIDIA A100-SXM4-40GB 39.49GB\nkilosort.run_kilosort: ----------------------------------------\nkilosort.run_kilosort: Sorting /ceph/mrsic_flogel/public/projects/BeJG_20230130_VisDetect/wEPhys/BG_046/concat_sort/shank_split/BG_046_22072025/... (multiple files)\nkilosort.run_kilosort: Interpreting binary file as default dtype='int16'. If data was saved in a different format, specify `data_dtype`.\nkilosort.run_kilosort:  \nkilosort.run_kilosort: Resource usage before sorting\nkilosort.run_kilosort: ********************************************************\nkilosor"", 'Starting Kilosort 4 at 14:20:32 ...\n\n  !!! CUDA/Runtime ERROR in Window 14 Shank 0 !!!\n  OutOfMemoryError: CUDA out of memory. Tried to allocate 11.57 GiB. GPU 0 has a total capacity of 39.49 GiB of which 8.50 GiB is free. Including non-PyTorch memory, this process has 30.99 GiB memory in use. Of the allocated memory 30.39 GiB is allocated by PyTorch, and 59.19 MiB is reserved by PyTorch but unallocated. If reserved but unallocated memory is large try setting PYTORCH_CUDA_ALLOC_CONF=expandable_segments:True to avoid fragmentation.  See documentation for Memory Management  (https://pytorch.org/docs/stable/notes/cuda.html#environment-variables)', '!!! CUDA/Runtime ERROR in Window 14 Shank 0 !!!\n  OutOfMemoryError: CUDA out of memory. Tried to allocate 11.57 GiB. GPU 0 has a total capacity of 39.49 GiB of which 8.50 GiB is free. Including non-PyTorch memory, this process has 30.99 GiB memory in use. Of the allocated memory 30.39 GiB is allocated by PyTorch, and 59.19 MiB is reserved by PyTorch but unallocated. If reserved but unallocated memory is large try setting PYTORCH_CUDA_ALLOC_CONF=expandable_segments:True to avoid fragmentation.  See documentation for Memory Management  (https://pytorch.org/docs/stable/notes/cuda.html#environment-variables)', '0%|          | 0/1 [00:00<?, ?it/s]\n  0%|          | 0/1 [2:48:31<?, ?it/s]\nkilosort.clustering_qr: Error in clustering_qr.run on center 22\nTraceback (most recent call last):\n  File ""/ceph/mrsic_flogel/public/projects/BeJG_20230130_VisDetect/conda_envs/kilosort4/lib/python3.11/site-packages/kilosort/clustering_qr.py"", line 494, in run', 'xN = xN - lam/m * (ki.unsqueeze(-1) * kN.to_dense())\n             ~~~~~~^~~~~~~~~~~~~~~~~~~~~~~~~~~~~~~~~~~~\ntorch.OutOfMemoryError: CUDA out of memory. Tried to allocate 11.57 GiB. GPU 0 has a total capacity of 39.49 GiB of which 8.50 GiB is free. Including non-PyTorch memory, this process has 30.99 GiB memory in use. Of the allocated memory 30.39 GiB is allocated by PyTorch, and 59.19 MiB is reserved by PyTorch but unallocated. If reserved but unallocated memory is large try setting PYTORCH_CUDA_ALLOC_CONF=expandable_segments:True to avoid fragmentation.  See documentation for Memory Management  (https://pytorch.org/docs/stable/notes/cuda.html#environment-variables)\nkilosort.run_kilosort: Out of memory error, printing performance...\nTraceback (most recent call last):', '~~~~~~^~~~~~~~~~~~~~~~~~~~~~~~~~~~~~~~~~~~\ntorch.OutOfMemoryError: CUDA out of memory. Tried to allocate 11.57 GiB. GPU 0 has a total capacity of 39.49 GiB of which 8.50 GiB is free. Including non-PyTorch memory, this process has 30.99 GiB memory in use. Of the allocated memory 30.39 GiB is allocated by PyTorch, and 59.19 MiB is reserved by PyTorch but unallocated. If reserved but unallocated memory is large try setting PYTORCH_CUDA_ALLOC_CONF=expandable_segments:True to avoid fragmentation.  See documentation for Memory Management  (https://pytorch.org/docs/stable/notes/cuda.html#environment-variables)\nkilosort.run_kilosort: Out of memory error, printing performance...\nTraceback (most recent call last):\n  File ""/ceph/mrsic_flogel/public/projects/BeJG_20230130_VisDetect/conda_envs/kilosort4/lib/python3.11/site-packages/kilosort/run_kilosort.py"", line 308, in _sort', 'xN = xN - lam/m * (ki.unsqueeze(-1) * kN.to_dense())\n             ~~~~~~^~~~~~~~~~~~~~~~~~~~~~~~~~~~~~~~~~~~\ntorch.OutOfMemoryError: CUDA out of memory. Tried to allocate 11.57 GiB. GPU 0 has a total capacity of 39.49 GiB of which 8.50 GiB is free. Including non-PyTorch memory, this process has 30.99 GiB memory in use. Of the allocated memory 30.39 GiB is allocated by PyTorch, and 59.19 MiB is reserved by PyTorch but unallocated. If reserved but unallocated memory is large try setting PYTORCH_CUDA_ALLOC_CONF=expandable_segments:True to avoid fragmentation.  See documentation for Memory Management  (https://pytorch.org/docs/stable/notes/cuda.html#environment-variables)\nkilosort.run_kilosort: ********************************************************\nkilosort.run_kilosort: CPU usage:     2.60 %', 'kilosort.run_kilosort: Max alloc:    76.96 %     |     30.39   /    39.49 GB\nkilosort.run_kilosort: ********************************************************\nkilosort.run_kilosort: Encountered error in `run_kilosort`:\nTraceback (most recent call last):\n  File ""/ceph/mrsic_flogel/public/projects/BeJG_20230130_VisDetect/conda_envs/kilosort4/lib/python3.11/site-packages/kilosort/run_kilosort.py"", line 308, in _sort']",,,"
  Starting Kilosort 4 at 14:20:32 ...

  !!! CUDA/Runtime ERROR in Window 14 Shank 0 !!!
  OutOfMemoryError: CUDA out of memory. Tried to allocate 11.57 GiB. GPU 0 has a total capacity of 39.49 GiB of which 8.50 GiB is free. Including non-PyTorch memory, this process has 30.99 GiB memory in use. Of the allocated memory 30.39 GiB is allocated by PyTorch, and 59.19 MiB is reserved by PyTorch but unallocated. If reserved but unallocated memory is large try setting PYTORCH_CUDA_ALLOC_CONF=expandable_segments:True to avoid fragmentation.  See documentation for Memory Management  (https://pytorch.org/docs/stable/notes/cuda.html#environment-variables)"
62,True,True,2613,4499307,"['cuda_oom', 'kilosort_error']","[""STDERR:\nkilosort.run_kilosort: Kilosort version 4.1.1\nkilosort.run_kilosort: Python version 3.11.13\nkilosort.run_kilosort: ----------------------------------------\nkilosort.run_kilosort: System information:\nkilosort.run_kilosort: Linux-6.8.0-106-generic-x86_64-with-glibc2.39 x86_64\nkilosort.run_kilosort: x86_64\nkilosort.run_kilosort: Using GPU for PyTorch computations. Specify `device` to change this.\nkilosort.run_kilosort: Using CUDA device: NVIDIA A100-SXM4-40GB 39.49GB\nkilosort.run_kilosort: ----------------------------------------\nkilosort.run_kilosort: Sorting /ceph/mrsic_flogel/public/projects/BeJG_20230130_VisDetect/wEPhys/BG_046/concat_sort/shank_split/BG_046_24072025/... (multiple files)\nkilosort.run_kilosort: Interpreting binary file as default dtype='int16'. If data was saved in a different format, specify `data_dtype`.\nkilosort.run_kilosort:  \nkilosort.run_kilosort: Resource usage before sorting\nkilosort.run_kilosort: ********************************************************\nkilosor"", 'Starting Kilosort 4 at 19:13:05 ...\n\n  !!! CUDA/Runtime ERROR in Window 15 Shank 1 !!!\n  OutOfMemoryError: CUDA out of memory. Tried to allocate 13.94 GiB. GPU 0 has a total capacity of 39.49 GiB of which 3.09 GiB is free. Including non-PyTorch memory, this process has 36.40 GiB memory in use. Of the allocated memory 35.80 GiB is allocated by PyTorch, and 58.94 MiB is reserved by PyTorch but unallocated. If reserved but unallocated memory is large try setting PYTORCH_CUDA_ALLOC_CONF=expandable_segments:True to avoid fragmentation.  See documentation for Memory Management  (https://pytorch.org/docs/stable/notes/cuda.html#environment-variables)', '!!! CUDA/Runtime ERROR in Window 15 Shank 1 !!!\n  OutOfMemoryError: CUDA out of memory. Tried to allocate 13.94 GiB. GPU 0 has a total capacity of 39.49 GiB of which 3.09 GiB is free. Including non-PyTorch memory, this process has 36.40 GiB memory in use. Of the allocated memory 35.80 GiB is allocated by PyTorch, and 58.94 MiB is reserved by PyTorch but unallocated. If reserved but unallocated memory is large try setting PYTORCH_CUDA_ALLOC_CONF=expandable_segments:True to avoid fragmentation.  See documentation for Memory Management  (https://pytorch.org/docs/stable/notes/cuda.html#environment-variables)', '0%|          | 0/1 [00:00<?, ?it/s]\n  0%|          | 0/1 [3:16:19<?, ?it/s]\nkilosort.clustering_qr: Error in clustering_qr.run on center 23\nTraceback (most recent call last):\n  File ""/ceph/mrsic_flogel/public/projects/BeJG_20230130_VisDetect/conda_envs/kilosort4/lib/python3.11/site-packages/kilosort/clustering_qr.py"", line 494, in run', 'xN = xN - lam/m * (ki.unsqueeze(-1) * kN.to_dense())\n             ~~~~~~^~~~~~~~~~~~~~~~~~~~~~~~~~~~~~~~~~~~\ntorch.OutOfMemoryError: CUDA out of memory. Tried to allocate 13.94 GiB. GPU 0 has a total capacity of 39.49 GiB of which 3.09 GiB is free. Including non-PyTorch memory, this process has 36.40 GiB memory in use. Of the allocated memory 35.80 GiB is allocated by PyTorch, and 58.94 MiB is reserved by PyTorch but unallocated. If reserved but unallocated memory is large try setting PYTORCH_CUDA_ALLOC_CONF=expandable_segments:True to avoid fragmentation.  See documentation for Memory Management  (https://pytorch.org/docs/stable/notes/cuda.html#environment-variables)\nkilosort.run_kilosort: Out of memory error, printing performance...\nTraceback (most recent call last):', '~~~~~~^~~~~~~~~~~~~~~~~~~~~~~~~~~~~~~~~~~~\ntorch.OutOfMemoryError: CUDA out of memory. Tried to allocate 13.94 GiB. GPU 0 has a total capacity of 39.49 GiB of which 3.09 GiB is free. Including non-PyTorch memory, this process has 36.40 GiB memory in use. Of the allocated memory 35.80 GiB is allocated by PyTorch, and 58.94 MiB is reserved by PyTorch but unallocated. If reserved but unallocated memory is large try setting PYTORCH_CUDA_ALLOC_CONF=expandable_segments:True to avoid fragmentation.  See documentation for Memory Management  (https://pytorch.org/docs/stable/notes/cuda.html#environment-variables)\nkilosort.run_kilosort: Out of memory error, printing performance...\nTraceback (most recent call last):\n  File ""/ceph/mrsic_flogel/public/projects/BeJG_20230130_VisDetect/conda_envs/kilosort4/lib/python3.11/site-packages/kilosort/run_kilosort.py"", line 308, in _sort', 'xN = xN - lam/m * (ki.unsqueeze(-1) * kN.to_dense())\n             ~~~~~~^~~~~~~~~~~~~~~~~~~~~~~~~~~~~~~~~~~~\ntorch.OutOfMemoryError: CUDA out of memory. Tried to allocate 13.94 GiB. GPU 0 has a total capacity of 39.49 GiB of which 3.09 GiB is free. Including non-PyTorch memory, this process has 36.40 GiB memory in use. Of the allocated memory 35.80 GiB is allocated by PyTorch, and 58.94 MiB is reserved by PyTorch but unallocated. If reserved but unallocated memory is large try setting PYTORCH_CUDA_ALLOC_CONF=expandable_segments:True to avoid fragmentation.  See documentation for Memory Management  (https://pytorch.org/docs/stable/notes/cuda.html#environment-variables)\nkilosort.run_kilosort: ********************************************************\nkilosort.run_kilosort: CPU usage:     3.90 %', 'kilosort.run_kilosort: Max alloc:    90.66 %     |     35.80   /    39.49 GB\nkilosort.run_kilosort: ********************************************************\nkilosort.run_kilosort: Encountered error in `run_kilosort`:\nTraceback (most recent call last):\n  File ""/ceph/mrsic_flogel/public/projects/BeJG_20230130_VisDetect/conda_envs/kilosort4/lib/python3.11/site-packages/kilosort/run_kilosort.py"", line 308, in _sort']",,,"
  Starting Kilosort 4 at 19:13:05 ...

  !!! CUDA/Runtime ERROR in Window 15 Shank 1 !!!
  OutOfMemoryError: CUDA out of memory. Tried to allocate 13.94 GiB. GPU 0 has a total capacity of 39.49 GiB of which 3.09 GiB is free. Including non-PyTorch memory, this process has 36.40 GiB memory in use. Of the allocated memory 35.80 GiB is allocated by PyTorch, and 58.94 MiB is reserved by PyTorch but unallocated. If reserved but unallocated memory is large try setting PYTORCH_CUDA_ALLOC_CONF=expandable_segments:True to avoid fragmentation.  See documentation for Memory Management  (https://pytorch.org/docs/stable/notes/cuda.html#environment-variables)"
66,True,True,2613,3119994,"['cuda_oom', 'kilosort_error']","[""STDERR:\nkilosort.run_kilosort: Kilosort version 4.1.1\nkilosort.run_kilosort: Python version 3.11.13\nkilosort.run_kilosort: ----------------------------------------\nkilosort.run_kilosort: System information:\nkilosort.run_kilosort: Linux-6.8.0-106-generic-x86_64-with-glibc2.39 x86_64\nkilosort.run_kilosort: x86_64\nkilosort.run_kilosort: Using GPU for PyTorch computations. Specify `device` to change this.\nkilosort.run_kilosort: Using CUDA device: NVIDIA A100-SXM4-40GB 39.49GB\nkilosort.run_kilosort: ----------------------------------------\nkilosort.run_kilosort: Sorting /ceph/mrsic_flogel/public/projects/BeJG_20230130_VisDetect/wEPhys/BG_046/concat_sort/shank_split/BG_046_25072025/... (multiple files)\nkilosort.run_kilosort: Interpreting binary file as default dtype='int16'. If data was saved in a different format, specify `data_dtype`.\nkilosort.run_kilosort:  \nkilosort.run_kilosort: Resource usage before sorting\nkilosort.run_kilosort: ********************************************************\nkilosor"", 'Starting Kilosort 4 at 00:21:57 ...\n\n  !!! CUDA/Runtime ERROR in Window 16 Shank 1 !!!\n  OutOfMemoryError: CUDA out of memory. Tried to allocate 11.48 GiB. GPU 0 has a total capacity of 39.49 GiB of which 9.43 GiB is free. Including non-PyTorch memory, this process has 30.05 GiB memory in use. Of the allocated memory 29.45 GiB is allocated by PyTorch, and 61.57 MiB is reserved by PyTorch but unallocated. If reserved but unallocated memory is large try setting PYTORCH_CUDA_ALLOC_CONF=expandable_segments:True to avoid fragmentation.  See documentation for Memory Management  (https://pytorch.org/docs/stable/notes/cuda.html#environment-variables)', '!!! CUDA/Runtime ERROR in Window 16 Shank 1 !!!\n  OutOfMemoryError: CUDA out of memory. Tried to allocate 11.48 GiB. GPU 0 has a total capacity of 39.49 GiB of which 9.43 GiB is free. Including non-PyTorch memory, this process has 30.05 GiB memory in use. Of the allocated memory 29.45 GiB is allocated by PyTorch, and 61.57 MiB is reserved by PyTorch but unallocated. If reserved but unallocated memory is large try setting PYTORCH_CUDA_ALLOC_CONF=expandable_segments:True to avoid fragmentation.  See documentation for Memory Management  (https://pytorch.org/docs/stable/notes/cuda.html#environment-variables)', '0%|          | 0/1 [00:00<?, ?it/s]\n  0%|          | 0/1 [45:22<?, ?it/s]\nkilosort.clustering_qr: Error in clustering_qr.run on center 0\nTraceback (most recent call last):\n  File ""/ceph/mrsic_flogel/public/projects/BeJG_20230130_VisDetect/conda_envs/kilosort4/lib/python3.11/site-packages/kilosort/clustering_qr.py"", line 494, in run', 'xN = xN - lam/m * (ki.unsqueeze(-1) * kN.to_dense())\n             ~~~~~~^~~~~~~~~~~~~~~~~~~~~~~~~~~~~~~~~~~~\ntorch.OutOfMemoryError: CUDA out of memory. Tried to allocate 11.48 GiB. GPU 0 has a total capacity of 39.49 GiB of which 9.43 GiB is free. Including non-PyTorch memory, this process has 30.05 GiB memory in use. Of the allocated memory 29.45 GiB is allocated by PyTorch, and 61.57 MiB is reserved by PyTorch but unallocated. If reserved but unallocated memory is large try setting PYTORCH_CUDA_ALLOC_CONF=expandable_segments:True to avoid fragmentation.  See documentation for Memory Management  (https://pytorch.org/docs/stable/notes/cuda.html#environment-variables)\nkilosort.run_kilosort: Out of memory error, printing performance...\nTraceback (most recent call last):', '~~~~~~^~~~~~~~~~~~~~~~~~~~~~~~~~~~~~~~~~~~\ntorch.OutOfMemoryError: CUDA out of memory. Tried to allocate 11.48 GiB. GPU 0 has a total capacity of 39.49 GiB of which 9.43 GiB is free. Including non-PyTorch memory, this process has 30.05 GiB memory in use. Of the allocated memory 29.45 GiB is allocated by PyTorch, and 61.57 MiB is reserved by PyTorch but unallocated. If reserved but unallocated memory is large try setting PYTORCH_CUDA_ALLOC_CONF=expandable_segments:True to avoid fragmentation.  See documentation for Memory Management  (https://pytorch.org/docs/stable/notes/cuda.html#environment-variables)\nkilosort.run_kilosort: Out of memory error, printing performance...\nTraceback (most recent call last):\n  File ""/ceph/mrsic_flogel/public/projects/BeJG_20230130_VisDetect/conda_envs/kilosort4/lib/python3.11/site-packages/kilosort/run_kilosort.py"", line 294, in _sort', 'xN = xN - lam/m * (ki.unsqueeze(-1) * kN.to_dense())\n             ~~~~~~^~~~~~~~~~~~~~~~~~~~~~~~~~~~~~~~~~~~\ntorch.OutOfMemoryError: CUDA out of memory. Tried to allocate 11.48 GiB. GPU 0 has a total capacity of 39.49 GiB of which 9.43 GiB is free. Including non-PyTorch memory, this process has 30.05 GiB memory in use. Of the allocated memory 29.45 GiB is allocated by PyTorch, and 61.57 MiB is reserved by PyTorch but unallocated. If reserved but unallocated memory is large try setting PYTORCH_CUDA_ALLOC_CONF=expandable_segments:True to avoid fragmentation.  See documentation for Memory Management  (https://pytorch.org/docs/stable/notes/cuda.html#environment-variables)\nkilosort.run_kilosort: ********************************************************\nkilosort.run_kilosort: CPU usage:     2.10 %', 'kilosort.run_kilosort: Max alloc:    74.58 %     |     29.45   /    39.49 GB\nkilosort.run_kilosort: ********************************************************\nkilosort.run_kilosort: Encountered error in `run_kilosort`:\nTraceback (most recent call last):\n  File ""/ceph/mrsic_flogel/public/projects/BeJG_20230130_VisDetect/conda_envs/kilosort4/lib/python3.11/site-packages/kilosort/run_kilosort.py"", line 294, in _sort']",,,"
  Starting Kilosort 4 at 00:21:57 ...

  !!! CUDA/Runtime ERROR in Window 16 Shank 1 !!!
  OutOfMemoryError: CUDA out of memory. Tried to allocate 11.48 GiB. GPU 0 has a total capacity of 39.49 GiB of which 9.43 GiB is free. Including non-PyTorch memory, this process has 30.05 GiB memory in use. Of the allocated memory 29.45 GiB is allocated by PyTorch, and 61.57 MiB is reserved by PyTorch but unallocated. If reserved but unallocated memory is large try setting PYTORCH_CUDA_ALLOC_CONF=expandable_segments:True to avoid fragmentation.  See documentation for Memory Management  (https://pytorch.org/docs/stable/notes/cuda.html#environment-variables)"
76,True,True,2613,5389946,"['cuda_oom', 'kilosort_error']","[""STDERR:\nkilosort.run_kilosort: Kilosort version 4.1.1\nkilosort.run_kilosort: Python version 3.11.13\nkilosort.run_kilosort: ----------------------------------------\nkilosort.run_kilosort: System information:\nkilosort.run_kilosort: Linux-6.8.0-106-generic-x86_64-with-glibc2.39 x86_64\nkilosort.run_kilosort: x86_64\nkilosort.run_kilosort: Using GPU for PyTorch computations. Specify `device` to change this.\nkilosort.run_kilosort: Using CUDA device: NVIDIA A100-SXM4-40GB 39.49GB\nkilosort.run_kilosort: ----------------------------------------\nkilosort.run_kilosort: Sorting /ceph/mrsic_flogel/public/projects/BeJG_20230130_VisDetect/wEPhys/BG_046/concat_sort/shank_split/BG_046_05082025/... (multiple files)\nkilosort.run_kilosort: Interpreting binary file as default dtype='int16'. If data was saved in a different format, specify `data_dtype`.\nkilosort.run_kilosort:  \nkilosort.run_kilosort: Resource usage before sorting\nkilosort.run_kilosort: ********************************************************\nkilosor"", 'Starting Kilosort 4 at 10:08:14 ...\n\n  !!! CUDA/Runtime ERROR in Window 18 Shank 3 !!!\n  OutOfMemoryError: CUDA out of memory. Tried to allocate 11.51 GiB. GPU 0 has a total capacity of 39.49 GiB of which 9.36 GiB is free. Including non-PyTorch memory, this process has 30.13 GiB memory in use. Of the allocated memory 29.53 GiB is allocated by PyTorch, and 62.17 MiB is reserved by PyTorch but unallocated. If reserved but unallocated memory is large try setting PYTORCH_CUDA_ALLOC_CONF=expandable_segments:True to avoid fragmentation.  See documentation for Memory Management  (https://pytorch.org/docs/stable/notes/cuda.html#environment-variables)', '!!! CUDA/Runtime ERROR in Window 18 Shank 3 !!!\n  OutOfMemoryError: CUDA out of memory. Tried to allocate 11.51 GiB. GPU 0 has a total capacity of 39.49 GiB of which 9.36 GiB is free. Including non-PyTorch memory, this process has 30.13 GiB memory in use. Of the allocated memory 29.53 GiB is allocated by PyTorch, and 62.17 MiB is reserved by PyTorch but unallocated. If reserved but unallocated memory is large try setting PYTORCH_CUDA_ALLOC_CONF=expandable_segments:True to avoid fragmentation.  See documentation for Memory Management  (https://pytorch.org/docs/stable/notes/cuda.html#environment-variables)', '0%|          | 0/1 [00:00<?, ?it/s]\n  0%|          | 0/1 [44:32<?, ?it/s]\nkilosort.clustering_qr: Error in clustering_qr.run on center 0\nTraceback (most recent call last):\n  File ""/ceph/mrsic_flogel/public/projects/BeJG_20230130_VisDetect/conda_envs/kilosort4/lib/python3.11/site-packages/kilosort/clustering_qr.py"", line 494, in run', 'xN = xN - lam/m * (ki.unsqueeze(-1) * kN.to_dense())\n             ~~~~~~^~~~~~~~~~~~~~~~~~~~~~~~~~~~~~~~~~~~\ntorch.OutOfMemoryError: CUDA out of memory. Tried to allocate 11.51 GiB. GPU 0 has a total capacity of 39.49 GiB of which 9.36 GiB is free. Including non-PyTorch memory, this process has 30.13 GiB memory in use. Of the allocated memory 29.53 GiB is allocated by PyTorch, and 62.17 MiB is reserved by PyTorch but unallocated. If reserved but unallocated memory is large try setting PYTORCH_CUDA_ALLOC_CONF=expandable_segments:True to avoid fragmentation.  See documentation for Memory Management  (https://pytorch.org/docs/stable/notes/cuda.html#environment-variables)\nkilosort.run_kilosort: Out of memory error, printing performance...\nTraceback (most recent call last):', '~~~~~~^~~~~~~~~~~~~~~~~~~~~~~~~~~~~~~~~~~~\ntorch.OutOfMemoryError: CUDA out of memory. Tried to allocate 11.51 GiB. GPU 0 has a total capacity of 39.49 GiB of which 9.36 GiB is free. Including non-PyTorch memory, this process has 30.13 GiB memory in use. Of the allocated memory 29.53 GiB is allocated by PyTorch, and 62.17 MiB is reserved by PyTorch but unallocated. If reserved but unallocated memory is large try setting PYTORCH_CUDA_ALLOC_CONF=expandable_segments:True to avoid fragmentation.  See documentation for Memory Management  (https://pytorch.org/docs/stable/notes/cuda.html#environment-variables)\nkilosort.run_kilosort: Out of memory error, printing performance...\nTraceback (most recent call last):\n  File ""/ceph/mrsic_flogel/public/projects/BeJG_20230130_VisDetect/conda_envs/kilosort4/lib/python3.11/site-packages/kilosort/run_kilosort.py"", line 308, in _sort', 'xN = xN - lam/m * (ki.unsqueeze(-1) * kN.to_dense())\n             ~~~~~~^~~~~~~~~~~~~~~~~~~~~~~~~~~~~~~~~~~~\ntorch.OutOfMemoryError: CUDA out of memory. Tried to allocate 11.51 GiB. GPU 0 has a total capacity of 39.49 GiB of which 9.36 GiB is free. Including non-PyTorch memory, this process has 30.13 GiB memory in use. Of the allocated memory 29.53 GiB is allocated by PyTorch, and 62.17 MiB is reserved by PyTorch but unallocated. If reserved but unallocated memory is large try setting PYTORCH_CUDA_ALLOC_CONF=expandable_segments:True to avoid fragmentation.  See documentation for Memory Management  (https://pytorch.org/docs/stable/notes/cuda.html#environment-variables)\nkilosort.run_kilosort: ********************************************************\nkilosort.run_kilosort: CPU usage:     4.00 %', 'kilosort.run_kilosort: Max alloc:    74.77 %     |     29.53   /    39.49 GB\nkilosort.run_kilosort: ********************************************************\nkilosort.run_kilosort: Encountered error in `run_kilosort`:\nTraceback (most recent call last):\n  File ""/ceph/mrsic_flogel/public/projects/BeJG_20230130_VisDetect/conda_envs/kilosort4/lib/python3.11/site-packages/kilosort/run_kilosort.py"", line 308, in _sort']",,,"
  Starting Kilosort 4 at 10:08:14 ...

  !!! CUDA/Runtime ERROR in Window 18 Shank 3 !!!
  OutOfMemoryError: CUDA out of memory. Tried to allocate 11.51 GiB. GPU 0 has a total capacity of 39.49 GiB of which 9.36 GiB is free. Including non-PyTorch memory, this process has 30.13 GiB memory in use. Of the allocated memory 29.53 GiB is allocated by PyTorch, and 62.17 MiB is reserved by PyTorch but unallocated. If reserved but unallocated memory is large try setting PYTORCH_CUDA_ALLOC_CONF=expandable_segments:True to avoid fragmentation.  See documentation for Memory Management  (https://pytorch.org/docs/stable/notes/cuda.html#environment-variables)"
83,True,True,2370,4004,['kilosort_error'],"['STDERR:\nkilosort.run_kilosort: Kilosort version 4.1.1\nkilosort.run_kilosort: Python version 3.11.13\nkilosort.run_kilosort: ----------------------------------------\nkilosort.run_kilosort: System information:\nkilosort.run_kilosort: Linux-6.8.0-106-generic-x86_64-with-glibc2.39 x86_64\nkilosort.run_kilosort: x86_64\nkilosort.run_kilosort: Using GPU for PyTorch computations. Specify `device` to change this.\nkilosort.run_kilosort: Using CUDA device: NVIDIA A100-SXM4-40GB 39.49GB\nkilosort.run_kilosort: ----------------------------------------\nkilosort.run_kilosort: Sorting /ceph/mrsic_flogel/public/projects/BeJG_20230130_VisDetect/wEPhys/BG_046/concat_sort/shank_split/BG_046_13082025/... (multiple files)\nkilosort.run_kilosort: Interpreting binary file as default dtype=\'int16\'. If data was saved in a different format, specify `data_dtype`.\nkilosort.run_kilosort: Encountered error in `run_kilosort`:\nTraceback (most recent call last):\n  File ""/ceph/mrsic_flogel/public/projects/BeJG_20230130_VisDetect/con', 'Starting Kilosort 4 at 17:57:30 ...\n\n  !!! CUDA/Runtime ERROR in Window 20 Shank 2 !!!\n  RuntimeError: CUDA error: CUDA-capable device(s) is/are busy or unavailable\nCUDA kernel errors might be asynchronously reported at some other API call, so the stacktrace below might be incorrect.', '!!! CUDA/Runtime ERROR in Window 20 Shank 2 !!!\n  RuntimeError: CUDA error: CUDA-capable device(s) is/are busy or unavailable\nCUDA kernel errors might be asynchronously reported at some other API call, so the stacktrace below might be incorrect.\nFor debugging consider passing CUDA_LAUNCH_BLOCKING=1', '!!! CUDA/Runtime ERROR in Window 20 Shank 2 !!!\n  RuntimeError: CUDA error: CUDA-capable device(s) is/are busy or unavailable\nCUDA kernel errors might be asynchronously reported at some other API call, so the stacktrace below might be incorrect.\nFor debugging consider passing CUDA_LAUNCH_BLOCKING=1\nCompile with `TORCH_USE_CUDA_DSA` to enable device-side assertions.', 'kilosort.run_kilosort: Sorting /ceph/mrsic_flogel/public/projects/BeJG_20230130_VisDetect/wEPhys/BG_046/concat_sort/shank_split/BG_046_13082025/... (multiple files)\nkilosort.run_kilosort: Interpreting binary file as default dtype=\'int16\'. If data was saved in a different format, specify `data_dtype`.\nkilosort.run_kilosort: Encountered error in `run_kilosort`:\nTraceback (most recent call last):\n  File ""/ceph/mrsic_flogel/public/projects/BeJG_20230130_VisDetect/conda_envs/kilosort4/lib/python3.11/site-packages/kilosort/run_kilosort.py"", line 263, in _sort', 'return torch.cuda.cudart().cudaMemGetInfo(device)\n           ^^^^^^^^^^^^^^^^^^^^^^^^^^^^^^^^^^^^^^^^^^\nRuntimeError: CUDA error: CUDA-capable device(s) is/are busy or unavailable\nCUDA kernel errors might be asynchronously reported at some other API call, so the stacktrace below might be incorrect.\nFor debugging consider passing CUDA_LAUNCH_BLOCKING=1', '^^^^^^^^^^^^^^^^^^^^^^^^^^^^^^^^^^^^^^^^^^\nRuntimeError: CUDA error: CUDA-capable device(s) is/are busy or unavailable\nCUDA kernel errors might be asynchronously reported at some other API call, so the stacktrace below might be incorrect.\nFor debugging consider passing CUDA_LAUNCH_BLOCKING=1\nCompile with `TORCH_USE_CUDA_DSA` to enable device-side assertions.', 'return torch.cuda.cudart().cudaMemGetInfo(device)\n           ^^^^^^^^^^^^^^^^^^^^^^^^^^^^^^^^^^^^^^^^^^\nRuntimeError: CUDA error: CUDA-capable device(s) is/are busy or unavailable\nCUDA kernel errors might be asynchronously reported at some other API call, so the stacktrace below might be incorrect.\nFor debugging consider passing CUDA_LAUNCH_BLOCKING=1', '^^^^^^^^^^^^^^^^^^^^^^^^^^^^^^^^^^^^^^^^^^\nRuntimeError: CUDA error: CUDA-capable device(s) is/are busy or unavailable\nCUDA kernel errors might be asynchronously reported at some other API call, so the stacktrace below might be incorrect.\nFor debugging consider passing CUDA_LAUNCH_BLOCKING=1\nCompile with `TORCH_USE_CUDA_DSA` to enable device-side assertions.']",,,"  !!! CUDA/Runtime ERROR in Window 20 Shank 2 !!!
  RuntimeError: CUDA error: CUDA-capable device(s) is/are busy or unavailable
CUDA kernel errors might be asynchronously reported at some other API call, so the stacktrace below might be incorrect.
For debugging consider passing CUDA_LAUNCH_BLOCKING=1
Compile with `TORCH_USE_CUDA_DSA` to enable device-side assertions."
84,True,True,2370,4004,['kilosort_error'],"['STDERR:\nkilosort.run_kilosort: Kilosort version 4.1.1\nkilosort.run_kilosort: Python version 3.11.13\nkilosort.run_kilosort: ----------------------------------------\nkilosort.run_kilosort: System information:\nkilosort.run_kilosort: Linux-6.8.0-106-generic-x86_64-with-glibc2.39 x86_64\nkilosort.run_kilosort: x86_64\nkilosort.run_kilosort: Using GPU for PyTorch computations. Specify `device` to change this.\nkilosort.run_kilosort: Using CUDA device: NVIDIA A100-SXM4-40GB 39.49GB\nkilosort.run_kilosort: ----------------------------------------\nkilosort.run_kilosort: Sorting /ceph/mrsic_flogel/public/projects/BeJG_20230130_VisDetect/wEPhys/BG_046/concat_sort/shank_split/BG_046_13082025/... (multiple files)\nkilosort.run_kilosort: Interpreting binary file as default dtype=\'int16\'. If data was saved in a different format, specify `data_dtype`.\nkilosort.run_kilosort: Encountered error in `run_kilosort`:\nTraceback (most recent call last):\n  File ""/ceph/mrsic_flogel/public/projects/BeJG_20230130_VisDetect/con', 'Starting Kilosort 4 at 17:57:37 ...\n\n  !!! CUDA/Runtime ERROR in Window 20 Shank 3 !!!\n  RuntimeError: CUDA error: CUDA-capable device(s) is/are busy or unavailable\nCUDA kernel errors might be asynchronously reported at some other API call, so the stacktrace below might be incorrect.', '!!! CUDA/Runtime ERROR in Window 20 Shank 3 !!!\n  RuntimeError: CUDA error: CUDA-capable device(s) is/are busy or unavailable\nCUDA kernel errors might be asynchronously reported at some other API call, so the stacktrace below might be incorrect.\nFor debugging consider passing CUDA_LAUNCH_BLOCKING=1', '!!! CUDA/Runtime ERROR in Window 20 Shank 3 !!!\n  RuntimeError: CUDA error: CUDA-capable device(s) is/are busy or unavailable\nCUDA kernel errors might be asynchronously reported at some other API call, so the stacktrace below might be incorrect.\nFor debugging consider passing CUDA_LAUNCH_BLOCKING=1\nCompile with `TORCH_USE_CUDA_DSA` to enable device-side assertions.', 'kilosort.run_kilosort: Sorting /ceph/mrsic_flogel/public/projects/BeJG_20230130_VisDetect/wEPhys/BG_046/concat_sort/shank_split/BG_046_13082025/... (multiple files)\nkilosort.run_kilosort: Interpreting binary file as default dtype=\'int16\'. If data was saved in a different format, specify `data_dtype`.\nkilosort.run_kilosort: Encountered error in `run_kilosort`:\nTraceback (most recent call last):\n  File ""/ceph/mrsic_flogel/public/projects/BeJG_20230130_VisDetect/conda_envs/kilosort4/lib/python3.11/site-packages/kilosort/run_kilosort.py"", line 263, in _sort', 'return torch.cuda.cudart().cudaMemGetInfo(device)\n           ^^^^^^^^^^^^^^^^^^^^^^^^^^^^^^^^^^^^^^^^^^\nRuntimeError: CUDA error: CUDA-capable device(s) is/are busy or unavailable\nCUDA kernel errors might be asynchronously reported at some other API call, so the stacktrace below might be incorrect.\nFor debugging consider passing CUDA_LAUNCH_BLOCKING=1', '^^^^^^^^^^^^^^^^^^^^^^^^^^^^^^^^^^^^^^^^^^\nRuntimeError: CUDA error: CUDA-capable device(s) is/are busy or unavailable\nCUDA kernel errors might be asynchronously reported at some other API call, so the stacktrace below might be incorrect.\nFor debugging consider passing CUDA_LAUNCH_BLOCKING=1\nCompile with `TORCH_USE_CUDA_DSA` to enable device-side assertions.', 'return torch.cuda.cudart().cudaMemGetInfo(device)\n           ^^^^^^^^^^^^^^^^^^^^^^^^^^^^^^^^^^^^^^^^^^\nRuntimeError: CUDA error: CUDA-capable device(s) is/are busy or unavailable\nCUDA kernel errors might be asynchronously reported at some other API call, so the stacktrace below might be incorrect.\nFor debugging consider passing CUDA_LAUNCH_BLOCKING=1', '^^^^^^^^^^^^^^^^^^^^^^^^^^^^^^^^^^^^^^^^^^\nRuntimeError: CUDA error: CUDA-capable device(s) is/are busy or unavailable\nCUDA kernel errors might be asynchronously reported at some other API call, so the stacktrace below might be incorrect.\nFor debugging consider passing CUDA_LAUNCH_BLOCKING=1\nCompile with `TORCH_USE_CUDA_DSA` to enable device-side assertions.']",,,"  !!! CUDA/Runtime ERROR in Window 20 Shank 3 !!!
  RuntimeError: CUDA error: CUDA-capable device(s) is/are busy or unavailable
CUDA kernel errors might be asynchronously reported at some other API call, so the stacktrace below might be incorrect.
For debugging consider passing CUDA_LAUNCH_BLOCKING=1
Compile with `TORCH_USE_CUDA_DSA` to enable device-side assertions."
85,True,True,2370,4004,['kilosort_error'],"['STDERR:\nkilosort.run_kilosort: Kilosort version 4.1.1\nkilosort.run_kilosort: Python version 3.11.13\nkilosort.run_kilosort: ----------------------------------------\nkilosort.run_kilosort: System information:\nkilosort.run_kilosort: Linux-6.8.0-106-generic-x86_64-with-glibc2.39 x86_64\nkilosort.run_kilosort: x86_64\nkilosort.run_kilosort: Using GPU for PyTorch computations. Specify `device` to change this.\nkilosort.run_kilosort: Using CUDA device: NVIDIA A100-SXM4-40GB 39.49GB\nkilosort.run_kilosort: ----------------------------------------\nkilosort.run_kilosort: Sorting /ceph/mrsic_flogel/public/projects/BeJG_20230130_VisDetect/wEPhys/BG_046/concat_sort/shank_split/BG_046_14082025/... (multiple files)\nkilosort.run_kilosort: Interpreting binary file as default dtype=\'int16\'. If data was saved in a different format, specify `data_dtype`.\nkilosort.run_kilosort: Encountered error in `run_kilosort`:\nTraceback (most recent call last):\n  File ""/ceph/mrsic_flogel/public/projects/BeJG_20230130_VisDetect/con', 'Starting Kilosort 4 at 17:57:43 ...\n\n  !!! CUDA/Runtime ERROR in Window 21 Shank 0 !!!\n  RuntimeError: CUDA error: CUDA-capable device(s) is/are busy or unavailable\nCUDA kernel errors might be asynchronously reported at some other API call, so the stacktrace below might be incorrect.', '!!! CUDA/Runtime ERROR in Window 21 Shank 0 !!!\n  RuntimeError: CUDA error: CUDA-capable device(s) is/are busy or unavailable\nCUDA kernel errors might be asynchronously reported at some other API call, so the stacktrace below might be incorrect.\nFor debugging consider passing CUDA_LAUNCH_BLOCKING=1', '!!! CUDA/Runtime ERROR in Window 21 Shank 0 !!!\n  RuntimeError: CUDA error: CUDA-capable device(s) is/are busy or unavailable\nCUDA kernel errors might be asynchronously reported at some other API call, so the stacktrace below might be incorrect.\nFor debugging consider passing CUDA_LAUNCH_BLOCKING=1\nCompile with `TORCH_USE_CUDA_DSA` to enable device-side assertions.', 'kilosort.run_kilosort: Sorting /ceph/mrsic_flogel/public/projects/BeJG_20230130_VisDetect/wEPhys/BG_046/concat_sort/shank_split/BG_046_14082025/... (multiple files)\nkilosort.run_kilosort: Interpreting binary file as default dtype=\'int16\'. If data was saved in a different format, specify `data_dtype`.\nkilosort.run_kilosort: Encountered error in `run_kilosort`:\nTraceback (most recent call last):\n  File ""/ceph/mrsic_flogel/public/projects/BeJG_20230130_VisDetect/conda_envs/kilosort4/lib/python3.11/site-packages/kilosort/run_kilosort.py"", line 263, in _sort', 'return torch.cuda.cudart().cudaMemGetInfo(device)\n           ^^^^^^^^^^^^^^^^^^^^^^^^^^^^^^^^^^^^^^^^^^\nRuntimeError: CUDA error: CUDA-capable device(s) is/are busy or unavailable\nCUDA kernel errors might be asynchronously reported at some other API call, so the stacktrace below might be incorrect.\nFor debugging consider passing CUDA_LAUNCH_BLOCKING=1', '^^^^^^^^^^^^^^^^^^^^^^^^^^^^^^^^^^^^^^^^^^\nRuntimeError: CUDA error: CUDA-capable device(s) is/are busy or unavailable\nCUDA kernel errors might be asynchronously reported at some other API call, so the stacktrace below might be incorrect.\nFor debugging consider passing CUDA_LAUNCH_BLOCKING=1\nCompile with `TORCH_USE_CUDA_DSA` to enable device-side assertions.', 'return torch.cuda.cudart().cudaMemGetInfo(device)\n           ^^^^^^^^^^^^^^^^^^^^^^^^^^^^^^^^^^^^^^^^^^\nRuntimeError: CUDA error: CUDA-capable device(s) is/are busy or unavailable\nCUDA kernel errors might be asynchronously reported at some other API call, so the stacktrace below might be incorrect.\nFor debugging consider passing CUDA_LAUNCH_BLOCKING=1', '^^^^^^^^^^^^^^^^^^^^^^^^^^^^^^^^^^^^^^^^^^\nRuntimeError: CUDA error: CUDA-capable device(s) is/are busy or unavailable\nCUDA kernel errors might be asynchronously reported at some other API call, so the stacktrace below might be incorrect.\nFor debugging consider passing CUDA_LAUNCH_BLOCKING=1\nCompile with `TORCH_USE_CUDA_DSA` to enable device-side assertions.']",,,"  !!! CUDA/Runtime ERROR in Window 21 Shank 0 !!!
  RuntimeError: CUDA error: CUDA-capable device(s) is/are busy or unavailable
CUDA kernel errors might be asynchronously reported at some other API call, so the stacktrace below might be incorrect.
For debugging consider passing CUDA_LAUNCH_BLOCKING=1
Compile with `TORCH_USE_CUDA_DSA` to enable device-side assertions."
86,True,True,2370,4004,['kilosort_error'],"['STDERR:\nkilosort.run_kilosort: Kilosort version 4.1.1\nkilosort.run_kilosort: Python version 3.11.13\nkilosort.run_kilosort: ----------------------------------------\nkilosort.run_kilosort: System information:\nkilosort.run_kilosort: Linux-6.8.0-106-generic-x86_64-with-glibc2.39 x86_64\nkilosort.run_kilosort: x86_64\nkilosort.run_kilosort: Using GPU for PyTorch computations. Specify `device` to change this.\nkilosort.run_kilosort: Using CUDA device: NVIDIA A100-SXM4-40GB 39.49GB\nkilosort.run_kilosort: ----------------------------------------\nkilosort.run_kilosort: Sorting /ceph/mrsic_flogel/public/projects/BeJG_20230130_VisDetect/wEPhys/BG_046/concat_sort/shank_split/BG_046_14082025/... (multiple files)\nkilosort.run_kilosort: Interpreting binary file as default dtype=\'int16\'. If data was saved in a different format, specify `data_dtype`.\nkilosort.run_kilosort: Encountered error in `run_kilosort`:\nTraceback (most recent call last):\n  File ""/ceph/mrsic_flogel/public/projects/BeJG_20230130_VisDetect/con', 'Starting Kilosort 4 at 17:57:48 ...\n\n  !!! CUDA/Runtime ERROR in Window 21 Shank 1 !!!\n  RuntimeError: CUDA error: CUDA-capable device(s) is/are busy or unavailable\nCUDA kernel errors might be asynchronously reported at some other API call, so the stacktrace below might be incorrect.', '!!! CUDA/Runtime ERROR in Window 21 Shank 1 !!!\n  RuntimeError: CUDA error: CUDA-capable device(s) is/are busy or unavailable\nCUDA kernel errors might be asynchronously reported at some other API call, so the stacktrace below might be incorrect.\nFor debugging consider passing CUDA_LAUNCH_BLOCKING=1', '!!! CUDA/Runtime ERROR in Window 21 Shank 1 !!!\n  RuntimeError: CUDA error: CUDA-capable device(s) is/are busy or unavailable\nCUDA kernel errors might be asynchronously reported at some other API call, so the stacktrace below might be incorrect.\nFor debugging consider passing CUDA_LAUNCH_BLOCKING=1\nCompile with `TORCH_USE_CUDA_DSA` to enable device-side assertions.', 'kilosort.run_kilosort: Sorting /ceph/mrsic_flogel/public/projects/BeJG_20230130_VisDetect/wEPhys/BG_046/concat_sort/shank_split/BG_046_14082025/... (multiple files)\nkilosort.run_kilosort: Interpreting binary file as default dtype=\'int16\'. If data was saved in a different format, specify `data_dtype`.\nkilosort.run_kilosort: Encountered error in `run_kilosort`:\nTraceback (most recent call last):\n  File ""/ceph/mrsic_flogel/public/projects/BeJG_20230130_VisDetect/conda_envs/kilosort4/lib/python3.11/site-packages/kilosort/run_kilosort.py"", line 263, in _sort', 'return torch.cuda.cudart().cudaMemGetInfo(device)\n           ^^^^^^^^^^^^^^^^^^^^^^^^^^^^^^^^^^^^^^^^^^\nRuntimeError: CUDA error: CUDA-capable device(s) is/are busy or unavailable\nCUDA kernel errors might be asynchronously reported at some other API call, so the stacktrace below might be incorrect.\nFor debugging consider passing CUDA_LAUNCH_BLOCKING=1', '^^^^^^^^^^^^^^^^^^^^^^^^^^^^^^^^^^^^^^^^^^\nRuntimeError: CUDA error: CUDA-capable device(s) is/are busy or unavailable\nCUDA kernel errors might be asynchronously reported at some other API call, so the stacktrace below might be incorrect.\nFor debugging consider passing CUDA_LAUNCH_BLOCKING=1\nCompile with `TORCH_USE_CUDA_DSA` to enable device-side assertions.', 'return torch.cuda.cudart().cudaMemGetInfo(device)\n           ^^^^^^^^^^^^^^^^^^^^^^^^^^^^^^^^^^^^^^^^^^\nRuntimeError: CUDA error: CUDA-capable device(s) is/are busy or unavailable\nCUDA kernel errors might be asynchronously reported at some other API call, so the stacktrace below might be incorrect.\nFor debugging consider passing CUDA_LAUNCH_BLOCKING=1', '^^^^^^^^^^^^^^^^^^^^^^^^^^^^^^^^^^^^^^^^^^\nRuntimeError: CUDA error: CUDA-capable device(s) is/are busy or unavailable\nCUDA kernel errors might be asynchronously reported at some other API call, so the stacktrace below might be incorrect.\nFor debugging consider passing CUDA_LAUNCH_BLOCKING=1\nCompile with `TORCH_USE_CUDA_DSA` to enable device-side assertions.']",,,"  !!! CUDA/Runtime ERROR in Window 21 Shank 1 !!!
  RuntimeError: CUDA error: CUDA-capable device(s) is/are busy or unavailable
CUDA kernel errors might be asynchronously reported at some other API call, so the stacktrace below might be incorrect.
For debugging consider passing CUDA_LAUNCH_BLOCKING=1
Compile with `TORCH_USE_CUDA_DSA` to enable device-side assertions."
87,True,True,2370,4004,['kilosort_error'],"['STDERR:\nkilosort.run_kilosort: Kilosort version 4.1.1\nkilosort.run_kilosort: Python version 3.11.13\nkilosort.run_kilosort: ----------------------------------------\nkilosort.run_kilosort: System information:\nkilosort.run_kilosort: Linux-6.8.0-106-generic-x86_64-with-glibc2.39 x86_64\nkilosort.run_kilosort: x86_64\nkilosort.run_kilosort: Using GPU for PyTorch computations. Specify `device` to change this.\nkilosort.run_kilosort: Using CUDA device: NVIDIA A100-SXM4-40GB 39.49GB\nkilosort.run_kilosort: ----------------------------------------\nkilosort.run_kilosort: Sorting /ceph/mrsic_flogel/public/projects/BeJG_20230130_VisDetect/wEPhys/BG_046/concat_sort/shank_split/BG_046_14082025/... (multiple files)\nkilosort.run_kilosort: Interpreting binary file as default dtype=\'int16\'. If data was saved in a different format, specify `data_dtype`.\nkilosort.run_kilosort: Encountered error in `run_kilosort`:\nTraceback (most recent call last):\n  File ""/ceph/mrsic_flogel/public/projects/BeJG_20230130_VisDetect/con', 'Starting Kilosort 4 at 17:57:55 ...\n\n  !!! CUDA/Runtime ERROR in Window 21 Shank 2 !!!\n  RuntimeError: CUDA error: CUDA-capable device(s) is/are busy or unavailable\nCUDA kernel errors might be asynchronously reported at some other API call, so the stacktrace below might be incorrect.', '!!! CUDA/Runtime ERROR in Window 21 Shank 2 !!!\n  RuntimeError: CUDA error: CUDA-capable device(s) is/are busy or unavailable\nCUDA kernel errors might be asynchronously reported at some other API call, so the stacktrace below might be incorrect.\nFor debugging consider passing CUDA_LAUNCH_BLOCKING=1', '!!! CUDA/Runtime ERROR in Window 21 Shank 2 !!!\n  RuntimeError: CUDA error: CUDA-capable device(s) is/are busy or unavailable\nCUDA kernel errors might be asynchronously reported at some other API call, so the stacktrace below might be incorrect.\nFor debugging consider passing CUDA_LAUNCH_BLOCKING=1\nCompile with `TORCH_USE_CUDA_DSA` to enable device-side assertions.', 'kilosort.run_kilosort: Sorting /ceph/mrsic_flogel/public/projects/BeJG_20230130_VisDetect/wEPhys/BG_046/concat_sort/shank_split/BG_046_14082025/... (multiple files)\nkilosort.run_kilosort: Interpreting binary file as default dtype=\'int16\'. If data was saved in a different format, specify `data_dtype`.\nkilosort.run_kilosort: Encountered error in `run_kilosort`:\nTraceback (most recent call last):\n  File ""/ceph/mrsic_flogel/public/projects/BeJG_20230130_VisDetect/conda_envs/kilosort4/lib/python3.11/site-packages/kilosort/run_kilosort.py"", line 263, in _sort', 'return torch.cuda.cudart().cudaMemGetInfo(device)\n           ^^^^^^^^^^^^^^^^^^^^^^^^^^^^^^^^^^^^^^^^^^\nRuntimeError: CUDA error: CUDA-capable device(s) is/are busy or unavailable\nCUDA kernel errors might be asynchronously reported at some other API call, so the stacktrace below might be incorrect.\nFor debugging consider passing CUDA_LAUNCH_BLOCKING=1', '^^^^^^^^^^^^^^^^^^^^^^^^^^^^^^^^^^^^^^^^^^\nRuntimeError: CUDA error: CUDA-capable device(s) is/are busy or unavailable\nCUDA kernel errors might be asynchronously reported at some other API call, so the stacktrace below might be incorrect.\nFor debugging consider passing CUDA_LAUNCH_BLOCKING=1\nCompile with `TORCH_USE_CUDA_DSA` to enable device-side assertions.', 'return torch.cuda.cudart().cudaMemGetInfo(device)\n           ^^^^^^^^^^^^^^^^^^^^^^^^^^^^^^^^^^^^^^^^^^\nRuntimeError: CUDA error: CUDA-capable device(s) is/are busy or unavailable\nCUDA kernel errors might be asynchronously reported at some other API call, so the stacktrace below might be incorrect.\nFor debugging consider passing CUDA_LAUNCH_BLOCKING=1', '^^^^^^^^^^^^^^^^^^^^^^^^^^^^^^^^^^^^^^^^^^\nRuntimeError: CUDA error: CUDA-capable device(s) is/are busy or unavailable\nCUDA kernel errors might be asynchronously reported at some other API call, so the stacktrace below might be incorrect.\nFor debugging consider passing CUDA_LAUNCH_BLOCKING=1\nCompile with `TORCH_USE_CUDA_DSA` to enable device-side assertions.']",,,"  !!! CUDA/Runtime ERROR in Window 21 Shank 2 !!!
  RuntimeError: CUDA error: CUDA-capable device(s) is/are busy or unavailable
CUDA kernel errors might be asynchronously reported at some other API call, so the stacktrace below might be incorrect.
For debugging consider passing CUDA_LAUNCH_BLOCKING=1
Compile with `TORCH_USE_CUDA_DSA` to enable device-side assertions."
88,True,True,2370,4004,['kilosort_error'],"['STDERR:\nkilosort.run_kilosort: Kilosort version 4.1.1\nkilosort.run_kilosort: Python version 3.11.13\nkilosort.run_kilosort: ----------------------------------------\nkilosort.run_kilosort: System information:\nkilosort.run_kilosort: Linux-6.8.0-106-generic-x86_64-with-glibc2.39 x86_64\nkilosort.run_kilosort: x86_64\nkilosort.run_kilosort: Using GPU for PyTorch computations. Specify `device` to change this.\nkilosort.run_kilosort: Using CUDA device: NVIDIA A100-SXM4-40GB 39.49GB\nkilosort.run_kilosort: ----------------------------------------\nkilosort.run_kilosort: Sorting /ceph/mrsic_flogel/public/projects/BeJG_20230130_VisDetect/wEPhys/BG_046/concat_sort/shank_split/BG_046_14082025/... (multiple files)\nkilosort.run_kilosort: Interpreting binary file as default dtype=\'int16\'. If data was saved in a different format, specify `data_dtype`.\nkilosort.run_kilosort: Encountered error in `run_kilosort`:\nTraceback (most recent call last):\n  File ""/ceph/mrsic_flogel/public/projects/BeJG_20230130_VisDetect/con', 'Starting Kilosort 4 at 17:58:02 ...\n\n  !!! CUDA/Runtime ERROR in Window 21 Shank 3 !!!\n  RuntimeError: CUDA error: CUDA-capable device(s) is/are busy or unavailable\nCUDA kernel errors might be asynchronously reported at some other API call, so the stacktrace below might be incorrect.', '!!! CUDA/Runtime ERROR in Window 21 Shank 3 !!!\n  RuntimeError: CUDA error: CUDA-capable device(s) is/are busy or unavailable\nCUDA kernel errors might be asynchronously reported at some other API call, so the stacktrace below might be incorrect.\nFor debugging consider passing CUDA_LAUNCH_BLOCKING=1', '!!! CUDA/Runtime ERROR in Window 21 Shank 3 !!!\n  RuntimeError: CUDA error: CUDA-capable device(s) is/are busy or unavailable\nCUDA kernel errors might be asynchronously reported at some other API call, so the stacktrace below might be incorrect.\nFor debugging consider passing CUDA_LAUNCH_BLOCKING=1\nCompile with `TORCH_USE_CUDA_DSA` to enable device-side assertions.', 'kilosort.run_kilosort: Sorting /ceph/mrsic_flogel/public/projects/BeJG_20230130_VisDetect/wEPhys/BG_046/concat_sort/shank_split/BG_046_14082025/... (multiple files)\nkilosort.run_kilosort: Interpreting binary file as default dtype=\'int16\'. If data was saved in a different format, specify `data_dtype`.\nkilosort.run_kilosort: Encountered error in `run_kilosort`:\nTraceback (most recent call last):\n  File ""/ceph/mrsic_flogel/public/projects/BeJG_20230130_VisDetect/conda_envs/kilosort4/lib/python3.11/site-packages/kilosort/run_kilosort.py"", line 263, in _sort', 'return torch.cuda.cudart().cudaMemGetInfo(device)\n           ^^^^^^^^^^^^^^^^^^^^^^^^^^^^^^^^^^^^^^^^^^\nRuntimeError: CUDA error: CUDA-capable device(s) is/are busy or unavailable\nCUDA kernel errors might be asynchronously reported at some other API call, so the stacktrace below might be incorrect.\nFor debugging consider passing CUDA_LAUNCH_BLOCKING=1', '^^^^^^^^^^^^^^^^^^^^^^^^^^^^^^^^^^^^^^^^^^\nRuntimeError: CUDA error: CUDA-capable device(s) is/are busy or unavailable\nCUDA kernel errors might be asynchronously reported at some other API call, so the stacktrace below might be incorrect.\nFor debugging consider passing CUDA_LAUNCH_BLOCKING=1\nCompile with `TORCH_USE_CUDA_DSA` to enable device-side assertions.', 'return torch.cuda.cudart().cudaMemGetInfo(device)\n           ^^^^^^^^^^^^^^^^^^^^^^^^^^^^^^^^^^^^^^^^^^\nRuntimeError: CUDA error: CUDA-capable device(s) is/are busy or unavailable\nCUDA kernel errors might be asynchronously reported at some other API call, so the stacktrace below might be incorrect.\nFor debugging consider passing CUDA_LAUNCH_BLOCKING=1', '^^^^^^^^^^^^^^^^^^^^^^^^^^^^^^^^^^^^^^^^^^\nRuntimeError: CUDA error: CUDA-capable device(s) is/are busy or unavailable\nCUDA kernel errors might be asynchronously reported at some other API call, so the stacktrace below might be incorrect.\nFor debugging consider passing CUDA_LAUNCH_BLOCKING=1\nCompile with `TORCH_USE_CUDA_DSA` to enable device-side assertions.']",,,"  !!! CUDA/Runtime ERROR in Window 21 Shank 3 !!!
  RuntimeError: CUDA error: CUDA-capable device(s) is/are busy or unavailable
CUDA kernel errors might be asynchronously reported at some other API call, so the stacktrace below might be incorrect.
For debugging consider passing CUDA_LAUNCH_BLOCKING=1
Compile with `TORCH_USE_CUDA_DSA` to enable device-side assertions."
89,True,True,2370,4004,['kilosort_error'],"['STDERR:\nkilosort.run_kilosort: Kilosort version 4.1.1\nkilosort.run_kilosort: Python version 3.11.13\nkilosort.run_kilosort: ----------------------------------------\nkilosort.run_kilosort: System information:\nkilosort.run_kilosort: Linux-6.8.0-106-generic-x86_64-with-glibc2.39 x86_64\nkilosort.run_kilosort: x86_64\nkilosort.run_kilosort: Using GPU for PyTorch computations. Specify `device` to change this.\nkilosort.run_kilosort: Using CUDA device: NVIDIA A100-SXM4-40GB 39.49GB\nkilosort.run_kilosort: ----------------------------------------\nkilosort.run_kilosort: Sorting /ceph/mrsic_flogel/public/projects/BeJG_20230130_VisDetect/wEPhys/BG_046/concat_sort/shank_split/BG_046_15082025/... (multiple files)\nkilosort.run_kilosort: Interpreting binary file as default dtype=\'int16\'. If data was saved in a different format, specify `data_dtype`.\nkilosort.run_kilosort: Encountered error in `run_kilosort`:\nTraceback (most recent call last):\n  File ""/ceph/mrsic_flogel/public/projects/BeJG_20230130_VisDetect/con', 'Starting Kilosort 4 at 17:58:09 ...\n\n  !!! CUDA/Runtime ERROR in Window 22 Shank 0 !!!\n  RuntimeError: CUDA error: CUDA-capable device(s) is/are busy or unavailable\nCUDA kernel errors might be asynchronously reported at some other API call, so the stacktrace below might be incorrect.', '!!! CUDA/Runtime ERROR in Window 22 Shank 0 !!!\n  RuntimeError: CUDA error: CUDA-capable device(s) is/are busy or unavailable\nCUDA kernel errors might be asynchronously reported at some other API call, so the stacktrace below might be incorrect.\nFor debugging consider passing CUDA_LAUNCH_BLOCKING=1', '!!! CUDA/Runtime ERROR in Window 22 Shank 0 !!!\n  RuntimeError: CUDA error: CUDA-capable device(s) is/are busy or unavailable\nCUDA kernel errors might be asynchronously reported at some other API call, so the stacktrace below might be incorrect.\nFor debugging consider passing CUDA_LAUNCH_BLOCKING=1\nCompile with `TORCH_USE_CUDA_DSA` to enable device-side assertions.', 'kilosort.run_kilosort: Sorting /ceph/mrsic_flogel/public/projects/BeJG_20230130_VisDetect/wEPhys/BG_046/concat_sort/shank_split/BG_046_15082025/... (multiple files)\nkilosort.run_kilosort: Interpreting binary file as default dtype=\'int16\'. If data was saved in a different format, specify `data_dtype`.\nkilosort.run_kilosort: Encountered error in `run_kilosort`:\nTraceback (most recent call last):\n  File ""/ceph/mrsic_flogel/public/projects/BeJG_20230130_VisDetect/conda_envs/kilosort4/lib/python3.11/site-packages/kilosort/run_kilosort.py"", line 263, in _sort', 'return torch.cuda.cudart().cudaMemGetInfo(device)\n           ^^^^^^^^^^^^^^^^^^^^^^^^^^^^^^^^^^^^^^^^^^\nRuntimeError: CUDA error: CUDA-capable device(s) is/are busy or unavailable\nCUDA kernel errors might be asynchronously reported at some other API call, so the stacktrace below might be incorrect.\nFor debugging consider passing CUDA_LAUNCH_BLOCKING=1', '^^^^^^^^^^^^^^^^^^^^^^^^^^^^^^^^^^^^^^^^^^\nRuntimeError: CUDA error: CUDA-capable device(s) is/are busy or unavailable\nCUDA kernel errors might be asynchronously reported at some other API call, so the stacktrace below might be incorrect.\nFor debugging consider passing CUDA_LAUNCH_BLOCKING=1\nCompile with `TORCH_USE_CUDA_DSA` to enable device-side assertions.', 'return torch.cuda.cudart().cudaMemGetInfo(device)\n           ^^^^^^^^^^^^^^^^^^^^^^^^^^^^^^^^^^^^^^^^^^\nRuntimeError: CUDA error: CUDA-capable device(s) is/are busy or unavailable\nCUDA kernel errors might be asynchronously reported at some other API call, so the stacktrace below might be incorrect.\nFor debugging consider passing CUDA_LAUNCH_BLOCKING=1', '^^^^^^^^^^^^^^^^^^^^^^^^^^^^^^^^^^^^^^^^^^\nRuntimeError: CUDA error: CUDA-capable device(s) is/are busy or unavailable\nCUDA kernel errors might be asynchronously reported at some other API call, so the stacktrace below might be incorrect.\nFor debugging consider passing CUDA_LAUNCH_BLOCKING=1\nCompile with `TORCH_USE_CUDA_DSA` to enable device-side assertions.']",,,"  !!! CUDA/Runtime ERROR in Window 22 Shank 0 !!!
  RuntimeError: CUDA error: CUDA-capable device(s) is/are busy or unavailable
CUDA kernel errors might be asynchronously reported at some other API call, so the stacktrace below might be incorrect.
For debugging consider passing CUDA_LAUNCH_BLOCKING=1
Compile with `TORCH_USE_CUDA_DSA` to enable device-side assertions."
90,True,True,2370,4004,['kilosort_error'],"['STDERR:\nkilosort.run_kilosort: Kilosort version 4.1.1\nkilosort.run_kilosort: Python version 3.11.13\nkilosort.run_kilosort: ----------------------------------------\nkilosort.run_kilosort: System information:\nkilosort.run_kilosort: Linux-6.8.0-106-generic-x86_64-with-glibc2.39 x86_64\nkilosort.run_kilosort: x86_64\nkilosort.run_kilosort: Using GPU for PyTorch computations. Specify `device` to change this.\nkilosort.run_kilosort: Using CUDA device: NVIDIA A100-SXM4-40GB 39.49GB\nkilosort.run_kilosort: ----------------------------------------\nkilosort.run_kilosort: Sorting /ceph/mrsic_flogel/public/projects/BeJG_20230130_VisDetect/wEPhys/BG_046/concat_sort/shank_split/BG_046_15082025/... (multiple files)\nkilosort.run_kilosort: Interpreting binary file as default dtype=\'int16\'. If data was saved in a different format, specify `data_dtype`.\nkilosort.run_kilosort: Encountered error in `run_kilosort`:\nTraceback (most recent call last):\n  File ""/ceph/mrsic_flogel/public/projects/BeJG_20230130_VisDetect/con', 'Starting Kilosort 4 at 17:58:15 ...\n\n  !!! CUDA/Runtime ERROR in Window 22 Shank 1 !!!\n  RuntimeError: CUDA error: CUDA-capable device(s) is/are busy or unavailable\nCUDA kernel errors might be asynchronously reported at some other API call, so the stacktrace below might be incorrect.', '!!! CUDA/Runtime ERROR in Window 22 Shank 1 !!!\n  RuntimeError: CUDA error: CUDA-capable device(s) is/are busy or unavailable\nCUDA kernel errors might be asynchronously reported at some other API call, so the stacktrace below might be incorrect.\nFor debugging consider passing CUDA_LAUNCH_BLOCKING=1', '!!! CUDA/Runtime ERROR in Window 22 Shank 1 !!!\n  RuntimeError: CUDA error: CUDA-capable device(s) is/are busy or unavailable\nCUDA kernel errors might be asynchronously reported at some other API call, so the stacktrace below might be incorrect.\nFor debugging consider passing CUDA_LAUNCH_BLOCKING=1\nCompile with `TORCH_USE_CUDA_DSA` to enable device-side assertions.', 'kilosort.run_kilosort: Sorting /ceph/mrsic_flogel/public/projects/BeJG_20230130_VisDetect/wEPhys/BG_046/concat_sort/shank_split/BG_046_15082025/... (multiple files)\nkilosort.run_kilosort: Interpreting binary file as default dtype=\'int16\'. If data was saved in a different format, specify `data_dtype`.\nkilosort.run_kilosort: Encountered error in `run_kilosort`:\nTraceback (most recent call last):\n  File ""/ceph/mrsic_flogel/public/projects/BeJG_20230130_VisDetect/conda_envs/kilosort4/lib/python3.11/site-packages/kilosort/run_kilosort.py"", line 263, in _sort', 'return torch.cuda.cudart().cudaMemGetInfo(device)\n           ^^^^^^^^^^^^^^^^^^^^^^^^^^^^^^^^^^^^^^^^^^\nRuntimeError: CUDA error: CUDA-capable device(s) is/are busy or unavailable\nCUDA kernel errors might be asynchronously reported at some other API call, so the stacktrace below might be incorrect.\nFor debugging consider passing CUDA_LAUNCH_BLOCKING=1', '^^^^^^^^^^^^^^^^^^^^^^^^^^^^^^^^^^^^^^^^^^\nRuntimeError: CUDA error: CUDA-capable device(s) is/are busy or unavailable\nCUDA kernel errors might be asynchronously reported at some other API call, so the stacktrace below might be incorrect.\nFor debugging consider passing CUDA_LAUNCH_BLOCKING=1\nCompile with `TORCH_USE_CUDA_DSA` to enable device-side assertions.', 'return torch.cuda.cudart().cudaMemGetInfo(device)\n           ^^^^^^^^^^^^^^^^^^^^^^^^^^^^^^^^^^^^^^^^^^\nRuntimeError: CUDA error: CUDA-capable device(s) is/are busy or unavailable\nCUDA kernel errors might be asynchronously reported at some other API call, so the stacktrace below might be incorrect.\nFor debugging consider passing CUDA_LAUNCH_BLOCKING=1', '^^^^^^^^^^^^^^^^^^^^^^^^^^^^^^^^^^^^^^^^^^\nRuntimeError: CUDA error: CUDA-capable device(s) is/are busy or unavailable\nCUDA kernel errors might be asynchronously reported at some other API call, so the stacktrace below might be incorrect.\nFor debugging consider passing CUDA_LAUNCH_BLOCKING=1\nCompile with `TORCH_USE_CUDA_DSA` to enable device-side assertions.']",,,"  !!! CUDA/Runtime ERROR in Window 22 Shank 1 !!!
  RuntimeError: CUDA error: CUDA-capable device(s) is/are busy or unavailable
CUDA kernel errors might be asynchronously reported at some other API call, so the stacktrace below might be incorrect.
For debugging consider passing CUDA_LAUNCH_BLOCKING=1
Compile with `TORCH_USE_CUDA_DSA` to enable device-side assertions."
91,True,True,2370,4004,['kilosort_error'],"['STDERR:\nkilosort.run_kilosort: Kilosort version 4.1.1\nkilosort.run_kilosort: Python version 3.11.13\nkilosort.run_kilosort: ----------------------------------------\nkilosort.run_kilosort: System information:\nkilosort.run_kilosort: Linux-6.8.0-106-generic-x86_64-with-glibc2.39 x86_64\nkilosort.run_kilosort: x86_64\nkilosort.run_kilosort: Using GPU for PyTorch computations. Specify `device` to change this.\nkilosort.run_kilosort: Using CUDA device: NVIDIA A100-SXM4-40GB 39.49GB\nkilosort.run_kilosort: ----------------------------------------\nkilosort.run_kilosort: Sorting /ceph/mrsic_flogel/public/projects/BeJG_20230130_VisDetect/wEPhys/BG_046/concat_sort/shank_split/BG_046_15082025/... (multiple files)\nkilosort.run_kilosort: Interpreting binary file as default dtype=\'int16\'. If data was saved in a different format, specify `data_dtype`.\nkilosort.run_kilosort: Encountered error in `run_kilosort`:\nTraceback (most recent call last):\n  File ""/ceph/mrsic_flogel/public/projects/BeJG_20230130_VisDetect/con', 'Starting Kilosort 4 at 17:58:21 ...\n\n  !!! CUDA/Runtime ERROR in Window 22 Shank 2 !!!\n  RuntimeError: CUDA error: CUDA-capable device(s) is/are busy or unavailable\nCUDA kernel errors might be asynchronously reported at some other API call, so the stacktrace below might be incorrect.', '!!! CUDA/Runtime ERROR in Window 22 Shank 2 !!!\n  RuntimeError: CUDA error: CUDA-capable device(s) is/are busy or unavailable\nCUDA kernel errors might be asynchronously reported at some other API call, so the stacktrace below might be incorrect.\nFor debugging consider passing CUDA_LAUNCH_BLOCKING=1', '!!! CUDA/Runtime ERROR in Window 22 Shank 2 !!!\n  RuntimeError: CUDA error: CUDA-capable device(s) is/are busy or unavailable\nCUDA kernel errors might be asynchronously reported at some other API call, so the stacktrace below might be incorrect.\nFor debugging consider passing CUDA_LAUNCH_BLOCKING=1\nCompile with `TORCH_USE_CUDA_DSA` to enable device-side assertions.', 'kilosort.run_kilosort: Sorting /ceph/mrsic_flogel/public/projects/BeJG_20230130_VisDetect/wEPhys/BG_046/concat_sort/shank_split/BG_046_15082025/... (multiple files)\nkilosort.run_kilosort: Interpreting binary file as default dtype=\'int16\'. If data was saved in a different format, specify `data_dtype`.\nkilosort.run_kilosort: Encountered error in `run_kilosort`:\nTraceback (most recent call last):\n  File ""/ceph/mrsic_flogel/public/projects/BeJG_20230130_VisDetect/conda_envs/kilosort4/lib/python3.11/site-packages/kilosort/run_kilosort.py"", line 263, in _sort', 'return torch.cuda.cudart().cudaMemGetInfo(device)\n           ^^^^^^^^^^^^^^^^^^^^^^^^^^^^^^^^^^^^^^^^^^\nRuntimeError: CUDA error: CUDA-capable device(s) is/are busy or unavailable\nCUDA kernel errors might be asynchronously reported at some other API call, so the stacktrace below might be incorrect.\nFor debugging consider passing CUDA_LAUNCH_BLOCKING=1', '^^^^^^^^^^^^^^^^^^^^^^^^^^^^^^^^^^^^^^^^^^\nRuntimeError: CUDA error: CUDA-capable device(s) is/are busy or unavailable\nCUDA kernel errors might be asynchronously reported at some other API call, so the stacktrace below might be incorrect.\nFor debugging consider passing CUDA_LAUNCH_BLOCKING=1\nCompile with `TORCH_USE_CUDA_DSA` to enable device-side assertions.', 'return torch.cuda.cudart().cudaMemGetInfo(device)\n           ^^^^^^^^^^^^^^^^^^^^^^^^^^^^^^^^^^^^^^^^^^\nRuntimeError: CUDA error: CUDA-capable device(s) is/are busy or unavailable\nCUDA kernel errors might be asynchronously reported at some other API call, so the stacktrace below might be incorrect.\nFor debugging consider passing CUDA_LAUNCH_BLOCKING=1', '^^^^^^^^^^^^^^^^^^^^^^^^^^^^^^^^^^^^^^^^^^\nRuntimeError: CUDA error: CUDA-capable device(s) is/are busy or unavailable\nCUDA kernel errors might be asynchronously reported at some other API call, so the stacktrace below might be incorrect.\nFor debugging consider passing CUDA_LAUNCH_BLOCKING=1\nCompile with `TORCH_USE_CUDA_DSA` to enable device-side assertions.']",,,"  !!! CUDA/Runtime ERROR in Window 22 Shank 2 !!!
  RuntimeError: CUDA error: CUDA-capable device(s) is/are busy or unavailable
CUDA kernel errors might be asynchronously reported at some other API call, so the stacktrace below might be incorrect.
For debugging consider passing CUDA_LAUNCH_BLOCKING=1
Compile with `TORCH_USE_CUDA_DSA` to enable device-side assertions."
92,True,True,2370,4004,['kilosort_error'],"['STDERR:\nkilosort.run_kilosort: Kilosort version 4.1.1\nkilosort.run_kilosort: Python version 3.11.13\nkilosort.run_kilosort: ----------------------------------------\nkilosort.run_kilosort: System information:\nkilosort.run_kilosort: Linux-6.8.0-106-generic-x86_64-with-glibc2.39 x86_64\nkilosort.run_kilosort: x86_64\nkilosort.run_kilosort: Using GPU for PyTorch computations. Specify `device` to change this.\nkilosort.run_kilosort: Using CUDA device: NVIDIA A100-SXM4-40GB 39.49GB\nkilosort.run_kilosort: ----------------------------------------\nkilosort.run_kilosort: Sorting /ceph/mrsic_flogel/public/projects/BeJG_20230130_VisDetect/wEPhys/BG_046/concat_sort/shank_split/BG_046_15082025/... (multiple files)\nkilosort.run_kilosort: Interpreting binary file as default dtype=\'int16\'. If data was saved in a different format, specify `data_dtype`.\nkilosort.run_kilosort: Encountered error in `run_kilosort`:\nTraceback (most recent call last):\n  File ""/ceph/mrsic_flogel/public/projects/BeJG_20230130_VisDetect/con', 'Starting Kilosort 4 at 17:58:28 ...\n\n  !!! CUDA/Runtime ERROR in Window 22 Shank 3 !!!\n  RuntimeError: CUDA error: CUDA-capable device(s) is/are busy or unavailable\nCUDA kernel errors might be asynchronously reported at some other API call, so the stacktrace below might be incorrect.', '!!! CUDA/Runtime ERROR in Window 22 Shank 3 !!!\n  RuntimeError: CUDA error: CUDA-capable device(s) is/are busy or unavailable\nCUDA kernel errors might be asynchronously reported at some other API call, so the stacktrace below might be incorrect.\nFor debugging consider passing CUDA_LAUNCH_BLOCKING=1', '!!! CUDA/Runtime ERROR in Window 22 Shank 3 !!!\n  RuntimeError: CUDA error: CUDA-capable device(s) is/are busy or unavailable\nCUDA kernel errors might be asynchronously reported at some other API call, so the stacktrace below might be incorrect.\nFor debugging consider passing CUDA_LAUNCH_BLOCKING=1\nCompile with `TORCH_USE_CUDA_DSA` to enable device-side assertions.', 'kilosort.run_kilosort: Sorting /ceph/mrsic_flogel/public/projects/BeJG_20230130_VisDetect/wEPhys/BG_046/concat_sort/shank_split/BG_046_15082025/... (multiple files)\nkilosort.run_kilosort: Interpreting binary file as default dtype=\'int16\'. If data was saved in a different format, specify `data_dtype`.\nkilosort.run_kilosort: Encountered error in `run_kilosort`:\nTraceback (most recent call last):\n  File ""/ceph/mrsic_flogel/public/projects/BeJG_20230130_VisDetect/conda_envs/kilosort4/lib/python3.11/site-packages/kilosort/run_kilosort.py"", line 263, in _sort', 'return torch.cuda.cudart().cudaMemGetInfo(device)\n           ^^^^^^^^^^^^^^^^^^^^^^^^^^^^^^^^^^^^^^^^^^\nRuntimeError: CUDA error: CUDA-capable device(s) is/are busy or unavailable\nCUDA kernel errors might be asynchronously reported at some other API call, so the stacktrace below might be incorrect.\nFor debugging consider passing CUDA_LAUNCH_BLOCKING=1', '^^^^^^^^^^^^^^^^^^^^^^^^^^^^^^^^^^^^^^^^^^\nRuntimeError: CUDA error: CUDA-capable device(s) is/are busy or unavailable\nCUDA kernel errors might be asynchronously reported at some other API call, so the stacktrace below might be incorrect.\nFor debugging consider passing CUDA_LAUNCH_BLOCKING=1\nCompile with `TORCH_USE_CUDA_DSA` to enable device-side assertions.', 'return torch.cuda.cudart().cudaMemGetInfo(device)\n           ^^^^^^^^^^^^^^^^^^^^^^^^^^^^^^^^^^^^^^^^^^\nRuntimeError: CUDA error: CUDA-capable device(s) is/are busy or unavailable\nCUDA kernel errors might be asynchronously reported at some other API call, so the stacktrace below might be incorrect.\nFor debugging consider passing CUDA_LAUNCH_BLOCKING=1', '^^^^^^^^^^^^^^^^^^^^^^^^^^^^^^^^^^^^^^^^^^\nRuntimeError: CUDA error: CUDA-capable device(s) is/are busy or unavailable\nCUDA kernel errors might be asynchronously reported at some other API call, so the stacktrace below might be incorrect.\nFor debugging consider passing CUDA_LAUNCH_BLOCKING=1\nCompile with `TORCH_USE_CUDA_DSA` to enable device-side assertions.']",,,"  !!! CUDA/Runtime ERROR in Window 22 Shank 3 !!!
  RuntimeError: CUDA error: CUDA-capable device(s) is/are busy or unavailable
CUDA kernel errors might be asynchronously reported at some other API call, so the stacktrace below might be incorrect.
For debugging consider passing CUDA_LAUNCH_BLOCKING=1
Compile with `TORCH_USE_CUDA_DSA` to enable device-side assertions."
93,True,True,2370,4004,['kilosort_error'],"['STDERR:\nkilosort.run_kilosort: Kilosort version 4.1.1\nkilosort.run_kilosort: Python version 3.11.13\nkilosort.run_kilosort: ----------------------------------------\nkilosort.run_kilosort: System information:\nkilosort.run_kilosort: Linux-6.8.0-106-generic-x86_64-with-glibc2.39 x86_64\nkilosort.run_kilosort: x86_64\nkilosort.run_kilosort: Using GPU for PyTorch computations. Specify `device` to change this.\nkilosort.run_kilosort: Using CUDA device: NVIDIA A100-SXM4-40GB 39.49GB\nkilosort.run_kilosort: ----------------------------------------\nkilosort.run_kilosort: Sorting /ceph/mrsic_flogel/public/projects/BeJG_20230130_VisDetect/wEPhys/BG_046/concat_sort/shank_split/BG_046_19082025/... (multiple files)\nkilosort.run_kilosort: Interpreting binary file as default dtype=\'int16\'. If data was saved in a different format, specify `data_dtype`.\nkilosort.run_kilosort: Encountered error in `run_kilosort`:\nTraceback (most recent call last):\n  File ""/ceph/mrsic_flogel/public/projects/BeJG_20230130_VisDetect/con', 'Starting Kilosort 4 at 17:58:35 ...\n\n  !!! CUDA/Runtime ERROR in Window 23 Shank 0 !!!\n  RuntimeError: CUDA error: CUDA-capable device(s) is/are busy or unavailable\nCUDA kernel errors might be asynchronously reported at some other API call, so the stacktrace below might be incorrect.', '!!! CUDA/Runtime ERROR in Window 23 Shank 0 !!!\n  RuntimeError: CUDA error: CUDA-capable device(s) is/are busy or unavailable\nCUDA kernel errors might be asynchronously reported at some other API call, so the stacktrace below might be incorrect.\nFor debugging consider passing CUDA_LAUNCH_BLOCKING=1', '!!! CUDA/Runtime ERROR in Window 23 Shank 0 !!!\n  RuntimeError: CUDA error: CUDA-capable device(s) is/are busy or unavailable\nCUDA kernel errors might be asynchronously reported at some other API call, so the stacktrace below might be incorrect.\nFor debugging consider passing CUDA_LAUNCH_BLOCKING=1\nCompile with `TORCH_USE_CUDA_DSA` to enable device-side assertions.', 'kilosort.run_kilosort: Sorting /ceph/mrsic_flogel/public/projects/BeJG_20230130_VisDetect/wEPhys/BG_046/concat_sort/shank_split/BG_046_19082025/... (multiple files)\nkilosort.run_kilosort: Interpreting binary file as default dtype=\'int16\'. If data was saved in a different format, specify `data_dtype`.\nkilosort.run_kilosort: Encountered error in `run_kilosort`:\nTraceback (most recent call last):\n  File ""/ceph/mrsic_flogel/public/projects/BeJG_20230130_VisDetect/conda_envs/kilosort4/lib/python3.11/site-packages/kilosort/run_kilosort.py"", line 263, in _sort', 'return torch.cuda.cudart().cudaMemGetInfo(device)\n           ^^^^^^^^^^^^^^^^^^^^^^^^^^^^^^^^^^^^^^^^^^\nRuntimeError: CUDA error: CUDA-capable device(s) is/are busy or unavailable\nCUDA kernel errors might be asynchronously reported at some other API call, so the stacktrace below might be incorrect.\nFor debugging consider passing CUDA_LAUNCH_BLOCKING=1', '^^^^^^^^^^^^^^^^^^^^^^^^^^^^^^^^^^^^^^^^^^\nRuntimeError: CUDA error: CUDA-capable device(s) is/are busy or unavailable\nCUDA kernel errors might be asynchronously reported at some other API call, so the stacktrace below might be incorrect.\nFor debugging consider passing CUDA_LAUNCH_BLOCKING=1\nCompile with `TORCH_USE_CUDA_DSA` to enable device-side assertions.', 'return torch.cuda.cudart().cudaMemGetInfo(device)\n           ^^^^^^^^^^^^^^^^^^^^^^^^^^^^^^^^^^^^^^^^^^\nRuntimeError: CUDA error: CUDA-capable device(s) is/are busy or unavailable\nCUDA kernel errors might be asynchronously reported at some other API call, so the stacktrace below might be incorrect.\nFor debugging consider passing CUDA_LAUNCH_BLOCKING=1', '^^^^^^^^^^^^^^^^^^^^^^^^^^^^^^^^^^^^^^^^^^\nRuntimeError: CUDA error: CUDA-capable device(s) is/are busy or unavailable\nCUDA kernel errors might be asynchronously reported at some other API call, so the stacktrace below might be incorrect.\nFor debugging consider passing CUDA_LAUNCH_BLOCKING=1\nCompile with `TORCH_USE_CUDA_DSA` to enable device-side assertions.']",,,"  !!! CUDA/Runtime ERROR in Window 23 Shank 0 !!!
  RuntimeError: CUDA error: CUDA-capable device(s) is/are busy or unavailable
CUDA kernel errors might be asynchronously reported at some other API call, so the stacktrace below might be incorrect.
For debugging consider passing CUDA_LAUNCH_BLOCKING=1
Compile with `TORCH_USE_CUDA_DSA` to enable device-side assertions."
94,True,True,2370,4004,['kilosort_error'],"['STDERR:\nkilosort.run_kilosort: Kilosort version 4.1.1\nkilosort.run_kilosort: Python version 3.11.13\nkilosort.run_kilosort: ----------------------------------------\nkilosort.run_kilosort: System information:\nkilosort.run_kilosort: Linux-6.8.0-106-generic-x86_64-with-glibc2.39 x86_64\nkilosort.run_kilosort: x86_64\nkilosort.run_kilosort: Using GPU for PyTorch computations. Specify `device` to change this.\nkilosort.run_kilosort: Using CUDA device: NVIDIA A100-SXM4-40GB 39.49GB\nkilosort.run_kilosort: ----------------------------------------\nkilosort.run_kilosort: Sorting /ceph/mrsic_flogel/public/projects/BeJG_20230130_VisDetect/wEPhys/BG_046/concat_sort/shank_split/BG_046_19082025/... (multiple files)\nkilosort.run_kilosort: Interpreting binary file as default dtype=\'int16\'. If data was saved in a different format, specify `data_dtype`.\nkilosort.run_kilosort: Encountered error in `run_kilosort`:\nTraceback (most recent call last):\n  File ""/ceph/mrsic_flogel/public/projects/BeJG_20230130_VisDetect/con', 'Starting Kilosort 4 at 17:58:40 ...\n\n  !!! CUDA/Runtime ERROR in Window 23 Shank 1 !!!\n  RuntimeError: CUDA error: CUDA-capable device(s) is/are busy or unavailable\nCUDA kernel errors might be asynchronously reported at some other API call, so the stacktrace below might be incorrect.', '!!! CUDA/Runtime ERROR in Window 23 Shank 1 !!!\n  RuntimeError: CUDA error: CUDA-capable device(s) is/are busy or unavailable\nCUDA kernel errors might be asynchronously reported at some other API call, so the stacktrace below might be incorrect.\nFor debugging consider passing CUDA_LAUNCH_BLOCKING=1', '!!! CUDA/Runtime ERROR in Window 23 Shank 1 !!!\n  RuntimeError: CUDA error: CUDA-capable device(s) is/are busy or unavailable\nCUDA kernel errors might be asynchronously reported at some other API call, so the stacktrace below might be incorrect.\nFor debugging consider passing CUDA_LAUNCH_BLOCKING=1\nCompile with `TORCH_USE_CUDA_DSA` to enable device-side assertions.', 'kilosort.run_kilosort: Sorting /ceph/mrsic_flogel/public/projects/BeJG_20230130_VisDetect/wEPhys/BG_046/concat_sort/shank_split/BG_046_19082025/... (multiple files)\nkilosort.run_kilosort: Interpreting binary file as default dtype=\'int16\'. If data was saved in a different format, specify `data_dtype`.\nkilosort.run_kilosort: Encountered error in `run_kilosort`:\nTraceback (most recent call last):\n  File ""/ceph/mrsic_flogel/public/projects/BeJG_20230130_VisDetect/conda_envs/kilosort4/lib/python3.11/site-packages/kilosort/run_kilosort.py"", line 263, in _sort', 'return torch.cuda.cudart().cudaMemGetInfo(device)\n           ^^^^^^^^^^^^^^^^^^^^^^^^^^^^^^^^^^^^^^^^^^\nRuntimeError: CUDA error: CUDA-capable device(s) is/are busy or unavailable\nCUDA kernel errors might be asynchronously reported at some other API call, so the stacktrace below might be incorrect.\nFor debugging consider passing CUDA_LAUNCH_BLOCKING=1', '^^^^^^^^^^^^^^^^^^^^^^^^^^^^^^^^^^^^^^^^^^\nRuntimeError: CUDA error: CUDA-capable device(s) is/are busy or unavailable\nCUDA kernel errors might be asynchronously reported at some other API call, so the stacktrace below might be incorrect.\nFor debugging consider passing CUDA_LAUNCH_BLOCKING=1\nCompile with `TORCH_USE_CUDA_DSA` to enable device-side assertions.', 'return torch.cuda.cudart().cudaMemGetInfo(device)\n           ^^^^^^^^^^^^^^^^^^^^^^^^^^^^^^^^^^^^^^^^^^\nRuntimeError: CUDA error: CUDA-capable device(s) is/are busy or unavailable\nCUDA kernel errors might be asynchronously reported at some other API call, so the stacktrace below might be incorrect.\nFor debugging consider passing CUDA_LAUNCH_BLOCKING=1', '^^^^^^^^^^^^^^^^^^^^^^^^^^^^^^^^^^^^^^^^^^\nRuntimeError: CUDA error: CUDA-capable device(s) is/are busy or unavailable\nCUDA kernel errors might be asynchronously reported at some other API call, so the stacktrace below might be incorrect.\nFor debugging consider passing CUDA_LAUNCH_BLOCKING=1\nCompile with `TORCH_USE_CUDA_DSA` to enable device-side assertions.']",,,"  !!! CUDA/Runtime ERROR in Window 23 Shank 1 !!!
  RuntimeError: CUDA error: CUDA-capable device(s) is/are busy or unavailable
CUDA kernel errors might be asynchronously reported at some other API call, so the stacktrace below might be incorrect.
For debugging consider passing CUDA_LAUNCH_BLOCKING=1
Compile with `TORCH_USE_CUDA_DSA` to enable device-side assertions."
95,True,True,2370,4004,['kilosort_error'],"['STDERR:\nkilosort.run_kilosort: Kilosort version 4.1.1\nkilosort.run_kilosort: Python version 3.11.13\nkilosort.run_kilosort: ----------------------------------------\nkilosort.run_kilosort: System information:\nkilosort.run_kilosort: Linux-6.8.0-106-generic-x86_64-with-glibc2.39 x86_64\nkilosort.run_kilosort: x86_64\nkilosort.run_kilosort: Using GPU for PyTorch computations. Specify `device` to change this.\nkilosort.run_kilosort: Using CUDA device: NVIDIA A100-SXM4-40GB 39.49GB\nkilosort.run_kilosort: ----------------------------------------\nkilosort.run_kilosort: Sorting /ceph/mrsic_flogel/public/projects/BeJG_20230130_VisDetect/wEPhys/BG_046/concat_sort/shank_split/BG_046_19082025/... (multiple files)\nkilosort.run_kilosort: Interpreting binary file as default dtype=\'int16\'. If data was saved in a different format, specify `data_dtype`.\nkilosort.run_kilosort: Encountered error in `run_kilosort`:\nTraceback (most recent call last):\n  File ""/ceph/mrsic_flogel/public/projects/BeJG_20230130_VisDetect/con', 'Starting Kilosort 4 at 17:58:45 ...\n\n  !!! CUDA/Runtime ERROR in Window 23 Shank 2 !!!\n  RuntimeError: CUDA error: CUDA-capable device(s) is/are busy or unavailable\nCUDA kernel errors might be asynchronously reported at some other API call, so the stacktrace below might be incorrect.', '!!! CUDA/Runtime ERROR in Window 23 Shank 2 !!!\n  RuntimeError: CUDA error: CUDA-capable device(s) is/are busy or unavailable\nCUDA kernel errors might be asynchronously reported at some other API call, so the stacktrace below might be incorrect.\nFor debugging consider passing CUDA_LAUNCH_BLOCKING=1', '!!! CUDA/Runtime ERROR in Window 23 Shank 2 !!!\n  RuntimeError: CUDA error: CUDA-capable device(s) is/are busy or unavailable\nCUDA kernel errors might be asynchronously reported at some other API call, so the stacktrace below might be incorrect.\nFor debugging consider passing CUDA_LAUNCH_BLOCKING=1\nCompile with `TORCH_USE_CUDA_DSA` to enable device-side assertions.', 'kilosort.run_kilosort: Sorting /ceph/mrsic_flogel/public/projects/BeJG_20230130_VisDetect/wEPhys/BG_046/concat_sort/shank_split/BG_046_19082025/... (multiple files)\nkilosort.run_kilosort: Interpreting binary file as default dtype=\'int16\'. If data was saved in a different format, specify `data_dtype`.\nkilosort.run_kilosort: Encountered error in `run_kilosort`:\nTraceback (most recent call last):\n  File ""/ceph/mrsic_flogel/public/projects/BeJG_20230130_VisDetect/conda_envs/kilosort4/lib/python3.11/site-packages/kilosort/run_kilosort.py"", line 263, in _sort', 'return torch.cuda.cudart().cudaMemGetInfo(device)\n           ^^^^^^^^^^^^^^^^^^^^^^^^^^^^^^^^^^^^^^^^^^\nRuntimeError: CUDA error: CUDA-capable device(s) is/are busy or unavailable\nCUDA kernel errors might be asynchronously reported at some other API call, so the stacktrace below might be incorrect.\nFor debugging consider passing CUDA_LAUNCH_BLOCKING=1', '^^^^^^^^^^^^^^^^^^^^^^^^^^^^^^^^^^^^^^^^^^\nRuntimeError: CUDA error: CUDA-capable device(s) is/are busy or unavailable\nCUDA kernel errors might be asynchronously reported at some other API call, so the stacktrace below might be incorrect.\nFor debugging consider passing CUDA_LAUNCH_BLOCKING=1\nCompile with `TORCH_USE_CUDA_DSA` to enable device-side assertions.', 'return torch.cuda.cudart().cudaMemGetInfo(device)\n           ^^^^^^^^^^^^^^^^^^^^^^^^^^^^^^^^^^^^^^^^^^\nRuntimeError: CUDA error: CUDA-capable device(s) is/are busy or unavailable\nCUDA kernel errors might be asynchronously reported at some other API call, so the stacktrace below might be incorrect.\nFor debugging consider passing CUDA_LAUNCH_BLOCKING=1', '^^^^^^^^^^^^^^^^^^^^^^^^^^^^^^^^^^^^^^^^^^\nRuntimeError: CUDA error: CUDA-capable device(s) is/are busy or unavailable\nCUDA kernel errors might be asynchronously reported at some other API call, so the stacktrace below might be incorrect.\nFor debugging consider passing CUDA_LAUNCH_BLOCKING=1\nCompile with `TORCH_USE_CUDA_DSA` to enable device-side assertions.']",,,"  !!! CUDA/Runtime ERROR in Window 23 Shank 2 !!!
  RuntimeError: CUDA error: CUDA-capable device(s) is/are busy or unavailable
CUDA kernel errors might be asynchronously reported at some other API call, so the stacktrace below might be incorrect.
For debugging consider passing CUDA_LAUNCH_BLOCKING=1
Compile with `TORCH_USE_CUDA_DSA` to enable device-side assertions."
96,True,True,2370,4004,['kilosort_error'],"['STDERR:\nkilosort.run_kilosort: Kilosort version 4.1.1\nkilosort.run_kilosort: Python version 3.11.13\nkilosort.run_kilosort: ----------------------------------------\nkilosort.run_kilosort: System information:\nkilosort.run_kilosort: Linux-6.8.0-106-generic-x86_64-with-glibc2.39 x86_64\nkilosort.run_kilosort: x86_64\nkilosort.run_kilosort: Using GPU for PyTorch computations. Specify `device` to change this.\nkilosort.run_kilosort: Using CUDA device: NVIDIA A100-SXM4-40GB 39.49GB\nkilosort.run_kilosort: ----------------------------------------\nkilosort.run_kilosort: Sorting /ceph/mrsic_flogel/public/projects/BeJG_20230130_VisDetect/wEPhys/BG_046/concat_sort/shank_split/BG_046_19082025/... (multiple files)\nkilosort.run_kilosort: Interpreting binary file as default dtype=\'int16\'. If data was saved in a different format, specify `data_dtype`.\nkilosort.run_kilosort: Encountered error in `run_kilosort`:\nTraceback (most recent call last):\n  File ""/ceph/mrsic_flogel/public/projects/BeJG_20230130_VisDetect/con', 'Starting Kilosort 4 at 17:58:52 ...\n\n  !!! CUDA/Runtime ERROR in Window 23 Shank 3 !!!\n  RuntimeError: CUDA error: CUDA-capable device(s) is/are busy or unavailable\nCUDA kernel errors might be asynchronously reported at some other API call, so the stacktrace below might be incorrect.', '!!! CUDA/Runtime ERROR in Window 23 Shank 3 !!!\n  RuntimeError: CUDA error: CUDA-capable device(s) is/are busy or unavailable\nCUDA kernel errors might be asynchronously reported at some other API call, so the stacktrace below might be incorrect.\nFor debugging consider passing CUDA_LAUNCH_BLOCKING=1', '!!! CUDA/Runtime ERROR in Window 23 Shank 3 !!!\n  RuntimeError: CUDA error: CUDA-capable device(s) is/are busy or unavailable\nCUDA kernel errors might be asynchronously reported at some other API call, so the stacktrace below might be incorrect.\nFor debugging consider passing CUDA_LAUNCH_BLOCKING=1\nCompile with `TORCH_USE_CUDA_DSA` to enable device-side assertions.', 'kilosort.run_kilosort: Sorting /ceph/mrsic_flogel/public/projects/BeJG_20230130_VisDetect/wEPhys/BG_046/concat_sort/shank_split/BG_046_19082025/... (multiple files)\nkilosort.run_kilosort: Interpreting binary file as default dtype=\'int16\'. If data was saved in a different format, specify `data_dtype`.\nkilosort.run_kilosort: Encountered error in `run_kilosort`:\nTraceback (most recent call last):\n  File ""/ceph/mrsic_flogel/public/projects/BeJG_20230130_VisDetect/conda_envs/kilosort4/lib/python3.11/site-packages/kilosort/run_kilosort.py"", line 263, in _sort', 'return torch.cuda.cudart().cudaMemGetInfo(device)\n           ^^^^^^^^^^^^^^^^^^^^^^^^^^^^^^^^^^^^^^^^^^\nRuntimeError: CUDA error: CUDA-capable device(s) is/are busy or unavailable\nCUDA kernel errors might be asynchronously reported at some other API call, so the stacktrace below might be incorrect.\nFor debugging consider passing CUDA_LAUNCH_BLOCKING=1', '^^^^^^^^^^^^^^^^^^^^^^^^^^^^^^^^^^^^^^^^^^\nRuntimeError: CUDA error: CUDA-capable device(s) is/are busy or unavailable\nCUDA kernel errors might be asynchronously reported at some other API call, so the stacktrace below might be incorrect.\nFor debugging consider passing CUDA_LAUNCH_BLOCKING=1\nCompile with `TORCH_USE_CUDA_DSA` to enable device-side assertions.', 'return torch.cuda.cudart().cudaMemGetInfo(device)\n           ^^^^^^^^^^^^^^^^^^^^^^^^^^^^^^^^^^^^^^^^^^\nRuntimeError: CUDA error: CUDA-capable device(s) is/are busy or unavailable\nCUDA kernel errors might be asynchronously reported at some other API call, so the stacktrace below might be incorrect.\nFor debugging consider passing CUDA_LAUNCH_BLOCKING=1', '^^^^^^^^^^^^^^^^^^^^^^^^^^^^^^^^^^^^^^^^^^\nRuntimeError: CUDA error: CUDA-capable device(s) is/are busy or unavailable\nCUDA kernel errors might be asynchronously reported at some other API call, so the stacktrace below might be incorrect.\nFor debugging consider passing CUDA_LAUNCH_BLOCKING=1\nCompile with `TORCH_USE_CUDA_DSA` to enable device-side assertions.']",,,"  !!! CUDA/Runtime ERROR in Window 23 Shank 3 !!!
  RuntimeError: CUDA error: CUDA-capable device(s) is/are busy or unavailable
CUDA kernel errors might be asynchronously reported at some other API call, so the stacktrace below might be incorrect.
For debugging consider passing CUDA_LAUNCH_BLOCKING=1
Compile with `TORCH_USE_CUDA_DSA` to enable device-side assertions."
97,True,True,2370,4004,['kilosort_error'],"['STDERR:\nkilosort.run_kilosort: Kilosort version 4.1.1\nkilosort.run_kilosort: Python version 3.11.13\nkilosort.run_kilosort: ----------------------------------------\nkilosort.run_kilosort: System information:\nkilosort.run_kilosort: Linux-6.8.0-106-generic-x86_64-with-glibc2.39 x86_64\nkilosort.run_kilosort: x86_64\nkilosort.run_kilosort: Using GPU for PyTorch computations. Specify `device` to change this.\nkilosort.run_kilosort: Using CUDA device: NVIDIA A100-SXM4-40GB 39.49GB\nkilosort.run_kilosort: ----------------------------------------\nkilosort.run_kilosort: Sorting /ceph/mrsic_flogel/public/projects/BeJG_20230130_VisDetect/wEPhys/BG_046/concat_sort/shank_split/BG_046_26082025/... (multiple files)\nkilosort.run_kilosort: Interpreting binary file as default dtype=\'int16\'. If data was saved in a different format, specify `data_dtype`.\nkilosort.run_kilosort: Encountered error in `run_kilosort`:\nTraceback (most recent call last):\n  File ""/ceph/mrsic_flogel/public/projects/BeJG_20230130_VisDetect/con', 'Starting Kilosort 4 at 17:58:58 ...\n\n  !!! CUDA/Runtime ERROR in Window 24 Shank 0 !!!\n  RuntimeError: CUDA error: CUDA-capable device(s) is/are busy or unavailable\nCUDA kernel errors might be asynchronously reported at some other API call, so the stacktrace below might be incorrect.', '!!! CUDA/Runtime ERROR in Window 24 Shank 0 !!!\n  RuntimeError: CUDA error: CUDA-capable device(s) is/are busy or unavailable\nCUDA kernel errors might be asynchronously reported at some other API call, so the stacktrace below might be incorrect.\nFor debugging consider passing CUDA_LAUNCH_BLOCKING=1', '!!! CUDA/Runtime ERROR in Window 24 Shank 0 !!!\n  RuntimeError: CUDA error: CUDA-capable device(s) is/are busy or unavailable\nCUDA kernel errors might be asynchronously reported at some other API call, so the stacktrace below might be incorrect.\nFor debugging consider passing CUDA_LAUNCH_BLOCKING=1\nCompile with `TORCH_USE_CUDA_DSA` to enable device-side assertions.', 'kilosort.run_kilosort: Sorting /ceph/mrsic_flogel/public/projects/BeJG_20230130_VisDetect/wEPhys/BG_046/concat_sort/shank_split/BG_046_26082025/... (multiple files)\nkilosort.run_kilosort: Interpreting binary file as default dtype=\'int16\'. If data was saved in a different format, specify `data_dtype`.\nkilosort.run_kilosort: Encountered error in `run_kilosort`:\nTraceback (most recent call last):\n  File ""/ceph/mrsic_flogel/public/projects/BeJG_20230130_VisDetect/conda_envs/kilosort4/lib/python3.11/site-packages/kilosort/run_kilosort.py"", line 263, in _sort', 'return torch.cuda.cudart().cudaMemGetInfo(device)\n           ^^^^^^^^^^^^^^^^^^^^^^^^^^^^^^^^^^^^^^^^^^\nRuntimeError: CUDA error: CUDA-capable device(s) is/are busy or unavailable\nCUDA kernel errors might be asynchronously reported at some other API call, so the stacktrace below might be incorrect.\nFor debugging consider passing CUDA_LAUNCH_BLOCKING=1', '^^^^^^^^^^^^^^^^^^^^^^^^^^^^^^^^^^^^^^^^^^\nRuntimeError: CUDA error: CUDA-capable device(s) is/are busy or unavailable\nCUDA kernel errors might be asynchronously reported at some other API call, so the stacktrace below might be incorrect.\nFor debugging consider passing CUDA_LAUNCH_BLOCKING=1\nCompile with `TORCH_USE_CUDA_DSA` to enable device-side assertions.', 'return torch.cuda.cudart().cudaMemGetInfo(device)\n           ^^^^^^^^^^^^^^^^^^^^^^^^^^^^^^^^^^^^^^^^^^\nRuntimeError: CUDA error: CUDA-capable device(s) is/are busy or unavailable\nCUDA kernel errors might be asynchronously reported at some other API call, so the stacktrace below might be incorrect.\nFor debugging consider passing CUDA_LAUNCH_BLOCKING=1', '^^^^^^^^^^^^^^^^^^^^^^^^^^^^^^^^^^^^^^^^^^\nRuntimeError: CUDA error: CUDA-capable device(s) is/are busy or unavailable\nCUDA kernel errors might be asynchronously reported at some other API call, so the stacktrace below might be incorrect.\nFor debugging consider passing CUDA_LAUNCH_BLOCKING=1\nCompile with `TORCH_USE_CUDA_DSA` to enable device-side assertions.']",,,"  !!! CUDA/Runtime ERROR in Window 24 Shank 0 !!!
  RuntimeError: CUDA error: CUDA-capable device(s) is/are busy or unavailable
CUDA kernel errors might be asynchronously reported at some other API call, so the stacktrace below might be incorrect.
For debugging consider passing CUDA_LAUNCH_BLOCKING=1
Compile with `TORCH_USE_CUDA_DSA` to enable device-side assertions."
98,True,True,2370,4004,['kilosort_error'],"['STDERR:\nkilosort.run_kilosort: Kilosort version 4.1.1\nkilosort.run_kilosort: Python version 3.11.13\nkilosort.run_kilosort: ----------------------------------------\nkilosort.run_kilosort: System information:\nkilosort.run_kilosort: Linux-6.8.0-106-generic-x86_64-with-glibc2.39 x86_64\nkilosort.run_kilosort: x86_64\nkilosort.run_kilosort: Using GPU for PyTorch computations. Specify `device` to change this.\nkilosort.run_kilosort: Using CUDA device: NVIDIA A100-SXM4-40GB 39.49GB\nkilosort.run_kilosort: ----------------------------------------\nkilosort.run_kilosort: Sorting /ceph/mrsic_flogel/public/projects/BeJG_20230130_VisDetect/wEPhys/BG_046/concat_sort/shank_split/BG_046_26082025/... (multiple files)\nkilosort.run_kilosort: Interpreting binary file as default dtype=\'int16\'. If data was saved in a different format, specify `data_dtype`.\nkilosort.run_kilosort: Encountered error in `run_kilosort`:\nTraceback (most recent call last):\n  File ""/ceph/mrsic_flogel/public/projects/BeJG_20230130_VisDetect/con', 'Starting Kilosort 4 at 17:59:04 ...\n\n  !!! CUDA/Runtime ERROR in Window 24 Shank 1 !!!\n  RuntimeError: CUDA error: CUDA-capable device(s) is/are busy or unavailable\nCUDA kernel errors might be asynchronously reported at some other API call, so the stacktrace below might be incorrect.', '!!! CUDA/Runtime ERROR in Window 24 Shank 1 !!!\n  RuntimeError: CUDA error: CUDA-capable device(s) is/are busy or unavailable\nCUDA kernel errors might be asynchronously reported at some other API call, so the stacktrace below might be incorrect.\nFor debugging consider passing CUDA_LAUNCH_BLOCKING=1', '!!! CUDA/Runtime ERROR in Window 24 Shank 1 !!!\n  RuntimeError: CUDA error: CUDA-capable device(s) is/are busy or unavailable\nCUDA kernel errors might be asynchronously reported at some other API call, so the stacktrace below might be incorrect.\nFor debugging consider passing CUDA_LAUNCH_BLOCKING=1\nCompile with `TORCH_USE_CUDA_DSA` to enable device-side assertions.', 'kilosort.run_kilosort: Sorting /ceph/mrsic_flogel/public/projects/BeJG_20230130_VisDetect/wEPhys/BG_046/concat_sort/shank_split/BG_046_26082025/... (multiple files)\nkilosort.run_kilosort: Interpreting binary file as default dtype=\'int16\'. If data was saved in a different format, specify `data_dtype`.\nkilosort.run_kilosort: Encountered error in `run_kilosort`:\nTraceback (most recent call last):\n  File ""/ceph/mrsic_flogel/public/projects/BeJG_20230130_VisDetect/conda_envs/kilosort4/lib/python3.11/site-packages/kilosort/run_kilosort.py"", line 263, in _sort', 'return torch.cuda.cudart().cudaMemGetInfo(device)\n           ^^^^^^^^^^^^^^^^^^^^^^^^^^^^^^^^^^^^^^^^^^\nRuntimeError: CUDA error: CUDA-capable device(s) is/are busy or unavailable\nCUDA kernel errors might be asynchronously reported at some other API call, so the stacktrace below might be incorrect.\nFor debugging consider passing CUDA_LAUNCH_BLOCKING=1', '^^^^^^^^^^^^^^^^^^^^^^^^^^^^^^^^^^^^^^^^^^\nRuntimeError: CUDA error: CUDA-capable device(s) is/are busy or unavailable\nCUDA kernel errors might be asynchronously reported at some other API call, so the stacktrace below might be incorrect.\nFor debugging consider passing CUDA_LAUNCH_BLOCKING=1\nCompile with `TORCH_USE_CUDA_DSA` to enable device-side assertions.', 'return torch.cuda.cudart().cudaMemGetInfo(device)\n           ^^^^^^^^^^^^^^^^^^^^^^^^^^^^^^^^^^^^^^^^^^\nRuntimeError: CUDA error: CUDA-capable device(s) is/are busy or unavailable\nCUDA kernel errors might be asynchronously reported at some other API call, so the stacktrace below might be incorrect.\nFor debugging consider passing CUDA_LAUNCH_BLOCKING=1', '^^^^^^^^^^^^^^^^^^^^^^^^^^^^^^^^^^^^^^^^^^\nRuntimeError: CUDA error: CUDA-capable device(s) is/are busy or unavailable\nCUDA kernel errors might be asynchronously reported at some other API call, so the stacktrace below might be incorrect.\nFor debugging consider passing CUDA_LAUNCH_BLOCKING=1\nCompile with `TORCH_USE_CUDA_DSA` to enable device-side assertions.']",,,"  !!! CUDA/Runtime ERROR in Window 24 Shank 1 !!!
  RuntimeError: CUDA error: CUDA-capable device(s) is/are busy or unavailable
CUDA kernel errors might be asynchronously reported at some other API call, so the stacktrace below might be incorrect.
For debugging consider passing CUDA_LAUNCH_BLOCKING=1
Compile with `TORCH_USE_CUDA_DSA` to enable device-side assertions."
99,True,True,2370,4004,['kilosort_error'],"['STDERR:\nkilosort.run_kilosort: Kilosort version 4.1.1\nkilosort.run_kilosort: Python version 3.11.13\nkilosort.run_kilosort: ----------------------------------------\nkilosort.run_kilosort: System information:\nkilosort.run_kilosort: Linux-6.8.0-106-generic-x86_64-with-glibc2.39 x86_64\nkilosort.run_kilosort: x86_64\nkilosort.run_kilosort: Using GPU for PyTorch computations. Specify `device` to change this.\nkilosort.run_kilosort: Using CUDA device: NVIDIA A100-SXM4-40GB 39.49GB\nkilosort.run_kilosort: ----------------------------------------\nkilosort.run_kilosort: Sorting /ceph/mrsic_flogel/public/projects/BeJG_20230130_VisDetect/wEPhys/BG_046/concat_sort/shank_split/BG_046_26082025/... (multiple files)\nkilosort.run_kilosort: Interpreting binary file as default dtype=\'int16\'. If data was saved in a different format, specify `data_dtype`.\nkilosort.run_kilosort: Encountered error in `run_kilosort`:\nTraceback (most recent call last):\n  File ""/ceph/mrsic_flogel/public/projects/BeJG_20230130_VisDetect/con', 'Starting Kilosort 4 at 17:59:09 ...\n\n  !!! CUDA/Runtime ERROR in Window 24 Shank 2 !!!\n  RuntimeError: CUDA error: CUDA-capable device(s) is/are busy or unavailable\nCUDA kernel errors might be asynchronously reported at some other API call, so the stacktrace below might be incorrect.', '!!! CUDA/Runtime ERROR in Window 24 Shank 2 !!!\n  RuntimeError: CUDA error: CUDA-capable device(s) is/are busy or unavailable\nCUDA kernel errors might be asynchronously reported at some other API call, so the stacktrace below might be incorrect.\nFor debugging consider passing CUDA_LAUNCH_BLOCKING=1', '!!! CUDA/Runtime ERROR in Window 24 Shank 2 !!!\n  RuntimeError: CUDA error: CUDA-capable device(s) is/are busy or unavailable\nCUDA kernel errors might be asynchronously reported at some other API call, so the stacktrace below might be incorrect.\nFor debugging consider passing CUDA_LAUNCH_BLOCKING=1\nCompile with `TORCH_USE_CUDA_DSA` to enable device-side assertions.', 'kilosort.run_kilosort: Sorting /ceph/mrsic_flogel/public/projects/BeJG_20230130_VisDetect/wEPhys/BG_046/concat_sort/shank_split/BG_046_26082025/... (multiple files)\nkilosort.run_kilosort: Interpreting binary file as default dtype=\'int16\'. If data was saved in a different format, specify `data_dtype`.\nkilosort.run_kilosort: Encountered error in `run_kilosort`:\nTraceback (most recent call last):\n  File ""/ceph/mrsic_flogel/public/projects/BeJG_20230130_VisDetect/conda_envs/kilosort4/lib/python3.11/site-packages/kilosort/run_kilosort.py"", line 263, in _sort', 'return torch.cuda.cudart().cudaMemGetInfo(device)\n           ^^^^^^^^^^^^^^^^^^^^^^^^^^^^^^^^^^^^^^^^^^\nRuntimeError: CUDA error: CUDA-capable device(s) is/are busy or unavailable\nCUDA kernel errors might be asynchronously reported at some other API call, so the stacktrace below might be incorrect.\nFor debugging consider passing CUDA_LAUNCH_BLOCKING=1', '^^^^^^^^^^^^^^^^^^^^^^^^^^^^^^^^^^^^^^^^^^\nRuntimeError: CUDA error: CUDA-capable device(s) is/are busy or unavailable\nCUDA kernel errors might be asynchronously reported at some other API call, so the stacktrace below might be incorrect.\nFor debugging consider passing CUDA_LAUNCH_BLOCKING=1\nCompile with `TORCH_USE_CUDA_DSA` to enable device-side assertions.', 'return torch.cuda.cudart().cudaMemGetInfo(device)\n           ^^^^^^^^^^^^^^^^^^^^^^^^^^^^^^^^^^^^^^^^^^\nRuntimeError: CUDA error: CUDA-capable device(s) is/are busy or unavailable\nCUDA kernel errors might be asynchronously reported at some other API call, so the stacktrace below might be incorrect.\nFor debugging consider passing CUDA_LAUNCH_BLOCKING=1', '^^^^^^^^^^^^^^^^^^^^^^^^^^^^^^^^^^^^^^^^^^\nRuntimeError: CUDA error: CUDA-capable device(s) is/are busy or unavailable\nCUDA kernel errors might be asynchronously reported at some other API call, so the stacktrace below might be incorrect.\nFor debugging consider passing CUDA_LAUNCH_BLOCKING=1\nCompile with `TORCH_USE_CUDA_DSA` to enable device-side assertions.']",,,"  !!! CUDA/Runtime ERROR in Window 24 Shank 2 !!!
  RuntimeError: CUDA error: CUDA-capable device(s) is/are busy or unavailable
CUDA kernel errors might be asynchronously reported at some other API call, so the stacktrace below might be incorrect.
For debugging consider passing CUDA_LAUNCH_BLOCKING=1
Compile with `TORCH_USE_CUDA_DSA` to enable device-side assertions."
100,True,True,2372,4004,['kilosort_error'],"['STDERR:\nkilosort.run_kilosort: Kilosort version 4.1.1\nkilosort.run_kilosort: Python version 3.11.13\nkilosort.run_kilosort: ----------------------------------------\nkilosort.run_kilosort: System information:\nkilosort.run_kilosort: Linux-6.8.0-106-generic-x86_64-with-glibc2.39 x86_64\nkilosort.run_kilosort: x86_64\nkilosort.run_kilosort: Using GPU for PyTorch computations. Specify `device` to change this.\nkilosort.run_kilosort: Using CUDA device: NVIDIA A100-SXM4-40GB 39.49GB\nkilosort.run_kilosort: ----------------------------------------\nkilosort.run_kilosort: Sorting /ceph/mrsic_flogel/public/projects/BeJG_20230130_VisDetect/wEPhys/BG_046/concat_sort/shank_split/BG_046_26082025/... (multiple files)\nkilosort.run_kilosort: Interpreting binary file as default dtype=\'int16\'. If data was saved in a different format, specify `data_dtype`.\nkilosort.run_kilosort: Encountered error in `run_kilosort`:\nTraceback (most recent call last):\n  File ""/ceph/mrsic_flogel/public/projects/BeJG_20230130_VisDetect/con', 'Starting Kilosort 4 at 17:59:14 ...\n\n  !!! CUDA/Runtime ERROR in Window 24 Shank 3 !!!\n  RuntimeError: CUDA error: CUDA-capable device(s) is/are busy or unavailable\nCUDA kernel errors might be asynchronously reported at some other API call, so the stacktrace below might be incorrect.', '!!! CUDA/Runtime ERROR in Window 24 Shank 3 !!!\n  RuntimeError: CUDA error: CUDA-capable device(s) is/are busy or unavailable\nCUDA kernel errors might be asynchronously reported at some other API call, so the stacktrace below might be incorrect.\nFor debugging consider passing CUDA_LAUNCH_BLOCKING=1', '!!! CUDA/Runtime ERROR in Window 24 Shank 3 !!!\n  RuntimeError: CUDA error: CUDA-capable device(s) is/are busy or unavailable\nCUDA kernel errors might be asynchronously reported at some other API call, so the stacktrace below might be incorrect.\nFor debugging consider passing CUDA_LAUNCH_BLOCKING=1\nCompile with `TORCH_USE_CUDA_DSA` to enable device-side assertions.', 'kilosort.run_kilosort: Sorting /ceph/mrsic_flogel/public/projects/BeJG_20230130_VisDetect/wEPhys/BG_046/concat_sort/shank_split/BG_046_26082025/... (multiple files)\nkilosort.run_kilosort: Interpreting binary file as default dtype=\'int16\'. If data was saved in a different format, specify `data_dtype`.\nkilosort.run_kilosort: Encountered error in `run_kilosort`:\nTraceback (most recent call last):\n  File ""/ceph/mrsic_flogel/public/projects/BeJG_20230130_VisDetect/conda_envs/kilosort4/lib/python3.11/site-packages/kilosort/run_kilosort.py"", line 263, in _sort', 'return torch.cuda.cudart().cudaMemGetInfo(device)\n           ^^^^^^^^^^^^^^^^^^^^^^^^^^^^^^^^^^^^^^^^^^\nRuntimeError: CUDA error: CUDA-capable device(s) is/are busy or unavailable\nCUDA kernel errors might be asynchronously reported at some other API call, so the stacktrace below might be incorrect.\nFor debugging consider passing CUDA_LAUNCH_BLOCKING=1', '^^^^^^^^^^^^^^^^^^^^^^^^^^^^^^^^^^^^^^^^^^\nRuntimeError: CUDA error: CUDA-capable device(s) is/are busy or unavailable\nCUDA kernel errors might be asynchronously reported at some other API call, so the stacktrace below might be incorrect.\nFor debugging consider passing CUDA_LAUNCH_BLOCKING=1\nCompile with `TORCH_USE_CUDA_DSA` to enable device-side assertions.', 'return torch.cuda.cudart().cudaMemGetInfo(device)\n           ^^^^^^^^^^^^^^^^^^^^^^^^^^^^^^^^^^^^^^^^^^\nRuntimeError: CUDA error: CUDA-capable device(s) is/are busy or unavailable\nCUDA kernel errors might be asynchronously reported at some other API call, so the stacktrace below might be incorrect.\nFor debugging consider passing CUDA_LAUNCH_BLOCKING=1', '^^^^^^^^^^^^^^^^^^^^^^^^^^^^^^^^^^^^^^^^^^\nRuntimeError: CUDA error: CUDA-capable device(s) is/are busy or unavailable\nCUDA kernel errors might be asynchronously reported at some other API call, so the stacktrace below might be incorrect.\nFor debugging consider passing CUDA_LAUNCH_BLOCKING=1\nCompile with `TORCH_USE_CUDA_DSA` to enable device-side assertions.']",,,"  !!! CUDA/Runtime ERROR in Window 24 Shank 3 !!!
  RuntimeError: CUDA error: CUDA-capable device(s) is/are busy or unavailable
CUDA kernel errors might be asynchronously reported at some other API call, so the stacktrace below might be incorrect.
For debugging consider passing CUDA_LAUNCH_BLOCKING=1
Compile with `TORCH_USE_CUDA_DSA` to enable device-side assertions."
101,True,True,2372,4004,['kilosort_error'],"['STDERR:\nkilosort.run_kilosort: Kilosort version 4.1.1\nkilosort.run_kilosort: Python version 3.11.13\nkilosort.run_kilosort: ----------------------------------------\nkilosort.run_kilosort: System information:\nkilosort.run_kilosort: Linux-6.8.0-106-generic-x86_64-with-glibc2.39 x86_64\nkilosort.run_kilosort: x86_64\nkilosort.run_kilosort: Using GPU for PyTorch computations. Specify `device` to change this.\nkilosort.run_kilosort: Using CUDA device: NVIDIA A100-SXM4-40GB 39.49GB\nkilosort.run_kilosort: ----------------------------------------\nkilosort.run_kilosort: Sorting /ceph/mrsic_flogel/public/projects/BeJG_20230130_VisDetect/wEPhys/BG_046/concat_sort/shank_split/BG_046_27082025/... (multiple files)\nkilosort.run_kilosort: Interpreting binary file as default dtype=\'int16\'. If data was saved in a different format, specify `data_dtype`.\nkilosort.run_kilosort: Encountered error in `run_kilosort`:\nTraceback (most recent call last):\n  File ""/ceph/mrsic_flogel/public/projects/BeJG_20230130_VisDetect/con', 'Starting Kilosort 4 at 17:59:21 ...\n\n  !!! CUDA/Runtime ERROR in Window 25 Shank 0 !!!\n  RuntimeError: CUDA error: CUDA-capable device(s) is/are busy or unavailable\nCUDA kernel errors might be asynchronously reported at some other API call, so the stacktrace below might be incorrect.', '!!! CUDA/Runtime ERROR in Window 25 Shank 0 !!!\n  RuntimeError: CUDA error: CUDA-capable device(s) is/are busy or unavailable\nCUDA kernel errors might be asynchronously reported at some other API call, so the stacktrace below might be incorrect.\nFor debugging consider passing CUDA_LAUNCH_BLOCKING=1', '!!! CUDA/Runtime ERROR in Window 25 Shank 0 !!!\n  RuntimeError: CUDA error: CUDA-capable device(s) is/are busy or unavailable\nCUDA kernel errors might be asynchronously reported at some other API call, so the stacktrace below might be incorrect.\nFor debugging consider passing CUDA_LAUNCH_BLOCKING=1\nCompile with `TORCH_USE_CUDA_DSA` to enable device-side assertions.', 'kilosort.run_kilosort: Sorting /ceph/mrsic_flogel/public/projects/BeJG_20230130_VisDetect/wEPhys/BG_046/concat_sort/shank_split/BG_046_27082025/... (multiple files)\nkilosort.run_kilosort: Interpreting binary file as default dtype=\'int16\'. If data was saved in a different format, specify `data_dtype`.\nkilosort.run_kilosort: Encountered error in `run_kilosort`:\nTraceback (most recent call last):\n  File ""/ceph/mrsic_flogel/public/projects/BeJG_20230130_VisDetect/conda_envs/kilosort4/lib/python3.11/site-packages/kilosort/run_kilosort.py"", line 263, in _sort', 'return torch.cuda.cudart().cudaMemGetInfo(device)\n           ^^^^^^^^^^^^^^^^^^^^^^^^^^^^^^^^^^^^^^^^^^\nRuntimeError: CUDA error: CUDA-capable device(s) is/are busy or unavailable\nCUDA kernel errors might be asynchronously reported at some other API call, so the stacktrace below might be incorrect.\nFor debugging consider passing CUDA_LAUNCH_BLOCKING=1', '^^^^^^^^^^^^^^^^^^^^^^^^^^^^^^^^^^^^^^^^^^\nRuntimeError: CUDA error: CUDA-capable device(s) is/are busy or unavailable\nCUDA kernel errors might be asynchronously reported at some other API call, so the stacktrace below might be incorrect.\nFor debugging consider passing CUDA_LAUNCH_BLOCKING=1\nCompile with `TORCH_USE_CUDA_DSA` to enable device-side assertions.', 'return torch.cuda.cudart().cudaMemGetInfo(device)\n           ^^^^^^^^^^^^^^^^^^^^^^^^^^^^^^^^^^^^^^^^^^\nRuntimeError: CUDA error: CUDA-capable device(s) is/are busy or unavailable\nCUDA kernel errors might be asynchronously reported at some other API call, so the stacktrace below might be incorrect.\nFor debugging consider passing CUDA_LAUNCH_BLOCKING=1', '^^^^^^^^^^^^^^^^^^^^^^^^^^^^^^^^^^^^^^^^^^\nRuntimeError: CUDA error: CUDA-capable device(s) is/are busy or unavailable\nCUDA kernel errors might be asynchronously reported at some other API call, so the stacktrace below might be incorrect.\nFor debugging consider passing CUDA_LAUNCH_BLOCKING=1\nCompile with `TORCH_USE_CUDA_DSA` to enable device-side assertions.']",,,"  !!! CUDA/Runtime ERROR in Window 25 Shank 0 !!!
  RuntimeError: CUDA error: CUDA-capable device(s) is/are busy or unavailable
CUDA kernel errors might be asynchronously reported at some other API call, so the stacktrace below might be incorrect.
For debugging consider passing CUDA_LAUNCH_BLOCKING=1
Compile with `TORCH_USE_CUDA_DSA` to enable device-side assertions."
102,True,True,2372,4004,['kilosort_error'],"['STDERR:\nkilosort.run_kilosort: Kilosort version 4.1.1\nkilosort.run_kilosort: Python version 3.11.13\nkilosort.run_kilosort: ----------------------------------------\nkilosort.run_kilosort: System information:\nkilosort.run_kilosort: Linux-6.8.0-106-generic-x86_64-with-glibc2.39 x86_64\nkilosort.run_kilosort: x86_64\nkilosort.run_kilosort: Using GPU for PyTorch computations. Specify `device` to change this.\nkilosort.run_kilosort: Using CUDA device: NVIDIA A100-SXM4-40GB 39.49GB\nkilosort.run_kilosort: ----------------------------------------\nkilosort.run_kilosort: Sorting /ceph/mrsic_flogel/public/projects/BeJG_20230130_VisDetect/wEPhys/BG_046/concat_sort/shank_split/BG_046_27082025/... (multiple files)\nkilosort.run_kilosort: Interpreting binary file as default dtype=\'int16\'. If data was saved in a different format, specify `data_dtype`.\nkilosort.run_kilosort: Encountered error in `run_kilosort`:\nTraceback (most recent call last):\n  File ""/ceph/mrsic_flogel/public/projects/BeJG_20230130_VisDetect/con', 'Starting Kilosort 4 at 17:59:28 ...\n\n  !!! CUDA/Runtime ERROR in Window 25 Shank 1 !!!\n  RuntimeError: CUDA error: CUDA-capable device(s) is/are busy or unavailable\nCUDA kernel errors might be asynchronously reported at some other API call, so the stacktrace below might be incorrect.', '!!! CUDA/Runtime ERROR in Window 25 Shank 1 !!!\n  RuntimeError: CUDA error: CUDA-capable device(s) is/are busy or unavailable\nCUDA kernel errors might be asynchronously reported at some other API call, so the stacktrace below might be incorrect.\nFor debugging consider passing CUDA_LAUNCH_BLOCKING=1', '!!! CUDA/Runtime ERROR in Window 25 Shank 1 !!!\n  RuntimeError: CUDA error: CUDA-capable device(s) is/are busy or unavailable\nCUDA kernel errors might be asynchronously reported at some other API call, so the stacktrace below might be incorrect.\nFor debugging consider passing CUDA_LAUNCH_BLOCKING=1\nCompile with `TORCH_USE_CUDA_DSA` to enable device-side assertions.', 'kilosort.run_kilosort: Sorting /ceph/mrsic_flogel/public/projects/BeJG_20230130_VisDetect/wEPhys/BG_046/concat_sort/shank_split/BG_046_27082025/... (multiple files)\nkilosort.run_kilosort: Interpreting binary file as default dtype=\'int16\'. If data was saved in a different format, specify `data_dtype`.\nkilosort.run_kilosort: Encountered error in `run_kilosort`:\nTraceback (most recent call last):\n  File ""/ceph/mrsic_flogel/public/projects/BeJG_20230130_VisDetect/conda_envs/kilosort4/lib/python3.11/site-packages/kilosort/run_kilosort.py"", line 263, in _sort', 'return torch.cuda.cudart().cudaMemGetInfo(device)\n           ^^^^^^^^^^^^^^^^^^^^^^^^^^^^^^^^^^^^^^^^^^\nRuntimeError: CUDA error: CUDA-capable device(s) is/are busy or unavailable\nCUDA kernel errors might be asynchronously reported at some other API call, so the stacktrace below might be incorrect.\nFor debugging consider passing CUDA_LAUNCH_BLOCKING=1', '^^^^^^^^^^^^^^^^^^^^^^^^^^^^^^^^^^^^^^^^^^\nRuntimeError: CUDA error: CUDA-capable device(s) is/are busy or unavailable\nCUDA kernel errors might be asynchronously reported at some other API call, so the stacktrace below might be incorrect.\nFor debugging consider passing CUDA_LAUNCH_BLOCKING=1\nCompile with `TORCH_USE_CUDA_DSA` to enable device-side assertions.', 'return torch.cuda.cudart().cudaMemGetInfo(device)\n           ^^^^^^^^^^^^^^^^^^^^^^^^^^^^^^^^^^^^^^^^^^\nRuntimeError: CUDA error: CUDA-capable device(s) is/are busy or unavailable\nCUDA kernel errors might be asynchronously reported at some other API call, so the stacktrace below might be incorrect.\nFor debugging consider passing CUDA_LAUNCH_BLOCKING=1', '^^^^^^^^^^^^^^^^^^^^^^^^^^^^^^^^^^^^^^^^^^\nRuntimeError: CUDA error: CUDA-capable device(s) is/are busy or unavailable\nCUDA kernel errors might be asynchronously reported at some other API call, so the stacktrace below might be incorrect.\nFor debugging consider passing CUDA_LAUNCH_BLOCKING=1\nCompile with `TORCH_USE_CUDA_DSA` to enable device-side assertions.']",,,"  !!! CUDA/Runtime ERROR in Window 25 Shank 1 !!!
  RuntimeError: CUDA error: CUDA-capable device(s) is/are busy or unavailable
CUDA kernel errors might be asynchronously reported at some other API call, so the stacktrace below might be incorrect.
For debugging consider passing CUDA_LAUNCH_BLOCKING=1
Compile with `TORCH_USE_CUDA_DSA` to enable device-side assertions."
103,True,True,2372,4004,['kilosort_error'],"['STDERR:\nkilosort.run_kilosort: Kilosort version 4.1.1\nkilosort.run_kilosort: Python version 3.11.13\nkilosort.run_kilosort: ----------------------------------------\nkilosort.run_kilosort: System information:\nkilosort.run_kilosort: Linux-6.8.0-106-generic-x86_64-with-glibc2.39 x86_64\nkilosort.run_kilosort: x86_64\nkilosort.run_kilosort: Using GPU for PyTorch computations. Specify `device` to change this.\nkilosort.run_kilosort: Using CUDA device: NVIDIA A100-SXM4-40GB 39.49GB\nkilosort.run_kilosort: ----------------------------------------\nkilosort.run_kilosort: Sorting /ceph/mrsic_flogel/public/projects/BeJG_20230130_VisDetect/wEPhys/BG_046/concat_sort/shank_split/BG_046_27082025/... (multiple files)\nkilosort.run_kilosort: Interpreting binary file as default dtype=\'int16\'. If data was saved in a different format, specify `data_dtype`.\nkilosort.run_kilosort: Encountered error in `run_kilosort`:\nTraceback (most recent call last):\n  File ""/ceph/mrsic_flogel/public/projects/BeJG_20230130_VisDetect/con', 'Starting Kilosort 4 at 17:59:35 ...\n\n  !!! CUDA/Runtime ERROR in Window 25 Shank 2 !!!\n  RuntimeError: CUDA error: CUDA-capable device(s) is/are busy or unavailable\nCUDA kernel errors might be asynchronously reported at some other API call, so the stacktrace below might be incorrect.', '!!! CUDA/Runtime ERROR in Window 25 Shank 2 !!!\n  RuntimeError: CUDA error: CUDA-capable device(s) is/are busy or unavailable\nCUDA kernel errors might be asynchronously reported at some other API call, so the stacktrace below might be incorrect.\nFor debugging consider passing CUDA_LAUNCH_BLOCKING=1', '!!! CUDA/Runtime ERROR in Window 25 Shank 2 !!!\n  RuntimeError: CUDA error: CUDA-capable device(s) is/are busy or unavailable\nCUDA kernel errors might be asynchronously reported at some other API call, so the stacktrace below might be incorrect.\nFor debugging consider passing CUDA_LAUNCH_BLOCKING=1\nCompile with `TORCH_USE_CUDA_DSA` to enable device-side assertions.', 'kilosort.run_kilosort: Sorting /ceph/mrsic_flogel/public/projects/BeJG_20230130_VisDetect/wEPhys/BG_046/concat_sort/shank_split/BG_046_27082025/... (multiple files)\nkilosort.run_kilosort: Interpreting binary file as default dtype=\'int16\'. If data was saved in a different format, specify `data_dtype`.\nkilosort.run_kilosort: Encountered error in `run_kilosort`:\nTraceback (most recent call last):\n  File ""/ceph/mrsic_flogel/public/projects/BeJG_20230130_VisDetect/conda_envs/kilosort4/lib/python3.11/site-packages/kilosort/run_kilosort.py"", line 263, in _sort', 'return torch.cuda.cudart().cudaMemGetInfo(device)\n           ^^^^^^^^^^^^^^^^^^^^^^^^^^^^^^^^^^^^^^^^^^\nRuntimeError: CUDA error: CUDA-capable device(s) is/are busy or unavailable\nCUDA kernel errors might be asynchronously reported at some other API call, so the stacktrace below might be incorrect.\nFor debugging consider passing CUDA_LAUNCH_BLOCKING=1', '^^^^^^^^^^^^^^^^^^^^^^^^^^^^^^^^^^^^^^^^^^\nRuntimeError: CUDA error: CUDA-capable device(s) is/are busy or unavailable\nCUDA kernel errors might be asynchronously reported at some other API call, so the stacktrace below might be incorrect.\nFor debugging consider passing CUDA_LAUNCH_BLOCKING=1\nCompile with `TORCH_USE_CUDA_DSA` to enable device-side assertions.', 'return torch.cuda.cudart().cudaMemGetInfo(device)\n           ^^^^^^^^^^^^^^^^^^^^^^^^^^^^^^^^^^^^^^^^^^\nRuntimeError: CUDA error: CUDA-capable device(s) is/are busy or unavailable\nCUDA kernel errors might be asynchronously reported at some other API call, so the stacktrace below might be incorrect.\nFor debugging consider passing CUDA_LAUNCH_BLOCKING=1', '^^^^^^^^^^^^^^^^^^^^^^^^^^^^^^^^^^^^^^^^^^\nRuntimeError: CUDA error: CUDA-capable device(s) is/are busy or unavailable\nCUDA kernel errors might be asynchronously reported at some other API call, so the stacktrace below might be incorrect.\nFor debugging consider passing CUDA_LAUNCH_BLOCKING=1\nCompile with `TORCH_USE_CUDA_DSA` to enable device-side assertions.']",,,"  !!! CUDA/Runtime ERROR in Window 25 Shank 2 !!!
  RuntimeError: CUDA error: CUDA-capable device(s) is/are busy or unavailable
CUDA kernel errors might be asynchronously reported at some other API call, so the stacktrace below might be incorrect.
For debugging consider passing CUDA_LAUNCH_BLOCKING=1
Compile with `TORCH_USE_CUDA_DSA` to enable device-side assertions."
104,True,True,2372,4004,['kilosort_error'],"['STDERR:\nkilosort.run_kilosort: Kilosort version 4.1.1\nkilosort.run_kilosort: Python version 3.11.13\nkilosort.run_kilosort: ----------------------------------------\nkilosort.run_kilosort: System information:\nkilosort.run_kilosort: Linux-6.8.0-106-generic-x86_64-with-glibc2.39 x86_64\nkilosort.run_kilosort: x86_64\nkilosort.run_kilosort: Using GPU for PyTorch computations. Specify `device` to change this.\nkilosort.run_kilosort: Using CUDA device: NVIDIA A100-SXM4-40GB 39.49GB\nkilosort.run_kilosort: ----------------------------------------\nkilosort.run_kilosort: Sorting /ceph/mrsic_flogel/public/projects/BeJG_20230130_VisDetect/wEPhys/BG_046/concat_sort/shank_split/BG_046_27082025/... (multiple files)\nkilosort.run_kilosort: Interpreting binary file as default dtype=\'int16\'. If data was saved in a different format, specify `data_dtype`.\nkilosort.run_kilosort: Encountered error in `run_kilosort`:\nTraceback (most recent call last):\n  File ""/ceph/mrsic_flogel/public/projects/BeJG_20230130_VisDetect/con', 'Starting Kilosort 4 at 17:59:42 ...\n\n  !!! CUDA/Runtime ERROR in Window 25 Shank 3 !!!\n  RuntimeError: CUDA error: CUDA-capable device(s) is/are busy or unavailable\nCUDA kernel errors might be asynchronously reported at some other API call, so the stacktrace below might be incorrect.', '!!! CUDA/Runtime ERROR in Window 25 Shank 3 !!!\n  RuntimeError: CUDA error: CUDA-capable device(s) is/are busy or unavailable\nCUDA kernel errors might be asynchronously reported at some other API call, so the stacktrace below might be incorrect.\nFor debugging consider passing CUDA_LAUNCH_BLOCKING=1', '!!! CUDA/Runtime ERROR in Window 25 Shank 3 !!!\n  RuntimeError: CUDA error: CUDA-capable device(s) is/are busy or unavailable\nCUDA kernel errors might be asynchronously reported at some other API call, so the stacktrace below might be incorrect.\nFor debugging consider passing CUDA_LAUNCH_BLOCKING=1\nCompile with `TORCH_USE_CUDA_DSA` to enable device-side assertions.', 'kilosort.run_kilosort: Sorting /ceph/mrsic_flogel/public/projects/BeJG_20230130_VisDetect/wEPhys/BG_046/concat_sort/shank_split/BG_046_27082025/... (multiple files)\nkilosort.run_kilosort: Interpreting binary file as default dtype=\'int16\'. If data was saved in a different format, specify `data_dtype`.\nkilosort.run_kilosort: Encountered error in `run_kilosort`:\nTraceback (most recent call last):\n  File ""/ceph/mrsic_flogel/public/projects/BeJG_20230130_VisDetect/conda_envs/kilosort4/lib/python3.11/site-packages/kilosort/run_kilosort.py"", line 263, in _sort', 'return torch.cuda.cudart().cudaMemGetInfo(device)\n           ^^^^^^^^^^^^^^^^^^^^^^^^^^^^^^^^^^^^^^^^^^\nRuntimeError: CUDA error: CUDA-capable device(s) is/are busy or unavailable\nCUDA kernel errors might be asynchronously reported at some other API call, so the stacktrace below might be incorrect.\nFor debugging consider passing CUDA_LAUNCH_BLOCKING=1', '^^^^^^^^^^^^^^^^^^^^^^^^^^^^^^^^^^^^^^^^^^\nRuntimeError: CUDA error: CUDA-capable device(s) is/are busy or unavailable\nCUDA kernel errors might be asynchronously reported at some other API call, so the stacktrace below might be incorrect.\nFor debugging consider passing CUDA_LAUNCH_BLOCKING=1\nCompile with `TORCH_USE_CUDA_DSA` to enable device-side assertions.', 'return torch.cuda.cudart().cudaMemGetInfo(device)\n           ^^^^^^^^^^^^^^^^^^^^^^^^^^^^^^^^^^^^^^^^^^\nRuntimeError: CUDA error: CUDA-capable device(s) is/are busy or unavailable\nCUDA kernel errors might be asynchronously reported at some other API call, so the stacktrace below might be incorrect.\nFor debugging consider passing CUDA_LAUNCH_BLOCKING=1', '^^^^^^^^^^^^^^^^^^^^^^^^^^^^^^^^^^^^^^^^^^\nRuntimeError: CUDA error: CUDA-capable device(s) is/are busy or unavailable\nCUDA kernel errors might be asynchronously reported at some other API call, so the stacktrace below might be incorrect.\nFor debugging consider passing CUDA_LAUNCH_BLOCKING=1\nCompile with `TORCH_USE_CUDA_DSA` to enable device-side assertions.']",,,"  !!! CUDA/Runtime ERROR in Window 25 Shank 3 !!!
  RuntimeError: CUDA error: CUDA-capable device(s) is/are busy or unavailable
CUDA kernel errors might be asynchronously reported at some other API call, so the stacktrace below might be incorrect.
For debugging consider passing CUDA_LAUNCH_BLOCKING=1
Compile with `TORCH_USE_CUDA_DSA` to enable device-side assertions."
105,True,True,2372,4004,['kilosort_error'],"['STDERR:\nkilosort.run_kilosort: Kilosort version 4.1.1\nkilosort.run_kilosort: Python version 3.11.13\nkilosort.run_kilosort: ----------------------------------------\nkilosort.run_kilosort: System information:\nkilosort.run_kilosort: Linux-6.8.0-106-generic-x86_64-with-glibc2.39 x86_64\nkilosort.run_kilosort: x86_64\nkilosort.run_kilosort: Using GPU for PyTorch computations. Specify `device` to change this.\nkilosort.run_kilosort: Using CUDA device: NVIDIA A100-SXM4-40GB 39.49GB\nkilosort.run_kilosort: ----------------------------------------\nkilosort.run_kilosort: Sorting /ceph/mrsic_flogel/public/projects/BeJG_20230130_VisDetect/wEPhys/BG_046/concat_sort/shank_split/BG_046_28082025/... (multiple files)\nkilosort.run_kilosort: Interpreting binary file as default dtype=\'int16\'. If data was saved in a different format, specify `data_dtype`.\nkilosort.run_kilosort: Encountered error in `run_kilosort`:\nTraceback (most recent call last):\n  File ""/ceph/mrsic_flogel/public/projects/BeJG_20230130_VisDetect/con', 'Starting Kilosort 4 at 17:59:49 ...\n\n  !!! CUDA/Runtime ERROR in Window 26 Shank 0 !!!\n  RuntimeError: CUDA error: CUDA-capable device(s) is/are busy or unavailable\nCUDA kernel errors might be asynchronously reported at some other API call, so the stacktrace below might be incorrect.', '!!! CUDA/Runtime ERROR in Window 26 Shank 0 !!!\n  RuntimeError: CUDA error: CUDA-capable device(s) is/are busy or unavailable\nCUDA kernel errors might be asynchronously reported at some other API call, so the stacktrace below might be incorrect.\nFor debugging consider passing CUDA_LAUNCH_BLOCKING=1', '!!! CUDA/Runtime ERROR in Window 26 Shank 0 !!!\n  RuntimeError: CUDA error: CUDA-capable device(s) is/are busy or unavailable\nCUDA kernel errors might be asynchronously reported at some other API call, so the stacktrace below might be incorrect.\nFor debugging consider passing CUDA_LAUNCH_BLOCKING=1\nCompile with `TORCH_USE_CUDA_DSA` to enable device-side assertions.', 'kilosort.run_kilosort: Sorting /ceph/mrsic_flogel/public/projects/BeJG_20230130_VisDetect/wEPhys/BG_046/concat_sort/shank_split/BG_046_28082025/... (multiple files)\nkilosort.run_kilosort: Interpreting binary file as default dtype=\'int16\'. If data was saved in a different format, specify `data_dtype`.\nkilosort.run_kilosort: Encountered error in `run_kilosort`:\nTraceback (most recent call last):\n  File ""/ceph/mrsic_flogel/public/projects/BeJG_20230130_VisDetect/conda_envs/kilosort4/lib/python3.11/site-packages/kilosort/run_kilosort.py"", line 263, in _sort', 'return torch.cuda.cudart().cudaMemGetInfo(device)\n           ^^^^^^^^^^^^^^^^^^^^^^^^^^^^^^^^^^^^^^^^^^\nRuntimeError: CUDA error: CUDA-capable device(s) is/are busy or unavailable\nCUDA kernel errors might be asynchronously reported at some other API call, so the stacktrace below might be incorrect.\nFor debugging consider passing CUDA_LAUNCH_BLOCKING=1', '^^^^^^^^^^^^^^^^^^^^^^^^^^^^^^^^^^^^^^^^^^\nRuntimeError: CUDA error: CUDA-capable device(s) is/are busy or unavailable\nCUDA kernel errors might be asynchronously reported at some other API call, so the stacktrace below might be incorrect.\nFor debugging consider passing CUDA_LAUNCH_BLOCKING=1\nCompile with `TORCH_USE_CUDA_DSA` to enable device-side assertions.', 'return torch.cuda.cudart().cudaMemGetInfo(device)\n           ^^^^^^^^^^^^^^^^^^^^^^^^^^^^^^^^^^^^^^^^^^\nRuntimeError: CUDA error: CUDA-capable device(s) is/are busy or unavailable\nCUDA kernel errors might be asynchronously reported at some other API call, so the stacktrace below might be incorrect.\nFor debugging consider passing CUDA_LAUNCH_BLOCKING=1', '^^^^^^^^^^^^^^^^^^^^^^^^^^^^^^^^^^^^^^^^^^\nRuntimeError: CUDA error: CUDA-capable device(s) is/are busy or unavailable\nCUDA kernel errors might be asynchronously reported at some other API call, so the stacktrace below might be incorrect.\nFor debugging consider passing CUDA_LAUNCH_BLOCKING=1\nCompile with `TORCH_USE_CUDA_DSA` to enable device-side assertions.']",,,"  !!! CUDA/Runtime ERROR in Window 26 Shank 0 !!!
  RuntimeError: CUDA error: CUDA-capable device(s) is/are busy or unavailable
CUDA kernel errors might be asynchronously reported at some other API call, so the stacktrace below might be incorrect.
For debugging consider passing CUDA_LAUNCH_BLOCKING=1
Compile with `TORCH_USE_CUDA_DSA` to enable device-side assertions."
106,True,True,2372,4004,['kilosort_error'],"['STDERR:\nkilosort.run_kilosort: Kilosort version 4.1.1\nkilosort.run_kilosort: Python version 3.11.13\nkilosort.run_kilosort: ----------------------------------------\nkilosort.run_kilosort: System information:\nkilosort.run_kilosort: Linux-6.8.0-106-generic-x86_64-with-glibc2.39 x86_64\nkilosort.run_kilosort: x86_64\nkilosort.run_kilosort: Using GPU for PyTorch computations. Specify `device` to change this.\nkilosort.run_kilosort: Using CUDA device: NVIDIA A100-SXM4-40GB 39.49GB\nkilosort.run_kilosort: ----------------------------------------\nkilosort.run_kilosort: Sorting /ceph/mrsic_flogel/public/projects/BeJG_20230130_VisDetect/wEPhys/BG_046/concat_sort/shank_split/BG_046_28082025/... (multiple files)\nkilosort.run_kilosort: Interpreting binary file as default dtype=\'int16\'. If data was saved in a different format, specify `data_dtype`.\nkilosort.run_kilosort: Encountered error in `run_kilosort`:\nTraceback (most recent call last):\n  File ""/ceph/mrsic_flogel/public/projects/BeJG_20230130_VisDetect/con', 'Starting Kilosort 4 at 17:59:56 ...\n\n  !!! CUDA/Runtime ERROR in Window 26 Shank 1 !!!\n  RuntimeError: CUDA error: CUDA-capable device(s) is/are busy or unavailable\nCUDA kernel errors might be asynchronously reported at some other API call, so the stacktrace below might be incorrect.', '!!! CUDA/Runtime ERROR in Window 26 Shank 1 !!!\n  RuntimeError: CUDA error: CUDA-capable device(s) is/are busy or unavailable\nCUDA kernel errors might be asynchronously reported at some other API call, so the stacktrace below might be incorrect.\nFor debugging consider passing CUDA_LAUNCH_BLOCKING=1', '!!! CUDA/Runtime ERROR in Window 26 Shank 1 !!!\n  RuntimeError: CUDA error: CUDA-capable device(s) is/are busy or unavailable\nCUDA kernel errors might be asynchronously reported at some other API call, so the stacktrace below might be incorrect.\nFor debugging consider passing CUDA_LAUNCH_BLOCKING=1\nCompile with `TORCH_USE_CUDA_DSA` to enable device-side assertions.', 'kilosort.run_kilosort: Sorting /ceph/mrsic_flogel/public/projects/BeJG_20230130_VisDetect/wEPhys/BG_046/concat_sort/shank_split/BG_046_28082025/... (multiple files)\nkilosort.run_kilosort: Interpreting binary file as default dtype=\'int16\'. If data was saved in a different format, specify `data_dtype`.\nkilosort.run_kilosort: Encountered error in `run_kilosort`:\nTraceback (most recent call last):\n  File ""/ceph/mrsic_flogel/public/projects/BeJG_20230130_VisDetect/conda_envs/kilosort4/lib/python3.11/site-packages/kilosort/run_kilosort.py"", line 263, in _sort', 'return torch.cuda.cudart().cudaMemGetInfo(device)\n           ^^^^^^^^^^^^^^^^^^^^^^^^^^^^^^^^^^^^^^^^^^\nRuntimeError: CUDA error: CUDA-capable device(s) is/are busy or unavailable\nCUDA kernel errors might be asynchronously reported at some other API call, so the stacktrace below might be incorrect.\nFor debugging consider passing CUDA_LAUNCH_BLOCKING=1', '^^^^^^^^^^^^^^^^^^^^^^^^^^^^^^^^^^^^^^^^^^\nRuntimeError: CUDA error: CUDA-capable device(s) is/are busy or unavailable\nCUDA kernel errors might be asynchronously reported at some other API call, so the stacktrace below might be incorrect.\nFor debugging consider passing CUDA_LAUNCH_BLOCKING=1\nCompile with `TORCH_USE_CUDA_DSA` to enable device-side assertions.', 'return torch.cuda.cudart().cudaMemGetInfo(device)\n           ^^^^^^^^^^^^^^^^^^^^^^^^^^^^^^^^^^^^^^^^^^\nRuntimeError: CUDA error: CUDA-capable device(s) is/are busy or unavailable\nCUDA kernel errors might be asynchronously reported at some other API call, so the stacktrace below might be incorrect.\nFor debugging consider passing CUDA_LAUNCH_BLOCKING=1', '^^^^^^^^^^^^^^^^^^^^^^^^^^^^^^^^^^^^^^^^^^\nRuntimeError: CUDA error: CUDA-capable device(s) is/are busy or unavailable\nCUDA kernel errors might be asynchronously reported at some other API call, so the stacktrace below might be incorrect.\nFor debugging consider passing CUDA_LAUNCH_BLOCKING=1\nCompile with `TORCH_USE_CUDA_DSA` to enable device-side assertions.']",,,"  !!! CUDA/Runtime ERROR in Window 26 Shank 1 !!!
  RuntimeError: CUDA error: CUDA-capable device(s) is/are busy or unavailable
CUDA kernel errors might be asynchronously reported at some other API call, so the stacktrace below might be incorrect.
For debugging consider passing CUDA_LAUNCH_BLOCKING=1
Compile with `TORCH_USE_CUDA_DSA` to enable device-side assertions."
107,True,True,2372,4004,['kilosort_error'],"['STDERR:\nkilosort.run_kilosort: Kilosort version 4.1.1\nkilosort.run_kilosort: Python version 3.11.13\nkilosort.run_kilosort: ----------------------------------------\nkilosort.run_kilosort: System information:\nkilosort.run_kilosort: Linux-6.8.0-106-generic-x86_64-with-glibc2.39 x86_64\nkilosort.run_kilosort: x86_64\nkilosort.run_kilosort: Using GPU for PyTorch computations. Specify `device` to change this.\nkilosort.run_kilosort: Using CUDA device: NVIDIA A100-SXM4-40GB 39.49GB\nkilosort.run_kilosort: ----------------------------------------\nkilosort.run_kilosort: Sorting /ceph/mrsic_flogel/public/projects/BeJG_20230130_VisDetect/wEPhys/BG_046/concat_sort/shank_split/BG_046_28082025/... (multiple files)\nkilosort.run_kilosort: Interpreting binary file as default dtype=\'int16\'. If data was saved in a different format, specify `data_dtype`.\nkilosort.run_kilosort: Encountered error in `run_kilosort`:\nTraceback (most recent call last):\n  File ""/ceph/mrsic_flogel/public/projects/BeJG_20230130_VisDetect/con', 'Starting Kilosort 4 at 18:00:03 ...\n\n  !!! CUDA/Runtime ERROR in Window 26 Shank 2 !!!\n  RuntimeError: CUDA error: CUDA-capable device(s) is/are busy or unavailable\nCUDA kernel errors might be asynchronously reported at some other API call, so the stacktrace below might be incorrect.', '!!! CUDA/Runtime ERROR in Window 26 Shank 2 !!!\n  RuntimeError: CUDA error: CUDA-capable device(s) is/are busy or unavailable\nCUDA kernel errors might be asynchronously reported at some other API call, so the stacktrace below might be incorrect.\nFor debugging consider passing CUDA_LAUNCH_BLOCKING=1', '!!! CUDA/Runtime ERROR in Window 26 Shank 2 !!!\n  RuntimeError: CUDA error: CUDA-capable device(s) is/are busy or unavailable\nCUDA kernel errors might be asynchronously reported at some other API call, so the stacktrace below might be incorrect.\nFor debugging consider passing CUDA_LAUNCH_BLOCKING=1\nCompile with `TORCH_USE_CUDA_DSA` to enable device-side assertions.', 'kilosort.run_kilosort: Sorting /ceph/mrsic_flogel/public/projects/BeJG_20230130_VisDetect/wEPhys/BG_046/concat_sort/shank_split/BG_046_28082025/... (multiple files)\nkilosort.run_kilosort: Interpreting binary file as default dtype=\'int16\'. If data was saved in a different format, specify `data_dtype`.\nkilosort.run_kilosort: Encountered error in `run_kilosort`:\nTraceback (most recent call last):\n  File ""/ceph/mrsic_flogel/public/projects/BeJG_20230130_VisDetect/conda_envs/kilosort4/lib/python3.11/site-packages/kilosort/run_kilosort.py"", line 263, in _sort', 'return torch.cuda.cudart().cudaMemGetInfo(device)\n           ^^^^^^^^^^^^^^^^^^^^^^^^^^^^^^^^^^^^^^^^^^\nRuntimeError: CUDA error: CUDA-capable device(s) is/are busy or unavailable\nCUDA kernel errors might be asynchronously reported at some other API call, so the stacktrace below might be incorrect.\nFor debugging consider passing CUDA_LAUNCH_BLOCKING=1', '^^^^^^^^^^^^^^^^^^^^^^^^^^^^^^^^^^^^^^^^^^\nRuntimeError: CUDA error: CUDA-capable device(s) is/are busy or unavailable\nCUDA kernel errors might be asynchronously reported at some other API call, so the stacktrace below might be incorrect.\nFor debugging consider passing CUDA_LAUNCH_BLOCKING=1\nCompile with `TORCH_USE_CUDA_DSA` to enable device-side assertions.', 'return torch.cuda.cudart().cudaMemGetInfo(device)\n           ^^^^^^^^^^^^^^^^^^^^^^^^^^^^^^^^^^^^^^^^^^\nRuntimeError: CUDA error: CUDA-capable device(s) is/are busy or unavailable\nCUDA kernel errors might be asynchronously reported at some other API call, so the stacktrace below might be incorrect.\nFor debugging consider passing CUDA_LAUNCH_BLOCKING=1', '^^^^^^^^^^^^^^^^^^^^^^^^^^^^^^^^^^^^^^^^^^\nRuntimeError: CUDA error: CUDA-capable device(s) is/are busy or unavailable\nCUDA kernel errors might be asynchronously reported at some other API call, so the stacktrace below might be incorrect.\nFor debugging consider passing CUDA_LAUNCH_BLOCKING=1\nCompile with `TORCH_USE_CUDA_DSA` to enable device-side assertions.']",,,"  !!! CUDA/Runtime ERROR in Window 26 Shank 2 !!!
  RuntimeError: CUDA error: CUDA-capable device(s) is/are busy or unavailable
CUDA kernel errors might be asynchronously reported at some other API call, so the stacktrace below might be incorrect.
For debugging consider passing CUDA_LAUNCH_BLOCKING=1
Compile with `TORCH_USE_CUDA_DSA` to enable device-side assertions."
108,True,True,2372,4004,['kilosort_error'],"['STDERR:\nkilosort.run_kilosort: Kilosort version 4.1.1\nkilosort.run_kilosort: Python version 3.11.13\nkilosort.run_kilosort: ----------------------------------------\nkilosort.run_kilosort: System information:\nkilosort.run_kilosort: Linux-6.8.0-106-generic-x86_64-with-glibc2.39 x86_64\nkilosort.run_kilosort: x86_64\nkilosort.run_kilosort: Using GPU for PyTorch computations. Specify `device` to change this.\nkilosort.run_kilosort: Using CUDA device: NVIDIA A100-SXM4-40GB 39.49GB\nkilosort.run_kilosort: ----------------------------------------\nkilosort.run_kilosort: Sorting /ceph/mrsic_flogel/public/projects/BeJG_20230130_VisDetect/wEPhys/BG_046/concat_sort/shank_split/BG_046_28082025/... (multiple files)\nkilosort.run_kilosort: Interpreting binary file as default dtype=\'int16\'. If data was saved in a different format, specify `data_dtype`.\nkilosort.run_kilosort: Encountered error in `run_kilosort`:\nTraceback (most recent call last):\n  File ""/ceph/mrsic_flogel/public/projects/BeJG_20230130_VisDetect/con', 'Starting Kilosort 4 at 18:00:10 ...\n\n  !!! CUDA/Runtime ERROR in Window 26 Shank 3 !!!\n  RuntimeError: CUDA error: CUDA-capable device(s) is/are busy or unavailable\nCUDA kernel errors might be asynchronously reported at some other API call, so the stacktrace below might be incorrect.', '!!! CUDA/Runtime ERROR in Window 26 Shank 3 !!!\n  RuntimeError: CUDA error: CUDA-capable device(s) is/are busy or unavailable\nCUDA kernel errors might be asynchronously reported at some other API call, so the stacktrace below might be incorrect.\nFor debugging consider passing CUDA_LAUNCH_BLOCKING=1', '!!! CUDA/Runtime ERROR in Window 26 Shank 3 !!!\n  RuntimeError: CUDA error: CUDA-capable device(s) is/are busy or unavailable\nCUDA kernel errors might be asynchronously reported at some other API call, so the stacktrace below might be incorrect.\nFor debugging consider passing CUDA_LAUNCH_BLOCKING=1\nCompile with `TORCH_USE_CUDA_DSA` to enable device-side assertions.', 'kilosort.run_kilosort: Sorting /ceph/mrsic_flogel/public/projects/BeJG_20230130_VisDetect/wEPhys/BG_046/concat_sort/shank_split/BG_046_28082025/... (multiple files)\nkilosort.run_kilosort: Interpreting binary file as default dtype=\'int16\'. If data was saved in a different format, specify `data_dtype`.\nkilosort.run_kilosort: Encountered error in `run_kilosort`:\nTraceback (most recent call last):\n  File ""/ceph/mrsic_flogel/public/projects/BeJG_20230130_VisDetect/conda_envs/kilosort4/lib/python3.11/site-packages/kilosort/run_kilosort.py"", line 263, in _sort', 'return torch.cuda.cudart().cudaMemGetInfo(device)\n           ^^^^^^^^^^^^^^^^^^^^^^^^^^^^^^^^^^^^^^^^^^\nRuntimeError: CUDA error: CUDA-capable device(s) is/are busy or unavailable\nCUDA kernel errors might be asynchronously reported at some other API call, so the stacktrace below might be incorrect.\nFor debugging consider passing CUDA_LAUNCH_BLOCKING=1', '^^^^^^^^^^^^^^^^^^^^^^^^^^^^^^^^^^^^^^^^^^\nRuntimeError: CUDA error: CUDA-capable device(s) is/are busy or unavailable\nCUDA kernel errors might be asynchronously reported at some other API call, so the stacktrace below might be incorrect.\nFor debugging consider passing CUDA_LAUNCH_BLOCKING=1\nCompile with `TORCH_USE_CUDA_DSA` to enable device-side assertions.', 'return torch.cuda.cudart().cudaMemGetInfo(device)\n           ^^^^^^^^^^^^^^^^^^^^^^^^^^^^^^^^^^^^^^^^^^\nRuntimeError: CUDA error: CUDA-capable device(s) is/are busy or unavailable\nCUDA kernel errors might be asynchronously reported at some other API call, so the stacktrace below might be incorrect.\nFor debugging consider passing CUDA_LAUNCH_BLOCKING=1', '^^^^^^^^^^^^^^^^^^^^^^^^^^^^^^^^^^^^^^^^^^\nRuntimeError: CUDA error: CUDA-capable device(s) is/are busy or unavailable\nCUDA kernel errors might be asynchronously reported at some other API call, so the stacktrace below might be incorrect.\nFor debugging consider passing CUDA_LAUNCH_BLOCKING=1\nCompile with `TORCH_USE_CUDA_DSA` to enable device-side assertions.']",,,"  !!! CUDA/Runtime ERROR in Window 26 Shank 3 !!!
  RuntimeError: CUDA error: CUDA-capable device(s) is/are busy or unavailable
CUDA kernel errors might be asynchronously reported at some other API call, so the stacktrace below might be incorrect.
For debugging consider passing CUDA_LAUNCH_BLOCKING=1
Compile with `TORCH_USE_CUDA_DSA` to enable device-side assertions."
109,True,True,2372,4004,['kilosort_error'],"['STDERR:\nkilosort.run_kilosort: Kilosort version 4.1.1\nkilosort.run_kilosort: Python version 3.11.13\nkilosort.run_kilosort: ----------------------------------------\nkilosort.run_kilosort: System information:\nkilosort.run_kilosort: Linux-6.8.0-106-generic-x86_64-with-glibc2.39 x86_64\nkilosort.run_kilosort: x86_64\nkilosort.run_kilosort: Using GPU for PyTorch computations. Specify `device` to change this.\nkilosort.run_kilosort: Using CUDA device: NVIDIA A100-SXM4-40GB 39.49GB\nkilosort.run_kilosort: ----------------------------------------\nkilosort.run_kilosort: Sorting /ceph/mrsic_flogel/public/projects/BeJG_20230130_VisDetect/wEPhys/BG_046/concat_sort/shank_split/BG_046_29082025/... (multiple files)\nkilosort.run_kilosort: Interpreting binary file as default dtype=\'int16\'. If data was saved in a different format, specify `data_dtype`.\nkilosort.run_kilosort: Encountered error in `run_kilosort`:\nTraceback (most recent call last):\n  File ""/ceph/mrsic_flogel/public/projects/BeJG_20230130_VisDetect/con', 'Starting Kilosort 4 at 18:00:17 ...\n\n  !!! CUDA/Runtime ERROR in Window 27 Shank 0 !!!\n  RuntimeError: CUDA error: CUDA-capable device(s) is/are busy or unavailable\nCUDA kernel errors might be asynchronously reported at some other API call, so the stacktrace below might be incorrect.', '!!! CUDA/Runtime ERROR in Window 27 Shank 0 !!!\n  RuntimeError: CUDA error: CUDA-capable device(s) is/are busy or unavailable\nCUDA kernel errors might be asynchronously reported at some other API call, so the stacktrace below might be incorrect.\nFor debugging consider passing CUDA_LAUNCH_BLOCKING=1', '!!! CUDA/Runtime ERROR in Window 27 Shank 0 !!!\n  RuntimeError: CUDA error: CUDA-capable device(s) is/are busy or unavailable\nCUDA kernel errors might be asynchronously reported at some other API call, so the stacktrace below might be incorrect.\nFor debugging consider passing CUDA_LAUNCH_BLOCKING=1\nCompile with `TORCH_USE_CUDA_DSA` to enable device-side assertions.', 'kilosort.run_kilosort: Sorting /ceph/mrsic_flogel/public/projects/BeJG_20230130_VisDetect/wEPhys/BG_046/concat_sort/shank_split/BG_046_29082025/... (multiple files)\nkilosort.run_kilosort: Interpreting binary file as default dtype=\'int16\'. If data was saved in a different format, specify `data_dtype`.\nkilosort.run_kilosort: Encountered error in `run_kilosort`:\nTraceback (most recent call last):\n  File ""/ceph/mrsic_flogel/public/projects/BeJG_20230130_VisDetect/conda_envs/kilosort4/lib/python3.11/site-packages/kilosort/run_kilosort.py"", line 263, in _sort', 'return torch.cuda.cudart().cudaMemGetInfo(device)\n           ^^^^^^^^^^^^^^^^^^^^^^^^^^^^^^^^^^^^^^^^^^\nRuntimeError: CUDA error: CUDA-capable device(s) is/are busy or unavailable\nCUDA kernel errors might be asynchronously reported at some other API call, so the stacktrace below might be incorrect.\nFor debugging consider passing CUDA_LAUNCH_BLOCKING=1', '^^^^^^^^^^^^^^^^^^^^^^^^^^^^^^^^^^^^^^^^^^\nRuntimeError: CUDA error: CUDA-capable device(s) is/are busy or unavailable\nCUDA kernel errors might be asynchronously reported at some other API call, so the stacktrace below might be incorrect.\nFor debugging consider passing CUDA_LAUNCH_BLOCKING=1\nCompile with `TORCH_USE_CUDA_DSA` to enable device-side assertions.', 'return torch.cuda.cudart().cudaMemGetInfo(device)\n           ^^^^^^^^^^^^^^^^^^^^^^^^^^^^^^^^^^^^^^^^^^\nRuntimeError: CUDA error: CUDA-capable device(s) is/are busy or unavailable\nCUDA kernel errors might be asynchronously reported at some other API call, so the stacktrace below might be incorrect.\nFor debugging consider passing CUDA_LAUNCH_BLOCKING=1', '^^^^^^^^^^^^^^^^^^^^^^^^^^^^^^^^^^^^^^^^^^\nRuntimeError: CUDA error: CUDA-capable device(s) is/are busy or unavailable\nCUDA kernel errors might be asynchronously reported at some other API call, so the stacktrace below might be incorrect.\nFor debugging consider passing CUDA_LAUNCH_BLOCKING=1\nCompile with `TORCH_USE_CUDA_DSA` to enable device-side assertions.']",,,"  !!! CUDA/Runtime ERROR in Window 27 Shank 0 !!!
  RuntimeError: CUDA error: CUDA-capable device(s) is/are busy or unavailable
CUDA kernel errors might be asynchronously reported at some other API call, so the stacktrace below might be incorrect.
For debugging consider passing CUDA_LAUNCH_BLOCKING=1
Compile with `TORCH_USE_CUDA_DSA` to enable device-side assertions."
110,True,True,2372,4004,['kilosort_error'],"['STDERR:\nkilosort.run_kilosort: Kilosort version 4.1.1\nkilosort.run_kilosort: Python version 3.11.13\nkilosort.run_kilosort: ----------------------------------------\nkilosort.run_kilosort: System information:\nkilosort.run_kilosort: Linux-6.8.0-106-generic-x86_64-with-glibc2.39 x86_64\nkilosort.run_kilosort: x86_64\nkilosort.run_kilosort: Using GPU for PyTorch computations. Specify `device` to change this.\nkilosort.run_kilosort: Using CUDA device: NVIDIA A100-SXM4-40GB 39.49GB\nkilosort.run_kilosort: ----------------------------------------\nkilosort.run_kilosort: Sorting /ceph/mrsic_flogel/public/projects/BeJG_20230130_VisDetect/wEPhys/BG_046/concat_sort/shank_split/BG_046_29082025/... (multiple files)\nkilosort.run_kilosort: Interpreting binary file as default dtype=\'int16\'. If data was saved in a different format, specify `data_dtype`.\nkilosort.run_kilosort: Encountered error in `run_kilosort`:\nTraceback (most recent call last):\n  File ""/ceph/mrsic_flogel/public/projects/BeJG_20230130_VisDetect/con', 'Starting Kilosort 4 at 18:00:24 ...\n\n  !!! CUDA/Runtime ERROR in Window 27 Shank 1 !!!\n  RuntimeError: CUDA error: CUDA-capable device(s) is/are busy or unavailable\nCUDA kernel errors might be asynchronously reported at some other API call, so the stacktrace below might be incorrect.', '!!! CUDA/Runtime ERROR in Window 27 Shank 1 !!!\n  RuntimeError: CUDA error: CUDA-capable device(s) is/are busy or unavailable\nCUDA kernel errors might be asynchronously reported at some other API call, so the stacktrace below might be incorrect.\nFor debugging consider passing CUDA_LAUNCH_BLOCKING=1', '!!! CUDA/Runtime ERROR in Window 27 Shank 1 !!!\n  RuntimeError: CUDA error: CUDA-capable device(s) is/are busy or unavailable\nCUDA kernel errors might be asynchronously reported at some other API call, so the stacktrace below might be incorrect.\nFor debugging consider passing CUDA_LAUNCH_BLOCKING=1\nCompile with `TORCH_USE_CUDA_DSA` to enable device-side assertions.', 'kilosort.run_kilosort: Sorting /ceph/mrsic_flogel/public/projects/BeJG_20230130_VisDetect/wEPhys/BG_046/concat_sort/shank_split/BG_046_29082025/... (multiple files)\nkilosort.run_kilosort: Interpreting binary file as default dtype=\'int16\'. If data was saved in a different format, specify `data_dtype`.\nkilosort.run_kilosort: Encountered error in `run_kilosort`:\nTraceback (most recent call last):\n  File ""/ceph/mrsic_flogel/public/projects/BeJG_20230130_VisDetect/conda_envs/kilosort4/lib/python3.11/site-packages/kilosort/run_kilosort.py"", line 263, in _sort', 'return torch.cuda.cudart().cudaMemGetInfo(device)\n           ^^^^^^^^^^^^^^^^^^^^^^^^^^^^^^^^^^^^^^^^^^\nRuntimeError: CUDA error: CUDA-capable device(s) is/are busy or unavailable\nCUDA kernel errors might be asynchronously reported at some other API call, so the stacktrace below might be incorrect.\nFor debugging consider passing CUDA_LAUNCH_BLOCKING=1', '^^^^^^^^^^^^^^^^^^^^^^^^^^^^^^^^^^^^^^^^^^\nRuntimeError: CUDA error: CUDA-capable device(s) is/are busy or unavailable\nCUDA kernel errors might be asynchronously reported at some other API call, so the stacktrace below might be incorrect.\nFor debugging consider passing CUDA_LAUNCH_BLOCKING=1\nCompile with `TORCH_USE_CUDA_DSA` to enable device-side assertions.', 'return torch.cuda.cudart().cudaMemGetInfo(device)\n           ^^^^^^^^^^^^^^^^^^^^^^^^^^^^^^^^^^^^^^^^^^\nRuntimeError: CUDA error: CUDA-capable device(s) is/are busy or unavailable\nCUDA kernel errors might be asynchronously reported at some other API call, so the stacktrace below might be incorrect.\nFor debugging consider passing CUDA_LAUNCH_BLOCKING=1', '^^^^^^^^^^^^^^^^^^^^^^^^^^^^^^^^^^^^^^^^^^\nRuntimeError: CUDA error: CUDA-capable device(s) is/are busy or unavailable\nCUDA kernel errors might be asynchronously reported at some other API call, so the stacktrace below might be incorrect.\nFor debugging consider passing CUDA_LAUNCH_BLOCKING=1\nCompile with `TORCH_USE_CUDA_DSA` to enable device-side assertions.']",,,"  !!! CUDA/Runtime ERROR in Window 27 Shank 1 !!!
  RuntimeError: CUDA error: CUDA-capable device(s) is/are busy or unavailable
CUDA kernel errors might be asynchronously reported at some other API call, so the stacktrace below might be incorrect.
For debugging consider passing CUDA_LAUNCH_BLOCKING=1
Compile with `TORCH_USE_CUDA_DSA` to enable device-side assertions."
111,True,True,2372,4004,['kilosort_error'],"['STDERR:\nkilosort.run_kilosort: Kilosort version 4.1.1\nkilosort.run_kilosort: Python version 3.11.13\nkilosort.run_kilosort: ----------------------------------------\nkilosort.run_kilosort: System information:\nkilosort.run_kilosort: Linux-6.8.0-106-generic-x86_64-with-glibc2.39 x86_64\nkilosort.run_kilosort: x86_64\nkilosort.run_kilosort: Using GPU for PyTorch computations. Specify `device` to change this.\nkilosort.run_kilosort: Using CUDA device: NVIDIA A100-SXM4-40GB 39.49GB\nkilosort.run_kilosort: ----------------------------------------\nkilosort.run_kilosort: Sorting /ceph/mrsic_flogel/public/projects/BeJG_20230130_VisDetect/wEPhys/BG_046/concat_sort/shank_split/BG_046_29082025/... (multiple files)\nkilosort.run_kilosort: Interpreting binary file as default dtype=\'int16\'. If data was saved in a different format, specify `data_dtype`.\nkilosort.run_kilosort: Encountered error in `run_kilosort`:\nTraceback (most recent call last):\n  File ""/ceph/mrsic_flogel/public/projects/BeJG_20230130_VisDetect/con', 'Starting Kilosort 4 at 18:00:31 ...\n\n  !!! CUDA/Runtime ERROR in Window 27 Shank 2 !!!\n  RuntimeError: CUDA error: CUDA-capable device(s) is/are busy or unavailable\nCUDA kernel errors might be asynchronously reported at some other API call, so the stacktrace below might be incorrect.', '!!! CUDA/Runtime ERROR in Window 27 Shank 2 !!!\n  RuntimeError: CUDA error: CUDA-capable device(s) is/are busy or unavailable\nCUDA kernel errors might be asynchronously reported at some other API call, so the stacktrace below might be incorrect.\nFor debugging consider passing CUDA_LAUNCH_BLOCKING=1', '!!! CUDA/Runtime ERROR in Window 27 Shank 2 !!!\n  RuntimeError: CUDA error: CUDA-capable device(s) is/are busy or unavailable\nCUDA kernel errors might be asynchronously reported at some other API call, so the stacktrace below might be incorrect.\nFor debugging consider passing CUDA_LAUNCH_BLOCKING=1\nCompile with `TORCH_USE_CUDA_DSA` to enable device-side assertions.', 'kilosort.run_kilosort: Sorting /ceph/mrsic_flogel/public/projects/BeJG_20230130_VisDetect/wEPhys/BG_046/concat_sort/shank_split/BG_046_29082025/... (multiple files)\nkilosort.run_kilosort: Interpreting binary file as default dtype=\'int16\'. If data was saved in a different format, specify `data_dtype`.\nkilosort.run_kilosort: Encountered error in `run_kilosort`:\nTraceback (most recent call last):\n  File ""/ceph/mrsic_flogel/public/projects/BeJG_20230130_VisDetect/conda_envs/kilosort4/lib/python3.11/site-packages/kilosort/run_kilosort.py"", line 263, in _sort', 'return torch.cuda.cudart().cudaMemGetInfo(device)\n           ^^^^^^^^^^^^^^^^^^^^^^^^^^^^^^^^^^^^^^^^^^\nRuntimeError: CUDA error: CUDA-capable device(s) is/are busy or unavailable\nCUDA kernel errors might be asynchronously reported at some other API call, so the stacktrace below might be incorrect.\nFor debugging consider passing CUDA_LAUNCH_BLOCKING=1', '^^^^^^^^^^^^^^^^^^^^^^^^^^^^^^^^^^^^^^^^^^\nRuntimeError: CUDA error: CUDA-capable device(s) is/are busy or unavailable\nCUDA kernel errors might be asynchronously reported at some other API call, so the stacktrace below might be incorrect.\nFor debugging consider passing CUDA_LAUNCH_BLOCKING=1\nCompile with `TORCH_USE_CUDA_DSA` to enable device-side assertions.', 'return torch.cuda.cudart().cudaMemGetInfo(device)\n           ^^^^^^^^^^^^^^^^^^^^^^^^^^^^^^^^^^^^^^^^^^\nRuntimeError: CUDA error: CUDA-capable device(s) is/are busy or unavailable\nCUDA kernel errors might be asynchronously reported at some other API call, so the stacktrace below might be incorrect.\nFor debugging consider passing CUDA_LAUNCH_BLOCKING=1', '^^^^^^^^^^^^^^^^^^^^^^^^^^^^^^^^^^^^^^^^^^\nRuntimeError: CUDA error: CUDA-capable device(s) is/are busy or unavailable\nCUDA kernel errors might be asynchronously reported at some other API call, so the stacktrace below might be incorrect.\nFor debugging consider passing CUDA_LAUNCH_BLOCKING=1\nCompile with `TORCH_USE_CUDA_DSA` to enable device-side assertions.']",,,"  !!! CUDA/Runtime ERROR in Window 27 Shank 2 !!!
  RuntimeError: CUDA error: CUDA-capable device(s) is/are busy or unavailable
CUDA kernel errors might be asynchronously reported at some other API call, so the stacktrace below might be incorrect.
For debugging consider passing CUDA_LAUNCH_BLOCKING=1
Compile with `TORCH_USE_CUDA_DSA` to enable device-side assertions."
112,True,True,2372,4004,['kilosort_error'],"['STDERR:\nkilosort.run_kilosort: Kilosort version 4.1.1\nkilosort.run_kilosort: Python version 3.11.13\nkilosort.run_kilosort: ----------------------------------------\nkilosort.run_kilosort: System information:\nkilosort.run_kilosort: Linux-6.8.0-106-generic-x86_64-with-glibc2.39 x86_64\nkilosort.run_kilosort: x86_64\nkilosort.run_kilosort: Using GPU for PyTorch computations. Specify `device` to change this.\nkilosort.run_kilosort: Using CUDA device: NVIDIA A100-SXM4-40GB 39.49GB\nkilosort.run_kilosort: ----------------------------------------\nkilosort.run_kilosort: Sorting /ceph/mrsic_flogel/public/projects/BeJG_20230130_VisDetect/wEPhys/BG_046/concat_sort/shank_split/BG_046_29082025/... (multiple files)\nkilosort.run_kilosort: Interpreting binary file as default dtype=\'int16\'. If data was saved in a different format, specify `data_dtype`.\nkilosort.run_kilosort: Encountered error in `run_kilosort`:\nTraceback (most recent call last):\n  File ""/ceph/mrsic_flogel/public/projects/BeJG_20230130_VisDetect/con', 'Starting Kilosort 4 at 18:00:36 ...\n\n  !!! CUDA/Runtime ERROR in Window 27 Shank 3 !!!\n  RuntimeError: CUDA error: CUDA-capable device(s) is/are busy or unavailable\nCUDA kernel errors might be asynchronously reported at some other API call, so the stacktrace below might be incorrect.', '!!! CUDA/Runtime ERROR in Window 27 Shank 3 !!!\n  RuntimeError: CUDA error: CUDA-capable device(s) is/are busy or unavailable\nCUDA kernel errors might be asynchronously reported at some other API call, so the stacktrace below might be incorrect.\nFor debugging consider passing CUDA_LAUNCH_BLOCKING=1', '!!! CUDA/Runtime ERROR in Window 27 Shank 3 !!!\n  RuntimeError: CUDA error: CUDA-capable device(s) is/are busy or unavailable\nCUDA kernel errors might be asynchronously reported at some other API call, so the stacktrace below might be incorrect.\nFor debugging consider passing CUDA_LAUNCH_BLOCKING=1\nCompile with `TORCH_USE_CUDA_DSA` to enable device-side assertions.', 'kilosort.run_kilosort: Sorting /ceph/mrsic_flogel/public/projects/BeJG_20230130_VisDetect/wEPhys/BG_046/concat_sort/shank_split/BG_046_29082025/... (multiple files)\nkilosort.run_kilosort: Interpreting binary file as default dtype=\'int16\'. If data was saved in a different format, specify `data_dtype`.\nkilosort.run_kilosort: Encountered error in `run_kilosort`:\nTraceback (most recent call last):\n  File ""/ceph/mrsic_flogel/public/projects/BeJG_20230130_VisDetect/conda_envs/kilosort4/lib/python3.11/site-packages/kilosort/run_kilosort.py"", line 263, in _sort', 'return torch.cuda.cudart().cudaMemGetInfo(device)\n           ^^^^^^^^^^^^^^^^^^^^^^^^^^^^^^^^^^^^^^^^^^\nRuntimeError: CUDA error: CUDA-capable device(s) is/are busy or unavailable\nCUDA kernel errors might be asynchronously reported at some other API call, so the stacktrace below might be incorrect.\nFor debugging consider passing CUDA_LAUNCH_BLOCKING=1', '^^^^^^^^^^^^^^^^^^^^^^^^^^^^^^^^^^^^^^^^^^\nRuntimeError: CUDA error: CUDA-capable device(s) is/are busy or unavailable\nCUDA kernel errors might be asynchronously reported at some other API call, so the stacktrace below might be incorrect.\nFor debugging consider passing CUDA_LAUNCH_BLOCKING=1\nCompile with `TORCH_USE_CUDA_DSA` to enable device-side assertions.', 'return torch.cuda.cudart().cudaMemGetInfo(device)\n           ^^^^^^^^^^^^^^^^^^^^^^^^^^^^^^^^^^^^^^^^^^\nRuntimeError: CUDA error: CUDA-capable device(s) is/are busy or unavailable\nCUDA kernel errors might be asynchronously reported at some other API call, so the stacktrace below might be incorrect.\nFor debugging consider passing CUDA_LAUNCH_BLOCKING=1', '^^^^^^^^^^^^^^^^^^^^^^^^^^^^^^^^^^^^^^^^^^\nRuntimeError: CUDA error: CUDA-capable device(s) is/are busy or unavailable\nCUDA kernel errors might be asynchronously reported at some other API call, so the stacktrace below might be incorrect.\nFor debugging consider passing CUDA_LAUNCH_BLOCKING=1\nCompile with `TORCH_USE_CUDA_DSA` to enable device-side assertions.']",,,"  !!! CUDA/Runtime ERROR in Window 27 Shank 3 !!!
  RuntimeError: CUDA error: CUDA-capable device(s) is/are busy or unavailable
CUDA kernel errors might be asynchronously reported at some other API call, so the stacktrace below might be incorrect.
For debugging consider passing CUDA_LAUNCH_BLOCKING=1
Compile with `TORCH_USE_CUDA_DSA` to enable device-side assertions."
113,True,True,2606,3961549,"['cuda_oom', 'kilosort_error']","[""STDERR:\nkilosort.run_kilosort: Kilosort version 4.1.1\nkilosort.run_kilosort: Python version 3.11.13\nkilosort.run_kilosort: ----------------------------------------\nkilosort.run_kilosort: System information:\nkilosort.run_kilosort: Linux-6.8.0-87-generic-x86_64-with-glibc2.39 x86_64\nkilosort.run_kilosort: x86_64\nkilosort.run_kilosort: Using GPU for PyTorch computations. Specify `device` to change this.\nkilosort.run_kilosort: Using CUDA device: NVIDIA L40S 44.39GB\nkilosort.run_kilosort: ----------------------------------------\nkilosort.run_kilosort: Sorting /ceph/mrsic_flogel/public/projects/BeJG_20230130_VisDetect/wEPhys/BG_046/concat_sort/shank_split/BG_046_01092025/... (multiple files)\nkilosort.run_kilosort: Interpreting binary file as default dtype='int16'. If data was saved in a different format, specify `data_dtype`.\nkilosort.run_kilosort:  \nkilosort.run_kilosort: Resource usage before sorting\nkilosort.run_kilosort: ********************************************************\nkilosort.run_kilos"", 'Starting Kilosort 4 at 18:01:36 ...\n\n  !!! CUDA/Runtime ERROR in Window 28 Shank 0 !!!\n  OutOfMemoryError: CUDA out of memory. Tried to allocate 12.32 GiB. GPU 0 has a total capacity of 44.39 GiB of which 12.10 GiB is free. Including non-PyTorch memory, this process has 32.28 GiB memory in use. Of the allocated memory 31.67 GiB is allocated by PyTorch, and 76.95 MiB is reserved by PyTorch but unallocated. If reserved but unallocated memory is large try setting PYTORCH_CUDA_ALLOC_CONF=expandable_segments:True to avoid fragmentation.  See documentation for Memory Management  (https://pytorch.org/docs/stable/notes/cuda.html#environment-variables)', '!!! CUDA/Runtime ERROR in Window 28 Shank 0 !!!\n  OutOfMemoryError: CUDA out of memory. Tried to allocate 12.32 GiB. GPU 0 has a total capacity of 44.39 GiB of which 12.10 GiB is free. Including non-PyTorch memory, this process has 32.28 GiB memory in use. Of the allocated memory 31.67 GiB is allocated by PyTorch, and 76.95 MiB is reserved by PyTorch but unallocated. If reserved but unallocated memory is large try setting PYTORCH_CUDA_ALLOC_CONF=expandable_segments:True to avoid fragmentation.  See documentation for Memory Management  (https://pytorch.org/docs/stable/notes/cuda.html#environment-variables)', '0%|          | 0/1 [00:00<?, ?it/s]\n  0%|          | 0/1 [1:32:21<?, ?it/s]\nkilosort.clustering_qr: Error in clustering_qr.run on center 23\nTraceback (most recent call last):\n  File ""/ceph/mrsic_flogel/public/projects/BeJG_20230130_VisDetect/conda_envs/kilosort4/lib/python3.11/site-packages/kilosort/clustering_qr.py"", line 494, in run', 'xN = xN - lam/m * (ki.unsqueeze(-1) * kN.to_dense())\n             ~~~~~~^~~~~~~~~~~~~~~~~~~~~~~~~~~~~~~~~~~~\ntorch.OutOfMemoryError: CUDA out of memory. Tried to allocate 12.32 GiB. GPU 0 has a total capacity of 44.39 GiB of which 12.10 GiB is free. Including non-PyTorch memory, this process has 32.28 GiB memory in use. Of the allocated memory 31.67 GiB is allocated by PyTorch, and 76.95 MiB is reserved by PyTorch but unallocated. If reserved but unallocated memory is large try setting PYTORCH_CUDA_ALLOC_CONF=expandable_segments:True to avoid fragmentation.  See documentation for Memory Management  (https://pytorch.org/docs/stable/notes/cuda.html#environment-variables)\nkilosort.run_kilosort: Out of memory error, printing performance...\nTraceback (most recent call last):', '~~~~~~^~~~~~~~~~~~~~~~~~~~~~~~~~~~~~~~~~~~\ntorch.OutOfMemoryError: CUDA out of memory. Tried to allocate 12.32 GiB. GPU 0 has a total capacity of 44.39 GiB of which 12.10 GiB is free. Including non-PyTorch memory, this process has 32.28 GiB memory in use. Of the allocated memory 31.67 GiB is allocated by PyTorch, and 76.95 MiB is reserved by PyTorch but unallocated. If reserved but unallocated memory is large try setting PYTORCH_CUDA_ALLOC_CONF=expandable_segments:True to avoid fragmentation.  See documentation for Memory Management  (https://pytorch.org/docs/stable/notes/cuda.html#environment-variables)\nkilosort.run_kilosort: Out of memory error, printing performance...\nTraceback (most recent call last):\n  File ""/ceph/mrsic_flogel/public/projects/BeJG_20230130_VisDetect/conda_envs/kilosort4/lib/python3.11/site-packages/kilosort/run_kilosort.py"", line 308, in _sort', 'xN = xN - lam/m * (ki.unsqueeze(-1) * kN.to_dense())\n             ~~~~~~^~~~~~~~~~~~~~~~~~~~~~~~~~~~~~~~~~~~\ntorch.OutOfMemoryError: CUDA out of memory. Tried to allocate 12.32 GiB. GPU 0 has a total capacity of 44.39 GiB of which 12.10 GiB is free. Including non-PyTorch memory, this process has 32.28 GiB memory in use. Of the allocated memory 31.67 GiB is allocated by PyTorch, and 76.95 MiB is reserved by PyTorch but unallocated. If reserved but unallocated memory is large try setting PYTORCH_CUDA_ALLOC_CONF=expandable_segments:True to avoid fragmentation.  See documentation for Memory Management  (https://pytorch.org/docs/stable/notes/cuda.html#environment-variables)\nkilosort.run_kilosort: ********************************************************\nkilosort.run_kilosort: CPU usage:     7.10 %', 'kilosort.run_kilosort: Max alloc:    92.92 %     |     41.25   /    44.39 GB\nkilosort.run_kilosort: ********************************************************\nkilosort.run_kilosort: Encountered error in `run_kilosort`:\nTraceback (most recent call last):\n  File ""/ceph/mrsic_flogel/public/projects/BeJG_20230130_VisDetect/conda_envs/kilosort4/lib/python3.11/site-packages/kilosort/run_kilosort.py"", line 308, in _sort']",,,"
  Starting Kilosort 4 at 18:01:36 ...

  !!! CUDA/Runtime ERROR in Window 28 Shank 0 !!!
  OutOfMemoryError: CUDA out of memory. Tried to allocate 12.32 GiB. GPU 0 has a total capacity of 44.39 GiB of which 12.10 GiB is free. Including non-PyTorch memory, this process has 32.28 GiB memory in use. Of the allocated memory 31.67 GiB is allocated by PyTorch, and 76.95 MiB is reserved by PyTorch but unallocated. If reserved but unallocated memory is large try setting PYTORCH_CUDA_ALLOC_CONF=expandable_segments:True to avoid fragmentation.  See documentation for Memory Management  (https://pytorch.org/docs/stable/notes/cuda.html#environment-variables)"
114,True,True,2372,4004,['kilosort_error'],"['STDERR:\nkilosort.run_kilosort: Kilosort version 4.1.1\nkilosort.run_kilosort: Python version 3.11.13\nkilosort.run_kilosort: ----------------------------------------\nkilosort.run_kilosort: System information:\nkilosort.run_kilosort: Linux-6.8.0-106-generic-x86_64-with-glibc2.39 x86_64\nkilosort.run_kilosort: x86_64\nkilosort.run_kilosort: Using GPU for PyTorch computations. Specify `device` to change this.\nkilosort.run_kilosort: Using CUDA device: NVIDIA A100-SXM4-40GB 39.49GB\nkilosort.run_kilosort: ----------------------------------------\nkilosort.run_kilosort: Sorting /ceph/mrsic_flogel/public/projects/BeJG_20230130_VisDetect/wEPhys/BG_046/concat_sort/shank_split/BG_046_01092025/... (multiple files)\nkilosort.run_kilosort: Interpreting binary file as default dtype=\'int16\'. If data was saved in a different format, specify `data_dtype`.\nkilosort.run_kilosort: Encountered error in `run_kilosort`:\nTraceback (most recent call last):\n  File ""/ceph/mrsic_flogel/public/projects/BeJG_20230130_VisDetect/con', 'Starting Kilosort 4 at 19:01:18 ...\n\n  !!! CUDA/Runtime ERROR in Window 28 Shank 1 !!!\n  RuntimeError: CUDA error: CUDA-capable device(s) is/are busy or unavailable\nCUDA kernel errors might be asynchronously reported at some other API call, so the stacktrace below might be incorrect.', '!!! CUDA/Runtime ERROR in Window 28 Shank 1 !!!\n  RuntimeError: CUDA error: CUDA-capable device(s) is/are busy or unavailable\nCUDA kernel errors might be asynchronously reported at some other API call, so the stacktrace below might be incorrect.\nFor debugging consider passing CUDA_LAUNCH_BLOCKING=1', '!!! CUDA/Runtime ERROR in Window 28 Shank 1 !!!\n  RuntimeError: CUDA error: CUDA-capable device(s) is/are busy or unavailable\nCUDA kernel errors might be asynchronously reported at some other API call, so the stacktrace below might be incorrect.\nFor debugging consider passing CUDA_LAUNCH_BLOCKING=1\nCompile with `TORCH_USE_CUDA_DSA` to enable device-side assertions.', 'kilosort.run_kilosort: Sorting /ceph/mrsic_flogel/public/projects/BeJG_20230130_VisDetect/wEPhys/BG_046/concat_sort/shank_split/BG_046_01092025/... (multiple files)\nkilosort.run_kilosort: Interpreting binary file as default dtype=\'int16\'. If data was saved in a different format, specify `data_dtype`.\nkilosort.run_kilosort: Encountered error in `run_kilosort`:\nTraceback (most recent call last):\n  File ""/ceph/mrsic_flogel/public/projects/BeJG_20230130_VisDetect/conda_envs/kilosort4/lib/python3.11/site-packages/kilosort/run_kilosort.py"", line 263, in _sort', 'return torch.cuda.cudart().cudaMemGetInfo(device)\n           ^^^^^^^^^^^^^^^^^^^^^^^^^^^^^^^^^^^^^^^^^^\nRuntimeError: CUDA error: CUDA-capable device(s) is/are busy or unavailable\nCUDA kernel errors might be asynchronously reported at some other API call, so the stacktrace below might be incorrect.\nFor debugging consider passing CUDA_LAUNCH_BLOCKING=1', '^^^^^^^^^^^^^^^^^^^^^^^^^^^^^^^^^^^^^^^^^^\nRuntimeError: CUDA error: CUDA-capable device(s) is/are busy or unavailable\nCUDA kernel errors might be asynchronously reported at some other API call, so the stacktrace below might be incorrect.\nFor debugging consider passing CUDA_LAUNCH_BLOCKING=1\nCompile with `TORCH_USE_CUDA_DSA` to enable device-side assertions.', 'return torch.cuda.cudart().cudaMemGetInfo(device)\n           ^^^^^^^^^^^^^^^^^^^^^^^^^^^^^^^^^^^^^^^^^^\nRuntimeError: CUDA error: CUDA-capable device(s) is/are busy or unavailable\nCUDA kernel errors might be asynchronously reported at some other API call, so the stacktrace below might be incorrect.\nFor debugging consider passing CUDA_LAUNCH_BLOCKING=1', '^^^^^^^^^^^^^^^^^^^^^^^^^^^^^^^^^^^^^^^^^^\nRuntimeError: CUDA error: CUDA-capable device(s) is/are busy or unavailable\nCUDA kernel errors might be asynchronously reported at some other API call, so the stacktrace below might be incorrect.\nFor debugging consider passing CUDA_LAUNCH_BLOCKING=1\nCompile with `TORCH_USE_CUDA_DSA` to enable device-side assertions.']",,,"  !!! CUDA/Runtime ERROR in Window 28 Shank 1 !!!
  RuntimeError: CUDA error: CUDA-capable device(s) is/are busy or unavailable
CUDA kernel errors might be asynchronously reported at some other API call, so the stacktrace below might be incorrect.
For debugging consider passing CUDA_LAUNCH_BLOCKING=1
Compile with `TORCH_USE_CUDA_DSA` to enable device-side assertions."
115,True,True,2372,4004,['kilosort_error'],"['STDERR:\nkilosort.run_kilosort: Kilosort version 4.1.1\nkilosort.run_kilosort: Python version 3.11.13\nkilosort.run_kilosort: ----------------------------------------\nkilosort.run_kilosort: System information:\nkilosort.run_kilosort: Linux-6.8.0-106-generic-x86_64-with-glibc2.39 x86_64\nkilosort.run_kilosort: x86_64\nkilosort.run_kilosort: Using GPU for PyTorch computations. Specify `device` to change this.\nkilosort.run_kilosort: Using CUDA device: NVIDIA A100-SXM4-40GB 39.49GB\nkilosort.run_kilosort: ----------------------------------------\nkilosort.run_kilosort: Sorting /ceph/mrsic_flogel/public/projects/BeJG_20230130_VisDetect/wEPhys/BG_046/concat_sort/shank_split/BG_046_01092025/... (multiple files)\nkilosort.run_kilosort: Interpreting binary file as default dtype=\'int16\'. If data was saved in a different format, specify `data_dtype`.\nkilosort.run_kilosort: Encountered error in `run_kilosort`:\nTraceback (most recent call last):\n  File ""/ceph/mrsic_flogel/public/projects/BeJG_20230130_VisDetect/con', 'Starting Kilosort 4 at 19:01:25 ...\n\n  !!! CUDA/Runtime ERROR in Window 28 Shank 2 !!!\n  RuntimeError: CUDA error: CUDA-capable device(s) is/are busy or unavailable\nCUDA kernel errors might be asynchronously reported at some other API call, so the stacktrace below might be incorrect.', '!!! CUDA/Runtime ERROR in Window 28 Shank 2 !!!\n  RuntimeError: CUDA error: CUDA-capable device(s) is/are busy or unavailable\nCUDA kernel errors might be asynchronously reported at some other API call, so the stacktrace below might be incorrect.\nFor debugging consider passing CUDA_LAUNCH_BLOCKING=1', '!!! CUDA/Runtime ERROR in Window 28 Shank 2 !!!\n  RuntimeError: CUDA error: CUDA-capable device(s) is/are busy or unavailable\nCUDA kernel errors might be asynchronously reported at some other API call, so the stacktrace below might be incorrect.\nFor debugging consider passing CUDA_LAUNCH_BLOCKING=1\nCompile with `TORCH_USE_CUDA_DSA` to enable device-side assertions.', 'kilosort.run_kilosort: Sorting /ceph/mrsic_flogel/public/projects/BeJG_20230130_VisDetect/wEPhys/BG_046/concat_sort/shank_split/BG_046_01092025/... (multiple files)\nkilosort.run_kilosort: Interpreting binary file as default dtype=\'int16\'. If data was saved in a different format, specify `data_dtype`.\nkilosort.run_kilosort: Encountered error in `run_kilosort`:\nTraceback (most recent call last):\n  File ""/ceph/mrsic_flogel/public/projects/BeJG_20230130_VisDetect/conda_envs/kilosort4/lib/python3.11/site-packages/kilosort/run_kilosort.py"", line 263, in _sort', 'return torch.cuda.cudart().cudaMemGetInfo(device)\n           ^^^^^^^^^^^^^^^^^^^^^^^^^^^^^^^^^^^^^^^^^^\nRuntimeError: CUDA error: CUDA-capable device(s) is/are busy or unavailable\nCUDA kernel errors might be asynchronously reported at some other API call, so the stacktrace below might be incorrect.\nFor debugging consider passing CUDA_LAUNCH_BLOCKING=1', '^^^^^^^^^^^^^^^^^^^^^^^^^^^^^^^^^^^^^^^^^^\nRuntimeError: CUDA error: CUDA-capable device(s) is/are busy or unavailable\nCUDA kernel errors might be asynchronously reported at some other API call, so the stacktrace below might be incorrect.\nFor debugging consider passing CUDA_LAUNCH_BLOCKING=1\nCompile with `TORCH_USE_CUDA_DSA` to enable device-side assertions.', 'return torch.cuda.cudart().cudaMemGetInfo(device)\n           ^^^^^^^^^^^^^^^^^^^^^^^^^^^^^^^^^^^^^^^^^^\nRuntimeError: CUDA error: CUDA-capable device(s) is/are busy or unavailable\nCUDA kernel errors might be asynchronously reported at some other API call, so the stacktrace below might be incorrect.\nFor debugging consider passing CUDA_LAUNCH_BLOCKING=1', '^^^^^^^^^^^^^^^^^^^^^^^^^^^^^^^^^^^^^^^^^^\nRuntimeError: CUDA error: CUDA-capable device(s) is/are busy or unavailable\nCUDA kernel errors might be asynchronously reported at some other API call, so the stacktrace below might be incorrect.\nFor debugging consider passing CUDA_LAUNCH_BLOCKING=1\nCompile with `TORCH_USE_CUDA_DSA` to enable device-side assertions.']",,,"  !!! CUDA/Runtime ERROR in Window 28 Shank 2 !!!
  RuntimeError: CUDA error: CUDA-capable device(s) is/are busy or unavailable
CUDA kernel errors might be asynchronously reported at some other API call, so the stacktrace below might be incorrect.
For debugging consider passing CUDA_LAUNCH_BLOCKING=1
Compile with `TORCH_USE_CUDA_DSA` to enable device-side assertions."
116,True,True,2372,4004,['kilosort_error'],"['STDERR:\nkilosort.run_kilosort: Kilosort version 4.1.1\nkilosort.run_kilosort: Python version 3.11.13\nkilosort.run_kilosort: ----------------------------------------\nkilosort.run_kilosort: System information:\nkilosort.run_kilosort: Linux-6.8.0-106-generic-x86_64-with-glibc2.39 x86_64\nkilosort.run_kilosort: x86_64\nkilosort.run_kilosort: Using GPU for PyTorch computations. Specify `device` to change this.\nkilosort.run_kilosort: Using CUDA device: NVIDIA A100-SXM4-40GB 39.49GB\nkilosort.run_kilosort: ----------------------------------------\nkilosort.run_kilosort: Sorting /ceph/mrsic_flogel/public/projects/BeJG_20230130_VisDetect/wEPhys/BG_046/concat_sort/shank_split/BG_046_01092025/... (multiple files)\nkilosort.run_kilosort: Interpreting binary file as default dtype=\'int16\'. If data was saved in a different format, specify `data_dtype`.\nkilosort.run_kilosort: Encountered error in `run_kilosort`:\nTraceback (most recent call last):\n  File ""/ceph/mrsic_flogel/public/projects/BeJG_20230130_VisDetect/con', 'Starting Kilosort 4 at 19:01:30 ...\n\n  !!! CUDA/Runtime ERROR in Window 28 Shank 3 !!!\n  RuntimeError: CUDA error: CUDA-capable device(s) is/are busy or unavailable\nCUDA kernel errors might be asynchronously reported at some other API call, so the stacktrace below might be incorrect.', '!!! CUDA/Runtime ERROR in Window 28 Shank 3 !!!\n  RuntimeError: CUDA error: CUDA-capable device(s) is/are busy or unavailable\nCUDA kernel errors might be asynchronously reported at some other API call, so the stacktrace below might be incorrect.\nFor debugging consider passing CUDA_LAUNCH_BLOCKING=1', '!!! CUDA/Runtime ERROR in Window 28 Shank 3 !!!\n  RuntimeError: CUDA error: CUDA-capable device(s) is/are busy or unavailable\nCUDA kernel errors might be asynchronously reported at some other API call, so the stacktrace below might be incorrect.\nFor debugging consider passing CUDA_LAUNCH_BLOCKING=1\nCompile with `TORCH_USE_CUDA_DSA` to enable device-side assertions.', 'kilosort.run_kilosort: Sorting /ceph/mrsic_flogel/public/projects/BeJG_20230130_VisDetect/wEPhys/BG_046/concat_sort/shank_split/BG_046_01092025/... (multiple files)\nkilosort.run_kilosort: Interpreting binary file as default dtype=\'int16\'. If data was saved in a different format, specify `data_dtype`.\nkilosort.run_kilosort: Encountered error in `run_kilosort`:\nTraceback (most recent call last):\n  File ""/ceph/mrsic_flogel/public/projects/BeJG_20230130_VisDetect/conda_envs/kilosort4/lib/python3.11/site-packages/kilosort/run_kilosort.py"", line 263, in _sort', 'return torch.cuda.cudart().cudaMemGetInfo(device)\n           ^^^^^^^^^^^^^^^^^^^^^^^^^^^^^^^^^^^^^^^^^^\nRuntimeError: CUDA error: CUDA-capable device(s) is/are busy or unavailable\nCUDA kernel errors might be asynchronously reported at some other API call, so the stacktrace below might be incorrect.\nFor debugging consider passing CUDA_LAUNCH_BLOCKING=1', '^^^^^^^^^^^^^^^^^^^^^^^^^^^^^^^^^^^^^^^^^^\nRuntimeError: CUDA error: CUDA-capable device(s) is/are busy or unavailable\nCUDA kernel errors might be asynchronously reported at some other API call, so the stacktrace below might be incorrect.\nFor debugging consider passing CUDA_LAUNCH_BLOCKING=1\nCompile with `TORCH_USE_CUDA_DSA` to enable device-side assertions.', 'return torch.cuda.cudart().cudaMemGetInfo(device)\n           ^^^^^^^^^^^^^^^^^^^^^^^^^^^^^^^^^^^^^^^^^^\nRuntimeError: CUDA error: CUDA-capable device(s) is/are busy or unavailable\nCUDA kernel errors might be asynchronously reported at some other API call, so the stacktrace below might be incorrect.\nFor debugging consider passing CUDA_LAUNCH_BLOCKING=1', '^^^^^^^^^^^^^^^^^^^^^^^^^^^^^^^^^^^^^^^^^^\nRuntimeError: CUDA error: CUDA-capable device(s) is/are busy or unavailable\nCUDA kernel errors might be asynchronously reported at some other API call, so the stacktrace below might be incorrect.\nFor debugging consider passing CUDA_LAUNCH_BLOCKING=1\nCompile with `TORCH_USE_CUDA_DSA` to enable device-side assertions.']",,,"  !!! CUDA/Runtime ERROR in Window 28 Shank 3 !!!
  RuntimeError: CUDA error: CUDA-capable device(s) is/are busy or unavailable
CUDA kernel errors might be asynchronously reported at some other API call, so the stacktrace below might be incorrect.
For debugging consider passing CUDA_LAUNCH_BLOCKING=1
Compile with `TORCH_USE_CUDA_DSA` to enable device-side assertions."
117,True,True,2605,3942862,"['cuda_oom', 'kilosort_error']","[""STDERR:\nkilosort.run_kilosort: Kilosort version 4.1.1\nkilosort.run_kilosort: Python version 3.11.13\nkilosort.run_kilosort: ----------------------------------------\nkilosort.run_kilosort: System information:\nkilosort.run_kilosort: Linux-6.8.0-87-generic-x86_64-with-glibc2.39 x86_64\nkilosort.run_kilosort: x86_64\nkilosort.run_kilosort: Using GPU for PyTorch computations. Specify `device` to change this.\nkilosort.run_kilosort: Using CUDA device: NVIDIA L40S 44.39GB\nkilosort.run_kilosort: ----------------------------------------\nkilosort.run_kilosort: Sorting /ceph/mrsic_flogel/public/projects/BeJG_20230130_VisDetect/wEPhys/BG_046/concat_sort/shank_split/BG_046_02092025/... (multiple files)\nkilosort.run_kilosort: Interpreting binary file as default dtype='int16'. If data was saved in a different format, specify `data_dtype`.\nkilosort.run_kilosort:  \nkilosort.run_kilosort: Resource usage before sorting\nkilosort.run_kilosort: ********************************************************\nkilosort.run_kilos"", 'Starting Kilosort 4 at 19:01:47 ...\n\n  !!! CUDA/Runtime ERROR in Window 29 Shank 0 !!!\n  OutOfMemoryError: CUDA out of memory. Tried to allocate 16.09 GiB. GPU 0 has a total capacity of 44.39 GiB of which 1.48 GiB is free. Including non-PyTorch memory, this process has 42.91 GiB memory in use. Of the allocated memory 42.27 GiB is allocated by PyTorch, and 97.28 MiB is reserved by PyTorch but unallocated. If reserved but unallocated memory is large try setting PYTORCH_CUDA_ALLOC_CONF=expandable_segments:True to avoid fragmentation.  See documentation for Memory Management  (https://pytorch.org/docs/stable/notes/cuda.html#environment-variables)', '!!! CUDA/Runtime ERROR in Window 29 Shank 0 !!!\n  OutOfMemoryError: CUDA out of memory. Tried to allocate 16.09 GiB. GPU 0 has a total capacity of 44.39 GiB of which 1.48 GiB is free. Including non-PyTorch memory, this process has 42.91 GiB memory in use. Of the allocated memory 42.27 GiB is allocated by PyTorch, and 97.28 MiB is reserved by PyTorch but unallocated. If reserved but unallocated memory is large try setting PYTORCH_CUDA_ALLOC_CONF=expandable_segments:True to avoid fragmentation.  See documentation for Memory Management  (https://pytorch.org/docs/stable/notes/cuda.html#environment-variables)', '0%|          | 0/1 [00:00<?, ?it/s]\n  0%|          | 0/1 [1:25:20<?, ?it/s]\nkilosort.clustering_qr: Error in clustering_qr.run on center 22\nTraceback (most recent call last):\n  File ""/ceph/mrsic_flogel/public/projects/BeJG_20230130_VisDetect/conda_envs/kilosort4/lib/python3.11/site-packages/kilosort/clustering_qr.py"", line 494, in run', 'xN = xN - lam/m * (ki.unsqueeze(-1) * kN.to_dense())\n             ~~~~~~^~~~~~~~~~~~~~~~~~~~~~~~~~~~~~~~~~~~\ntorch.OutOfMemoryError: CUDA out of memory. Tried to allocate 16.09 GiB. GPU 0 has a total capacity of 44.39 GiB of which 1.48 GiB is free. Including non-PyTorch memory, this process has 42.91 GiB memory in use. Of the allocated memory 42.27 GiB is allocated by PyTorch, and 97.28 MiB is reserved by PyTorch but unallocated. If reserved but unallocated memory is large try setting PYTORCH_CUDA_ALLOC_CONF=expandable_segments:True to avoid fragmentation.  See documentation for Memory Management  (https://pytorch.org/docs/stable/notes/cuda.html#environment-variables)\nkilosort.run_kilosort: Out of memory error, printing performance...\nTraceback (most recent call last):', '~~~~~~^~~~~~~~~~~~~~~~~~~~~~~~~~~~~~~~~~~~\ntorch.OutOfMemoryError: CUDA out of memory. Tried to allocate 16.09 GiB. GPU 0 has a total capacity of 44.39 GiB of which 1.48 GiB is free. Including non-PyTorch memory, this process has 42.91 GiB memory in use. Of the allocated memory 42.27 GiB is allocated by PyTorch, and 97.28 MiB is reserved by PyTorch but unallocated. If reserved but unallocated memory is large try setting PYTORCH_CUDA_ALLOC_CONF=expandable_segments:True to avoid fragmentation.  See documentation for Memory Management  (https://pytorch.org/docs/stable/notes/cuda.html#environment-variables)\nkilosort.run_kilosort: Out of memory error, printing performance...\nTraceback (most recent call last):\n  File ""/ceph/mrsic_flogel/public/projects/BeJG_20230130_VisDetect/conda_envs/kilosort4/lib/python3.11/site-packages/kilosort/run_kilosort.py"", line 308, in _sort', 'xN = xN - lam/m * (ki.unsqueeze(-1) * kN.to_dense())\n             ~~~~~~^~~~~~~~~~~~~~~~~~~~~~~~~~~~~~~~~~~~\ntorch.OutOfMemoryError: CUDA out of memory. Tried to allocate 16.09 GiB. GPU 0 has a total capacity of 44.39 GiB of which 1.48 GiB is free. Including non-PyTorch memory, this process has 42.91 GiB memory in use. Of the allocated memory 42.27 GiB is allocated by PyTorch, and 97.28 MiB is reserved by PyTorch but unallocated. If reserved but unallocated memory is large try setting PYTORCH_CUDA_ALLOC_CONF=expandable_segments:True to avoid fragmentation.  See documentation for Memory Management  (https://pytorch.org/docs/stable/notes/cuda.html#environment-variables)\nkilosort.run_kilosort: ********************************************************\nkilosort.run_kilosort: CPU usage:     5.60 %', 'kilosort.run_kilosort: Max alloc:    95.22 %     |     42.27   /    44.39 GB\nkilosort.run_kilosort: ********************************************************\nkilosort.run_kilosort: Encountered error in `run_kilosort`:\nTraceback (most recent call last):\n  File ""/ceph/mrsic_flogel/public/projects/BeJG_20230130_VisDetect/conda_envs/kilosort4/lib/python3.11/site-packages/kilosort/run_kilosort.py"", line 308, in _sort']",,,"
  Starting Kilosort 4 at 19:01:47 ...

  !!! CUDA/Runtime ERROR in Window 29 Shank 0 !!!
  OutOfMemoryError: CUDA out of memory. Tried to allocate 16.09 GiB. GPU 0 has a total capacity of 44.39 GiB of which 1.48 GiB is free. Including non-PyTorch memory, this process has 42.91 GiB memory in use. Of the allocated memory 42.27 GiB is allocated by PyTorch, and 97.28 MiB is reserved by PyTorch but unallocated. If reserved but unallocated memory is large try setting PYTORCH_CUDA_ALLOC_CONF=expandable_segments:True to avoid fragmentation.  See documentation for Memory Management  (https://pytorch.org/docs/stable/notes/cuda.html#environment-variables)"
119,True,True,2372,4004,['kilosort_error'],"['STDERR:\nkilosort.run_kilosort: Kilosort version 4.1.1\nkilosort.run_kilosort: Python version 3.11.13\nkilosort.run_kilosort: ----------------------------------------\nkilosort.run_kilosort: System information:\nkilosort.run_kilosort: Linux-6.8.0-106-generic-x86_64-with-glibc2.39 x86_64\nkilosort.run_kilosort: x86_64\nkilosort.run_kilosort: Using GPU for PyTorch computations. Specify `device` to change this.\nkilosort.run_kilosort: Using CUDA device: NVIDIA A100-SXM4-40GB 39.49GB\nkilosort.run_kilosort: ----------------------------------------\nkilosort.run_kilosort: Sorting /ceph/mrsic_flogel/public/projects/BeJG_20230130_VisDetect/wEPhys/BG_046/concat_sort/shank_split/BG_046_02092025/... (multiple files)\nkilosort.run_kilosort: Interpreting binary file as default dtype=\'int16\'. If data was saved in a different format, specify `data_dtype`.\nkilosort.run_kilosort: Encountered error in `run_kilosort`:\nTraceback (most recent call last):\n  File ""/ceph/mrsic_flogel/public/projects/BeJG_20230130_VisDetect/con', 'Starting Kilosort 4 at 20:02:51 ...\n\n  !!! CUDA/Runtime ERROR in Window 29 Shank 2 !!!\n  RuntimeError: CUDA error: CUDA-capable device(s) is/are busy or unavailable\nCUDA kernel errors might be asynchronously reported at some other API call, so the stacktrace below might be incorrect.', '!!! CUDA/Runtime ERROR in Window 29 Shank 2 !!!\n  RuntimeError: CUDA error: CUDA-capable device(s) is/are busy or unavailable\nCUDA kernel errors might be asynchronously reported at some other API call, so the stacktrace below might be incorrect.\nFor debugging consider passing CUDA_LAUNCH_BLOCKING=1', '!!! CUDA/Runtime ERROR in Window 29 Shank 2 !!!\n  RuntimeError: CUDA error: CUDA-capable device(s) is/are busy or unavailable\nCUDA kernel errors might be asynchronously reported at some other API call, so the stacktrace below might be incorrect.\nFor debugging consider passing CUDA_LAUNCH_BLOCKING=1\nCompile with `TORCH_USE_CUDA_DSA` to enable device-side assertions.', 'kilosort.run_kilosort: Sorting /ceph/mrsic_flogel/public/projects/BeJG_20230130_VisDetect/wEPhys/BG_046/concat_sort/shank_split/BG_046_02092025/... (multiple files)\nkilosort.run_kilosort: Interpreting binary file as default dtype=\'int16\'. If data was saved in a different format, specify `data_dtype`.\nkilosort.run_kilosort: Encountered error in `run_kilosort`:\nTraceback (most recent call last):\n  File ""/ceph/mrsic_flogel/public/projects/BeJG_20230130_VisDetect/conda_envs/kilosort4/lib/python3.11/site-packages/kilosort/run_kilosort.py"", line 263, in _sort', 'return torch.cuda.cudart().cudaMemGetInfo(device)\n           ^^^^^^^^^^^^^^^^^^^^^^^^^^^^^^^^^^^^^^^^^^\nRuntimeError: CUDA error: CUDA-capable device(s) is/are busy or unavailable\nCUDA kernel errors might be asynchronously reported at some other API call, so the stacktrace below might be incorrect.\nFor debugging consider passing CUDA_LAUNCH_BLOCKING=1', '^^^^^^^^^^^^^^^^^^^^^^^^^^^^^^^^^^^^^^^^^^\nRuntimeError: CUDA error: CUDA-capable device(s) is/are busy or unavailable\nCUDA kernel errors might be asynchronously reported at some other API call, so the stacktrace below might be incorrect.\nFor debugging consider passing CUDA_LAUNCH_BLOCKING=1\nCompile with `TORCH_USE_CUDA_DSA` to enable device-side assertions.', 'return torch.cuda.cudart().cudaMemGetInfo(device)\n           ^^^^^^^^^^^^^^^^^^^^^^^^^^^^^^^^^^^^^^^^^^\nRuntimeError: CUDA error: CUDA-capable device(s) is/are busy or unavailable\nCUDA kernel errors might be asynchronously reported at some other API call, so the stacktrace below might be incorrect.\nFor debugging consider passing CUDA_LAUNCH_BLOCKING=1', '^^^^^^^^^^^^^^^^^^^^^^^^^^^^^^^^^^^^^^^^^^\nRuntimeError: CUDA error: CUDA-capable device(s) is/are busy or unavailable\nCUDA kernel errors might be asynchronously reported at some other API call, so the stacktrace below might be incorrect.\nFor debugging consider passing CUDA_LAUNCH_BLOCKING=1\nCompile with `TORCH_USE_CUDA_DSA` to enable device-side assertions.']",,,"  !!! CUDA/Runtime ERROR in Window 29 Shank 2 !!!
  RuntimeError: CUDA error: CUDA-capable device(s) is/are busy or unavailable
CUDA kernel errors might be asynchronously reported at some other API call, so the stacktrace below might be incorrect.
For debugging consider passing CUDA_LAUNCH_BLOCKING=1
Compile with `TORCH_USE_CUDA_DSA` to enable device-side assertions."
120,True,True,2372,4004,['kilosort_error'],"['STDERR:\nkilosort.run_kilosort: Kilosort version 4.1.1\nkilosort.run_kilosort: Python version 3.11.13\nkilosort.run_kilosort: ----------------------------------------\nkilosort.run_kilosort: System information:\nkilosort.run_kilosort: Linux-6.8.0-106-generic-x86_64-with-glibc2.39 x86_64\nkilosort.run_kilosort: x86_64\nkilosort.run_kilosort: Using GPU for PyTorch computations. Specify `device` to change this.\nkilosort.run_kilosort: Using CUDA device: NVIDIA A100-SXM4-40GB 39.49GB\nkilosort.run_kilosort: ----------------------------------------\nkilosort.run_kilosort: Sorting /ceph/mrsic_flogel/public/projects/BeJG_20230130_VisDetect/wEPhys/BG_046/concat_sort/shank_split/BG_046_02092025/... (multiple files)\nkilosort.run_kilosort: Interpreting binary file as default dtype=\'int16\'. If data was saved in a different format, specify `data_dtype`.\nkilosort.run_kilosort: Encountered error in `run_kilosort`:\nTraceback (most recent call last):\n  File ""/ceph/mrsic_flogel/public/projects/BeJG_20230130_VisDetect/con', 'Starting Kilosort 4 at 20:02:58 ...\n\n  !!! CUDA/Runtime ERROR in Window 29 Shank 3 !!!\n  RuntimeError: CUDA error: CUDA-capable device(s) is/are busy or unavailable\nCUDA kernel errors might be asynchronously reported at some other API call, so the stacktrace below might be incorrect.', '!!! CUDA/Runtime ERROR in Window 29 Shank 3 !!!\n  RuntimeError: CUDA error: CUDA-capable device(s) is/are busy or unavailable\nCUDA kernel errors might be asynchronously reported at some other API call, so the stacktrace below might be incorrect.\nFor debugging consider passing CUDA_LAUNCH_BLOCKING=1', '!!! CUDA/Runtime ERROR in Window 29 Shank 3 !!!\n  RuntimeError: CUDA error: CUDA-capable device(s) is/are busy or unavailable\nCUDA kernel errors might be asynchronously reported at some other API call, so the stacktrace below might be incorrect.\nFor debugging consider passing CUDA_LAUNCH_BLOCKING=1\nCompile with `TORCH_USE_CUDA_DSA` to enable device-side assertions.', 'kilosort.run_kilosort: Sorting /ceph/mrsic_flogel/public/projects/BeJG_20230130_VisDetect/wEPhys/BG_046/concat_sort/shank_split/BG_046_02092025/... (multiple files)\nkilosort.run_kilosort: Interpreting binary file as default dtype=\'int16\'. If data was saved in a different format, specify `data_dtype`.\nkilosort.run_kilosort: Encountered error in `run_kilosort`:\nTraceback (most recent call last):\n  File ""/ceph/mrsic_flogel/public/projects/BeJG_20230130_VisDetect/conda_envs/kilosort4/lib/python3.11/site-packages/kilosort/run_kilosort.py"", line 263, in _sort', 'return torch.cuda.cudart().cudaMemGetInfo(device)\n           ^^^^^^^^^^^^^^^^^^^^^^^^^^^^^^^^^^^^^^^^^^\nRuntimeError: CUDA error: CUDA-capable device(s) is/are busy or unavailable\nCUDA kernel errors might be asynchronously reported at some other API call, so the stacktrace below might be incorrect.\nFor debugging consider passing CUDA_LAUNCH_BLOCKING=1', '^^^^^^^^^^^^^^^^^^^^^^^^^^^^^^^^^^^^^^^^^^\nRuntimeError: CUDA error: CUDA-capable device(s) is/are busy or unavailable\nCUDA kernel errors might be asynchronously reported at some other API call, so the stacktrace below might be incorrect.\nFor debugging consider passing CUDA_LAUNCH_BLOCKING=1\nCompile with `TORCH_USE_CUDA_DSA` to enable device-side assertions.', 'return torch.cuda.cudart().cudaMemGetInfo(device)\n           ^^^^^^^^^^^^^^^^^^^^^^^^^^^^^^^^^^^^^^^^^^\nRuntimeError: CUDA error: CUDA-capable device(s) is/are busy or unavailable\nCUDA kernel errors might be asynchronously reported at some other API call, so the stacktrace below might be incorrect.\nFor debugging consider passing CUDA_LAUNCH_BLOCKING=1', '^^^^^^^^^^^^^^^^^^^^^^^^^^^^^^^^^^^^^^^^^^\nRuntimeError: CUDA error: CUDA-capable device(s) is/are busy or unavailable\nCUDA kernel errors might be asynchronously reported at some other API call, so the stacktrace below might be incorrect.\nFor debugging consider passing CUDA_LAUNCH_BLOCKING=1\nCompile with `TORCH_USE_CUDA_DSA` to enable device-side assertions.']",,,"  !!! CUDA/Runtime ERROR in Window 29 Shank 3 !!!
  RuntimeError: CUDA error: CUDA-capable device(s) is/are busy or unavailable
CUDA kernel errors might be asynchronously reported at some other API call, so the stacktrace below might be incorrect.
For debugging consider passing CUDA_LAUNCH_BLOCKING=1
Compile with `TORCH_USE_CUDA_DSA` to enable device-side assertions."
121,True,True,2372,4004,['kilosort_error'],"['STDERR:\nkilosort.run_kilosort: Kilosort version 4.1.1\nkilosort.run_kilosort: Python version 3.11.13\nkilosort.run_kilosort: ----------------------------------------\nkilosort.run_kilosort: System information:\nkilosort.run_kilosort: Linux-6.8.0-106-generic-x86_64-with-glibc2.39 x86_64\nkilosort.run_kilosort: x86_64\nkilosort.run_kilosort: Using GPU for PyTorch computations. Specify `device` to change this.\nkilosort.run_kilosort: Using CUDA device: NVIDIA A100-SXM4-40GB 39.49GB\nkilosort.run_kilosort: ----------------------------------------\nkilosort.run_kilosort: Sorting /ceph/mrsic_flogel/public/projects/BeJG_20230130_VisDetect/wEPhys/BG_046/concat_sort/shank_split/BG_046_03092025/... (multiple files)\nkilosort.run_kilosort: Interpreting binary file as default dtype=\'int16\'. If data was saved in a different format, specify `data_dtype`.\nkilosort.run_kilosort: Encountered error in `run_kilosort`:\nTraceback (most recent call last):\n  File ""/ceph/mrsic_flogel/public/projects/BeJG_20230130_VisDetect/con', 'Starting Kilosort 4 at 20:03:05 ...\n\n  !!! CUDA/Runtime ERROR in Window 30 Shank 0 !!!\n  RuntimeError: CUDA error: CUDA-capable device(s) is/are busy or unavailable\nCUDA kernel errors might be asynchronously reported at some other API call, so the stacktrace below might be incorrect.', '!!! CUDA/Runtime ERROR in Window 30 Shank 0 !!!\n  RuntimeError: CUDA error: CUDA-capable device(s) is/are busy or unavailable\nCUDA kernel errors might be asynchronously reported at some other API call, so the stacktrace below might be incorrect.\nFor debugging consider passing CUDA_LAUNCH_BLOCKING=1', '!!! CUDA/Runtime ERROR in Window 30 Shank 0 !!!\n  RuntimeError: CUDA error: CUDA-capable device(s) is/are busy or unavailable\nCUDA kernel errors might be asynchronously reported at some other API call, so the stacktrace below might be incorrect.\nFor debugging consider passing CUDA_LAUNCH_BLOCKING=1\nCompile with `TORCH_USE_CUDA_DSA` to enable device-side assertions.', 'kilosort.run_kilosort: Sorting /ceph/mrsic_flogel/public/projects/BeJG_20230130_VisDetect/wEPhys/BG_046/concat_sort/shank_split/BG_046_03092025/... (multiple files)\nkilosort.run_kilosort: Interpreting binary file as default dtype=\'int16\'. If data was saved in a different format, specify `data_dtype`.\nkilosort.run_kilosort: Encountered error in `run_kilosort`:\nTraceback (most recent call last):\n  File ""/ceph/mrsic_flogel/public/projects/BeJG_20230130_VisDetect/conda_envs/kilosort4/lib/python3.11/site-packages/kilosort/run_kilosort.py"", line 263, in _sort', 'return torch.cuda.cudart().cudaMemGetInfo(device)\n           ^^^^^^^^^^^^^^^^^^^^^^^^^^^^^^^^^^^^^^^^^^\nRuntimeError: CUDA error: CUDA-capable device(s) is/are busy or unavailable\nCUDA kernel errors might be asynchronously reported at some other API call, so the stacktrace below might be incorrect.\nFor debugging consider passing CUDA_LAUNCH_BLOCKING=1', '^^^^^^^^^^^^^^^^^^^^^^^^^^^^^^^^^^^^^^^^^^\nRuntimeError: CUDA error: CUDA-capable device(s) is/are busy or unavailable\nCUDA kernel errors might be asynchronously reported at some other API call, so the stacktrace below might be incorrect.\nFor debugging consider passing CUDA_LAUNCH_BLOCKING=1\nCompile with `TORCH_USE_CUDA_DSA` to enable device-side assertions.', 'return torch.cuda.cudart().cudaMemGetInfo(device)\n           ^^^^^^^^^^^^^^^^^^^^^^^^^^^^^^^^^^^^^^^^^^\nRuntimeError: CUDA error: CUDA-capable device(s) is/are busy or unavailable\nCUDA kernel errors might be asynchronously reported at some other API call, so the stacktrace below might be incorrect.\nFor debugging consider passing CUDA_LAUNCH_BLOCKING=1', '^^^^^^^^^^^^^^^^^^^^^^^^^^^^^^^^^^^^^^^^^^\nRuntimeError: CUDA error: CUDA-capable device(s) is/are busy or unavailable\nCUDA kernel errors might be asynchronously reported at some other API call, so the stacktrace below might be incorrect.\nFor debugging consider passing CUDA_LAUNCH_BLOCKING=1\nCompile with `TORCH_USE_CUDA_DSA` to enable device-side assertions.']",,,"  !!! CUDA/Runtime ERROR in Window 30 Shank 0 !!!
  RuntimeError: CUDA error: CUDA-capable device(s) is/are busy or unavailable
CUDA kernel errors might be asynchronously reported at some other API call, so the stacktrace below might be incorrect.
For debugging consider passing CUDA_LAUNCH_BLOCKING=1
Compile with `TORCH_USE_CUDA_DSA` to enable device-side assertions."
122,True,True,2372,4004,['kilosort_error'],"['STDERR:\nkilosort.run_kilosort: Kilosort version 4.1.1\nkilosort.run_kilosort: Python version 3.11.13\nkilosort.run_kilosort: ----------------------------------------\nkilosort.run_kilosort: System information:\nkilosort.run_kilosort: Linux-6.8.0-106-generic-x86_64-with-glibc2.39 x86_64\nkilosort.run_kilosort: x86_64\nkilosort.run_kilosort: Using GPU for PyTorch computations. Specify `device` to change this.\nkilosort.run_kilosort: Using CUDA device: NVIDIA A100-SXM4-40GB 39.49GB\nkilosort.run_kilosort: ----------------------------------------\nkilosort.run_kilosort: Sorting /ceph/mrsic_flogel/public/projects/BeJG_20230130_VisDetect/wEPhys/BG_046/concat_sort/shank_split/BG_046_03092025/... (multiple files)\nkilosort.run_kilosort: Interpreting binary file as default dtype=\'int16\'. If data was saved in a different format, specify `data_dtype`.\nkilosort.run_kilosort: Encountered error in `run_kilosort`:\nTraceback (most recent call last):\n  File ""/ceph/mrsic_flogel/public/projects/BeJG_20230130_VisDetect/con', 'Starting Kilosort 4 at 20:03:12 ...\n\n  !!! CUDA/Runtime ERROR in Window 30 Shank 1 !!!\n  RuntimeError: CUDA error: CUDA-capable device(s) is/are busy or unavailable\nCUDA kernel errors might be asynchronously reported at some other API call, so the stacktrace below might be incorrect.', '!!! CUDA/Runtime ERROR in Window 30 Shank 1 !!!\n  RuntimeError: CUDA error: CUDA-capable device(s) is/are busy or unavailable\nCUDA kernel errors might be asynchronously reported at some other API call, so the stacktrace below might be incorrect.\nFor debugging consider passing CUDA_LAUNCH_BLOCKING=1', '!!! CUDA/Runtime ERROR in Window 30 Shank 1 !!!\n  RuntimeError: CUDA error: CUDA-capable device(s) is/are busy or unavailable\nCUDA kernel errors might be asynchronously reported at some other API call, so the stacktrace below might be incorrect.\nFor debugging consider passing CUDA_LAUNCH_BLOCKING=1\nCompile with `TORCH_USE_CUDA_DSA` to enable device-side assertions.', 'kilosort.run_kilosort: Sorting /ceph/mrsic_flogel/public/projects/BeJG_20230130_VisDetect/wEPhys/BG_046/concat_sort/shank_split/BG_046_03092025/... (multiple files)\nkilosort.run_kilosort: Interpreting binary file as default dtype=\'int16\'. If data was saved in a different format, specify `data_dtype`.\nkilosort.run_kilosort: Encountered error in `run_kilosort`:\nTraceback (most recent call last):\n  File ""/ceph/mrsic_flogel/public/projects/BeJG_20230130_VisDetect/conda_envs/kilosort4/lib/python3.11/site-packages/kilosort/run_kilosort.py"", line 263, in _sort', 'return torch.cuda.cudart().cudaMemGetInfo(device)\n           ^^^^^^^^^^^^^^^^^^^^^^^^^^^^^^^^^^^^^^^^^^\nRuntimeError: CUDA error: CUDA-capable device(s) is/are busy or unavailable\nCUDA kernel errors might be asynchronously reported at some other API call, so the stacktrace below might be incorrect.\nFor debugging consider passing CUDA_LAUNCH_BLOCKING=1', '^^^^^^^^^^^^^^^^^^^^^^^^^^^^^^^^^^^^^^^^^^\nRuntimeError: CUDA error: CUDA-capable device(s) is/are busy or unavailable\nCUDA kernel errors might be asynchronously reported at some other API call, so the stacktrace below might be incorrect.\nFor debugging consider passing CUDA_LAUNCH_BLOCKING=1\nCompile with `TORCH_USE_CUDA_DSA` to enable device-side assertions.', 'return torch.cuda.cudart().cudaMemGetInfo(device)\n           ^^^^^^^^^^^^^^^^^^^^^^^^^^^^^^^^^^^^^^^^^^\nRuntimeError: CUDA error: CUDA-capable device(s) is/are busy or unavailable\nCUDA kernel errors might be asynchronously reported at some other API call, so the stacktrace below might be incorrect.\nFor debugging consider passing CUDA_LAUNCH_BLOCKING=1', '^^^^^^^^^^^^^^^^^^^^^^^^^^^^^^^^^^^^^^^^^^\nRuntimeError: CUDA error: CUDA-capable device(s) is/are busy or unavailable\nCUDA kernel errors might be asynchronously reported at some other API call, so the stacktrace below might be incorrect.\nFor debugging consider passing CUDA_LAUNCH_BLOCKING=1\nCompile with `TORCH_USE_CUDA_DSA` to enable device-side assertions.']",,,"  !!! CUDA/Runtime ERROR in Window 30 Shank 1 !!!
  RuntimeError: CUDA error: CUDA-capable device(s) is/are busy or unavailable
CUDA kernel errors might be asynchronously reported at some other API call, so the stacktrace below might be incorrect.
For debugging consider passing CUDA_LAUNCH_BLOCKING=1
Compile with `TORCH_USE_CUDA_DSA` to enable device-side assertions."
123,True,True,2372,4004,['kilosort_error'],"['STDERR:\nkilosort.run_kilosort: Kilosort version 4.1.1\nkilosort.run_kilosort: Python version 3.11.13\nkilosort.run_kilosort: ----------------------------------------\nkilosort.run_kilosort: System information:\nkilosort.run_kilosort: Linux-6.8.0-106-generic-x86_64-with-glibc2.39 x86_64\nkilosort.run_kilosort: x86_64\nkilosort.run_kilosort: Using GPU for PyTorch computations. Specify `device` to change this.\nkilosort.run_kilosort: Using CUDA device: NVIDIA A100-SXM4-40GB 39.49GB\nkilosort.run_kilosort: ----------------------------------------\nkilosort.run_kilosort: Sorting /ceph/mrsic_flogel/public/projects/BeJG_20230130_VisDetect/wEPhys/BG_046/concat_sort/shank_split/BG_046_03092025/... (multiple files)\nkilosort.run_kilosort: Interpreting binary file as default dtype=\'int16\'. If data was saved in a different format, specify `data_dtype`.\nkilosort.run_kilosort: Encountered error in `run_kilosort`:\nTraceback (most recent call last):\n  File ""/ceph/mrsic_flogel/public/projects/BeJG_20230130_VisDetect/con', 'Starting Kilosort 4 at 20:03:19 ...\n\n  !!! CUDA/Runtime ERROR in Window 30 Shank 2 !!!\n  RuntimeError: CUDA error: CUDA-capable device(s) is/are busy or unavailable\nCUDA kernel errors might be asynchronously reported at some other API call, so the stacktrace below might be incorrect.', '!!! CUDA/Runtime ERROR in Window 30 Shank 2 !!!\n  RuntimeError: CUDA error: CUDA-capable device(s) is/are busy or unavailable\nCUDA kernel errors might be asynchronously reported at some other API call, so the stacktrace below might be incorrect.\nFor debugging consider passing CUDA_LAUNCH_BLOCKING=1', '!!! CUDA/Runtime ERROR in Window 30 Shank 2 !!!\n  RuntimeError: CUDA error: CUDA-capable device(s) is/are busy or unavailable\nCUDA kernel errors might be asynchronously reported at some other API call, so the stacktrace below might be incorrect.\nFor debugging consider passing CUDA_LAUNCH_BLOCKING=1\nCompile with `TORCH_USE_CUDA_DSA` to enable device-side assertions.', 'kilosort.run_kilosort: Sorting /ceph/mrsic_flogel/public/projects/BeJG_20230130_VisDetect/wEPhys/BG_046/concat_sort/shank_split/BG_046_03092025/... (multiple files)\nkilosort.run_kilosort: Interpreting binary file as default dtype=\'int16\'. If data was saved in a different format, specify `data_dtype`.\nkilosort.run_kilosort: Encountered error in `run_kilosort`:\nTraceback (most recent call last):\n  File ""/ceph/mrsic_flogel/public/projects/BeJG_20230130_VisDetect/conda_envs/kilosort4/lib/python3.11/site-packages/kilosort/run_kilosort.py"", line 263, in _sort', 'return torch.cuda.cudart().cudaMemGetInfo(device)\n           ^^^^^^^^^^^^^^^^^^^^^^^^^^^^^^^^^^^^^^^^^^\nRuntimeError: CUDA error: CUDA-capable device(s) is/are busy or unavailable\nCUDA kernel errors might be asynchronously reported at some other API call, so the stacktrace below might be incorrect.\nFor debugging consider passing CUDA_LAUNCH_BLOCKING=1', '^^^^^^^^^^^^^^^^^^^^^^^^^^^^^^^^^^^^^^^^^^\nRuntimeError: CUDA error: CUDA-capable device(s) is/are busy or unavailable\nCUDA kernel errors might be asynchronously reported at some other API call, so the stacktrace below might be incorrect.\nFor debugging consider passing CUDA_LAUNCH_BLOCKING=1\nCompile with `TORCH_USE_CUDA_DSA` to enable device-side assertions.', 'return torch.cuda.cudart().cudaMemGetInfo(device)\n           ^^^^^^^^^^^^^^^^^^^^^^^^^^^^^^^^^^^^^^^^^^\nRuntimeError: CUDA error: CUDA-capable device(s) is/are busy or unavailable\nCUDA kernel errors might be asynchronously reported at some other API call, so the stacktrace below might be incorrect.\nFor debugging consider passing CUDA_LAUNCH_BLOCKING=1', '^^^^^^^^^^^^^^^^^^^^^^^^^^^^^^^^^^^^^^^^^^\nRuntimeError: CUDA error: CUDA-capable device(s) is/are busy or unavailable\nCUDA kernel errors might be asynchronously reported at some other API call, so the stacktrace below might be incorrect.\nFor debugging consider passing CUDA_LAUNCH_BLOCKING=1\nCompile with `TORCH_USE_CUDA_DSA` to enable device-side assertions.']",,,"  !!! CUDA/Runtime ERROR in Window 30 Shank 2 !!!
  RuntimeError: CUDA error: CUDA-capable device(s) is/are busy or unavailable
CUDA kernel errors might be asynchronously reported at some other API call, so the stacktrace below might be incorrect.
For debugging consider passing CUDA_LAUNCH_BLOCKING=1
Compile with `TORCH_USE_CUDA_DSA` to enable device-side assertions."
124,True,True,2372,4004,['kilosort_error'],"['STDERR:\nkilosort.run_kilosort: Kilosort version 4.1.1\nkilosort.run_kilosort: Python version 3.11.13\nkilosort.run_kilosort: ----------------------------------------\nkilosort.run_kilosort: System information:\nkilosort.run_kilosort: Linux-6.8.0-106-generic-x86_64-with-glibc2.39 x86_64\nkilosort.run_kilosort: x86_64\nkilosort.run_kilosort: Using GPU for PyTorch computations. Specify `device` to change this.\nkilosort.run_kilosort: Using CUDA device: NVIDIA A100-SXM4-40GB 39.49GB\nkilosort.run_kilosort: ----------------------------------------\nkilosort.run_kilosort: Sorting /ceph/mrsic_flogel/public/projects/BeJG_20230130_VisDetect/wEPhys/BG_046/concat_sort/shank_split/BG_046_03092025/... (multiple files)\nkilosort.run_kilosort: Interpreting binary file as default dtype=\'int16\'. If data was saved in a different format, specify `data_dtype`.\nkilosort.run_kilosort: Encountered error in `run_kilosort`:\nTraceback (most recent call last):\n  File ""/ceph/mrsic_flogel/public/projects/BeJG_20230130_VisDetect/con', 'Starting Kilosort 4 at 20:03:26 ...\n\n  !!! CUDA/Runtime ERROR in Window 30 Shank 3 !!!\n  RuntimeError: CUDA error: CUDA-capable device(s) is/are busy or unavailable\nCUDA kernel errors might be asynchronously reported at some other API call, so the stacktrace below might be incorrect.', '!!! CUDA/Runtime ERROR in Window 30 Shank 3 !!!\n  RuntimeError: CUDA error: CUDA-capable device(s) is/are busy or unavailable\nCUDA kernel errors might be asynchronously reported at some other API call, so the stacktrace below might be incorrect.\nFor debugging consider passing CUDA_LAUNCH_BLOCKING=1', '!!! CUDA/Runtime ERROR in Window 30 Shank 3 !!!\n  RuntimeError: CUDA error: CUDA-capable device(s) is/are busy or unavailable\nCUDA kernel errors might be asynchronously reported at some other API call, so the stacktrace below might be incorrect.\nFor debugging consider passing CUDA_LAUNCH_BLOCKING=1\nCompile with `TORCH_USE_CUDA_DSA` to enable device-side assertions.', 'kilosort.run_kilosort: Sorting /ceph/mrsic_flogel/public/projects/BeJG_20230130_VisDetect/wEPhys/BG_046/concat_sort/shank_split/BG_046_03092025/... (multiple files)\nkilosort.run_kilosort: Interpreting binary file as default dtype=\'int16\'. If data was saved in a different format, specify `data_dtype`.\nkilosort.run_kilosort: Encountered error in `run_kilosort`:\nTraceback (most recent call last):\n  File ""/ceph/mrsic_flogel/public/projects/BeJG_20230130_VisDetect/conda_envs/kilosort4/lib/python3.11/site-packages/kilosort/run_kilosort.py"", line 263, in _sort', 'return torch.cuda.cudart().cudaMemGetInfo(device)\n           ^^^^^^^^^^^^^^^^^^^^^^^^^^^^^^^^^^^^^^^^^^\nRuntimeError: CUDA error: CUDA-capable device(s) is/are busy or unavailable\nCUDA kernel errors might be asynchronously reported at some other API call, so the stacktrace below might be incorrect.\nFor debugging consider passing CUDA_LAUNCH_BLOCKING=1', '^^^^^^^^^^^^^^^^^^^^^^^^^^^^^^^^^^^^^^^^^^\nRuntimeError: CUDA error: CUDA-capable device(s) is/are busy or unavailable\nCUDA kernel errors might be asynchronously reported at some other API call, so the stacktrace below might be incorrect.\nFor debugging consider passing CUDA_LAUNCH_BLOCKING=1\nCompile with `TORCH_USE_CUDA_DSA` to enable device-side assertions.', 'return torch.cuda.cudart().cudaMemGetInfo(device)\n           ^^^^^^^^^^^^^^^^^^^^^^^^^^^^^^^^^^^^^^^^^^\nRuntimeError: CUDA error: CUDA-capable device(s) is/are busy or unavailable\nCUDA kernel errors might be asynchronously reported at some other API call, so the stacktrace below might be incorrect.\nFor debugging consider passing CUDA_LAUNCH_BLOCKING=1', '^^^^^^^^^^^^^^^^^^^^^^^^^^^^^^^^^^^^^^^^^^\nRuntimeError: CUDA error: CUDA-capable device(s) is/are busy or unavailable\nCUDA kernel errors might be asynchronously reported at some other API call, so the stacktrace below might be incorrect.\nFor debugging consider passing CUDA_LAUNCH_BLOCKING=1\nCompile with `TORCH_USE_CUDA_DSA` to enable device-side assertions.']",,,"  !!! CUDA/Runtime ERROR in Window 30 Shank 3 !!!
  RuntimeError: CUDA error: CUDA-capable device(s) is/are busy or unavailable
CUDA kernel errors might be asynchronously reported at some other API call, so the stacktrace below might be incorrect.
For debugging consider passing CUDA_LAUNCH_BLOCKING=1
Compile with `TORCH_USE_CUDA_DSA` to enable device-side assertions."
125,True,True,2372,4004,['kilosort_error'],"['STDERR:\nkilosort.run_kilosort: Kilosort version 4.1.1\nkilosort.run_kilosort: Python version 3.11.13\nkilosort.run_kilosort: ----------------------------------------\nkilosort.run_kilosort: System information:\nkilosort.run_kilosort: Linux-6.8.0-106-generic-x86_64-with-glibc2.39 x86_64\nkilosort.run_kilosort: x86_64\nkilosort.run_kilosort: Using GPU for PyTorch computations. Specify `device` to change this.\nkilosort.run_kilosort: Using CUDA device: NVIDIA A100-SXM4-40GB 39.49GB\nkilosort.run_kilosort: ----------------------------------------\nkilosort.run_kilosort: Sorting /ceph/mrsic_flogel/public/projects/BeJG_20230130_VisDetect/wEPhys/BG_046/concat_sort/shank_split/BG_046_04092025/... (multiple files)\nkilosort.run_kilosort: Interpreting binary file as default dtype=\'int16\'. If data was saved in a different format, specify `data_dtype`.\nkilosort.run_kilosort: Encountered error in `run_kilosort`:\nTraceback (most recent call last):\n  File ""/ceph/mrsic_flogel/public/projects/BeJG_20230130_VisDetect/con', 'Starting Kilosort 4 at 20:03:33 ...\n\n  !!! CUDA/Runtime ERROR in Window 31 Shank 0 !!!\n  RuntimeError: CUDA error: CUDA-capable device(s) is/are busy or unavailable\nCUDA kernel errors might be asynchronously reported at some other API call, so the stacktrace below might be incorrect.', '!!! CUDA/Runtime ERROR in Window 31 Shank 0 !!!\n  RuntimeError: CUDA error: CUDA-capable device(s) is/are busy or unavailable\nCUDA kernel errors might be asynchronously reported at some other API call, so the stacktrace below might be incorrect.\nFor debugging consider passing CUDA_LAUNCH_BLOCKING=1', '!!! CUDA/Runtime ERROR in Window 31 Shank 0 !!!\n  RuntimeError: CUDA error: CUDA-capable device(s) is/are busy or unavailable\nCUDA kernel errors might be asynchronously reported at some other API call, so the stacktrace below might be incorrect.\nFor debugging consider passing CUDA_LAUNCH_BLOCKING=1\nCompile with `TORCH_USE_CUDA_DSA` to enable device-side assertions.', 'kilosort.run_kilosort: Sorting /ceph/mrsic_flogel/public/projects/BeJG_20230130_VisDetect/wEPhys/BG_046/concat_sort/shank_split/BG_046_04092025/... (multiple files)\nkilosort.run_kilosort: Interpreting binary file as default dtype=\'int16\'. If data was saved in a different format, specify `data_dtype`.\nkilosort.run_kilosort: Encountered error in `run_kilosort`:\nTraceback (most recent call last):\n  File ""/ceph/mrsic_flogel/public/projects/BeJG_20230130_VisDetect/conda_envs/kilosort4/lib/python3.11/site-packages/kilosort/run_kilosort.py"", line 263, in _sort', 'return torch.cuda.cudart().cudaMemGetInfo(device)\n           ^^^^^^^^^^^^^^^^^^^^^^^^^^^^^^^^^^^^^^^^^^\nRuntimeError: CUDA error: CUDA-capable device(s) is/are busy or unavailable\nCUDA kernel errors might be asynchronously reported at some other API call, so the stacktrace below might be incorrect.\nFor debugging consider passing CUDA_LAUNCH_BLOCKING=1', '^^^^^^^^^^^^^^^^^^^^^^^^^^^^^^^^^^^^^^^^^^\nRuntimeError: CUDA error: CUDA-capable device(s) is/are busy or unavailable\nCUDA kernel errors might be asynchronously reported at some other API call, so the stacktrace below might be incorrect.\nFor debugging consider passing CUDA_LAUNCH_BLOCKING=1\nCompile with `TORCH_USE_CUDA_DSA` to enable device-side assertions.', 'return torch.cuda.cudart().cudaMemGetInfo(device)\n           ^^^^^^^^^^^^^^^^^^^^^^^^^^^^^^^^^^^^^^^^^^\nRuntimeError: CUDA error: CUDA-capable device(s) is/are busy or unavailable\nCUDA kernel errors might be asynchronously reported at some other API call, so the stacktrace below might be incorrect.\nFor debugging consider passing CUDA_LAUNCH_BLOCKING=1', '^^^^^^^^^^^^^^^^^^^^^^^^^^^^^^^^^^^^^^^^^^\nRuntimeError: CUDA error: CUDA-capable device(s) is/are busy or unavailable\nCUDA kernel errors might be asynchronously reported at some other API call, so the stacktrace below might be incorrect.\nFor debugging consider passing CUDA_LAUNCH_BLOCKING=1\nCompile with `TORCH_USE_CUDA_DSA` to enable device-side assertions.']",,,"  !!! CUDA/Runtime ERROR in Window 31 Shank 0 !!!
  RuntimeError: CUDA error: CUDA-capable device(s) is/are busy or unavailable
CUDA kernel errors might be asynchronously reported at some other API call, so the stacktrace below might be incorrect.
For debugging consider passing CUDA_LAUNCH_BLOCKING=1
Compile with `TORCH_USE_CUDA_DSA` to enable device-side assertions."
126,True,True,2372,4004,['kilosort_error'],"['STDERR:\nkilosort.run_kilosort: Kilosort version 4.1.1\nkilosort.run_kilosort: Python version 3.11.13\nkilosort.run_kilosort: ----------------------------------------\nkilosort.run_kilosort: System information:\nkilosort.run_kilosort: Linux-6.8.0-106-generic-x86_64-with-glibc2.39 x86_64\nkilosort.run_kilosort: x86_64\nkilosort.run_kilosort: Using GPU for PyTorch computations. Specify `device` to change this.\nkilosort.run_kilosort: Using CUDA device: NVIDIA A100-SXM4-40GB 39.49GB\nkilosort.run_kilosort: ----------------------------------------\nkilosort.run_kilosort: Sorting /ceph/mrsic_flogel/public/projects/BeJG_20230130_VisDetect/wEPhys/BG_046/concat_sort/shank_split/BG_046_04092025/... (multiple files)\nkilosort.run_kilosort: Interpreting binary file as default dtype=\'int16\'. If data was saved in a different format, specify `data_dtype`.\nkilosort.run_kilosort: Encountered error in `run_kilosort`:\nTraceback (most recent call last):\n  File ""/ceph/mrsic_flogel/public/projects/BeJG_20230130_VisDetect/con', 'Starting Kilosort 4 at 20:03:38 ...\n\n  !!! CUDA/Runtime ERROR in Window 31 Shank 1 !!!\n  RuntimeError: CUDA error: CUDA-capable device(s) is/are busy or unavailable\nCUDA kernel errors might be asynchronously reported at some other API call, so the stacktrace below might be incorrect.', '!!! CUDA/Runtime ERROR in Window 31 Shank 1 !!!\n  RuntimeError: CUDA error: CUDA-capable device(s) is/are busy or unavailable\nCUDA kernel errors might be asynchronously reported at some other API call, so the stacktrace below might be incorrect.\nFor debugging consider passing CUDA_LAUNCH_BLOCKING=1', '!!! CUDA/Runtime ERROR in Window 31 Shank 1 !!!\n  RuntimeError: CUDA error: CUDA-capable device(s) is/are busy or unavailable\nCUDA kernel errors might be asynchronously reported at some other API call, so the stacktrace below might be incorrect.\nFor debugging consider passing CUDA_LAUNCH_BLOCKING=1\nCompile with `TORCH_USE_CUDA_DSA` to enable device-side assertions.', 'kilosort.run_kilosort: Sorting /ceph/mrsic_flogel/public/projects/BeJG_20230130_VisDetect/wEPhys/BG_046/concat_sort/shank_split/BG_046_04092025/... (multiple files)\nkilosort.run_kilosort: Interpreting binary file as default dtype=\'int16\'. If data was saved in a different format, specify `data_dtype`.\nkilosort.run_kilosort: Encountered error in `run_kilosort`:\nTraceback (most recent call last):\n  File ""/ceph/mrsic_flogel/public/projects/BeJG_20230130_VisDetect/conda_envs/kilosort4/lib/python3.11/site-packages/kilosort/run_kilosort.py"", line 263, in _sort', 'return torch.cuda.cudart().cudaMemGetInfo(device)\n           ^^^^^^^^^^^^^^^^^^^^^^^^^^^^^^^^^^^^^^^^^^\nRuntimeError: CUDA error: CUDA-capable device(s) is/are busy or unavailable\nCUDA kernel errors might be asynchronously reported at some other API call, so the stacktrace below might be incorrect.\nFor debugging consider passing CUDA_LAUNCH_BLOCKING=1', '^^^^^^^^^^^^^^^^^^^^^^^^^^^^^^^^^^^^^^^^^^\nRuntimeError: CUDA error: CUDA-capable device(s) is/are busy or unavailable\nCUDA kernel errors might be asynchronously reported at some other API call, so the stacktrace below might be incorrect.\nFor debugging consider passing CUDA_LAUNCH_BLOCKING=1\nCompile with `TORCH_USE_CUDA_DSA` to enable device-side assertions.', 'return torch.cuda.cudart().cudaMemGetInfo(device)\n           ^^^^^^^^^^^^^^^^^^^^^^^^^^^^^^^^^^^^^^^^^^\nRuntimeError: CUDA error: CUDA-capable device(s) is/are busy or unavailable\nCUDA kernel errors might be asynchronously reported at some other API call, so the stacktrace below might be incorrect.\nFor debugging consider passing CUDA_LAUNCH_BLOCKING=1', '^^^^^^^^^^^^^^^^^^^^^^^^^^^^^^^^^^^^^^^^^^\nRuntimeError: CUDA error: CUDA-capable device(s) is/are busy or unavailable\nCUDA kernel errors might be asynchronously reported at some other API call, so the stacktrace below might be incorrect.\nFor debugging consider passing CUDA_LAUNCH_BLOCKING=1\nCompile with `TORCH_USE_CUDA_DSA` to enable device-side assertions.']",,,"  !!! CUDA/Runtime ERROR in Window 31 Shank 1 !!!
  RuntimeError: CUDA error: CUDA-capable device(s) is/are busy or unavailable
CUDA kernel errors might be asynchronously reported at some other API call, so the stacktrace below might be incorrect.
For debugging consider passing CUDA_LAUNCH_BLOCKING=1
Compile with `TORCH_USE_CUDA_DSA` to enable device-side assertions."
127,True,True,2372,4004,['kilosort_error'],"['STDERR:\nkilosort.run_kilosort: Kilosort version 4.1.1\nkilosort.run_kilosort: Python version 3.11.13\nkilosort.run_kilosort: ----------------------------------------\nkilosort.run_kilosort: System information:\nkilosort.run_kilosort: Linux-6.8.0-106-generic-x86_64-with-glibc2.39 x86_64\nkilosort.run_kilosort: x86_64\nkilosort.run_kilosort: Using GPU for PyTorch computations. Specify `device` to change this.\nkilosort.run_kilosort: Using CUDA device: NVIDIA A100-SXM4-40GB 39.49GB\nkilosort.run_kilosort: ----------------------------------------\nkilosort.run_kilosort: Sorting /ceph/mrsic_flogel/public/projects/BeJG_20230130_VisDetect/wEPhys/BG_046/concat_sort/shank_split/BG_046_04092025/... (multiple files)\nkilosort.run_kilosort: Interpreting binary file as default dtype=\'int16\'. If data was saved in a different format, specify `data_dtype`.\nkilosort.run_kilosort: Encountered error in `run_kilosort`:\nTraceback (most recent call last):\n  File ""/ceph/mrsic_flogel/public/projects/BeJG_20230130_VisDetect/con', 'Starting Kilosort 4 at 20:03:43 ...\n\n  !!! CUDA/Runtime ERROR in Window 31 Shank 2 !!!\n  RuntimeError: CUDA error: CUDA-capable device(s) is/are busy or unavailable\nCUDA kernel errors might be asynchronously reported at some other API call, so the stacktrace below might be incorrect.', '!!! CUDA/Runtime ERROR in Window 31 Shank 2 !!!\n  RuntimeError: CUDA error: CUDA-capable device(s) is/are busy or unavailable\nCUDA kernel errors might be asynchronously reported at some other API call, so the stacktrace below might be incorrect.\nFor debugging consider passing CUDA_LAUNCH_BLOCKING=1', '!!! CUDA/Runtime ERROR in Window 31 Shank 2 !!!\n  RuntimeError: CUDA error: CUDA-capable device(s) is/are busy or unavailable\nCUDA kernel errors might be asynchronously reported at some other API call, so the stacktrace below might be incorrect.\nFor debugging consider passing CUDA_LAUNCH_BLOCKING=1\nCompile with `TORCH_USE_CUDA_DSA` to enable device-side assertions.', 'kilosort.run_kilosort: Sorting /ceph/mrsic_flogel/public/projects/BeJG_20230130_VisDetect/wEPhys/BG_046/concat_sort/shank_split/BG_046_04092025/... (multiple files)\nkilosort.run_kilosort: Interpreting binary file as default dtype=\'int16\'. If data was saved in a different format, specify `data_dtype`.\nkilosort.run_kilosort: Encountered error in `run_kilosort`:\nTraceback (most recent call last):\n  File ""/ceph/mrsic_flogel/public/projects/BeJG_20230130_VisDetect/conda_envs/kilosort4/lib/python3.11/site-packages/kilosort/run_kilosort.py"", line 263, in _sort', 'return torch.cuda.cudart().cudaMemGetInfo(device)\n           ^^^^^^^^^^^^^^^^^^^^^^^^^^^^^^^^^^^^^^^^^^\nRuntimeError: CUDA error: CUDA-capable device(s) is/are busy or unavailable\nCUDA kernel errors might be asynchronously reported at some other API call, so the stacktrace below might be incorrect.\nFor debugging consider passing CUDA_LAUNCH_BLOCKING=1', '^^^^^^^^^^^^^^^^^^^^^^^^^^^^^^^^^^^^^^^^^^\nRuntimeError: CUDA error: CUDA-capable device(s) is/are busy or unavailable\nCUDA kernel errors might be asynchronously reported at some other API call, so the stacktrace below might be incorrect.\nFor debugging consider passing CUDA_LAUNCH_BLOCKING=1\nCompile with `TORCH_USE_CUDA_DSA` to enable device-side assertions.', 'return torch.cuda.cudart().cudaMemGetInfo(device)\n           ^^^^^^^^^^^^^^^^^^^^^^^^^^^^^^^^^^^^^^^^^^\nRuntimeError: CUDA error: CUDA-capable device(s) is/are busy or unavailable\nCUDA kernel errors might be asynchronously reported at some other API call, so the stacktrace below might be incorrect.\nFor debugging consider passing CUDA_LAUNCH_BLOCKING=1', '^^^^^^^^^^^^^^^^^^^^^^^^^^^^^^^^^^^^^^^^^^\nRuntimeError: CUDA error: CUDA-capable device(s) is/are busy or unavailable\nCUDA kernel errors might be asynchronously reported at some other API call, so the stacktrace below might be incorrect.\nFor debugging consider passing CUDA_LAUNCH_BLOCKING=1\nCompile with `TORCH_USE_CUDA_DSA` to enable device-side assertions.']",,,"  !!! CUDA/Runtime ERROR in Window 31 Shank 2 !!!
  RuntimeError: CUDA error: CUDA-capable device(s) is/are busy or unavailable
CUDA kernel errors might be asynchronously reported at some other API call, so the stacktrace below might be incorrect.
For debugging consider passing CUDA_LAUNCH_BLOCKING=1
Compile with `TORCH_USE_CUDA_DSA` to enable device-side assertions."
128,True,True,2372,4004,['kilosort_error'],"['STDERR:\nkilosort.run_kilosort: Kilosort version 4.1.1\nkilosort.run_kilosort: Python version 3.11.13\nkilosort.run_kilosort: ----------------------------------------\nkilosort.run_kilosort: System information:\nkilosort.run_kilosort: Linux-6.8.0-106-generic-x86_64-with-glibc2.39 x86_64\nkilosort.run_kilosort: x86_64\nkilosort.run_kilosort: Using GPU for PyTorch computations. Specify `device` to change this.\nkilosort.run_kilosort: Using CUDA device: NVIDIA A100-SXM4-40GB 39.49GB\nkilosort.run_kilosort: ----------------------------------------\nkilosort.run_kilosort: Sorting /ceph/mrsic_flogel/public/projects/BeJG_20230130_VisDetect/wEPhys/BG_046/concat_sort/shank_split/BG_046_04092025/... (multiple files)\nkilosort.run_kilosort: Interpreting binary file as default dtype=\'int16\'. If data was saved in a different format, specify `data_dtype`.\nkilosort.run_kilosort: Encountered error in `run_kilosort`:\nTraceback (most recent call last):\n  File ""/ceph/mrsic_flogel/public/projects/BeJG_20230130_VisDetect/con', 'Starting Kilosort 4 at 20:03:48 ...\n\n  !!! CUDA/Runtime ERROR in Window 31 Shank 3 !!!\n  RuntimeError: CUDA error: CUDA-capable device(s) is/are busy or unavailable\nCUDA kernel errors might be asynchronously reported at some other API call, so the stacktrace below might be incorrect.', '!!! CUDA/Runtime ERROR in Window 31 Shank 3 !!!\n  RuntimeError: CUDA error: CUDA-capable device(s) is/are busy or unavailable\nCUDA kernel errors might be asynchronously reported at some other API call, so the stacktrace below might be incorrect.\nFor debugging consider passing CUDA_LAUNCH_BLOCKING=1', '!!! CUDA/Runtime ERROR in Window 31 Shank 3 !!!\n  RuntimeError: CUDA error: CUDA-capable device(s) is/are busy or unavailable\nCUDA kernel errors might be asynchronously reported at some other API call, so the stacktrace below might be incorrect.\nFor debugging consider passing CUDA_LAUNCH_BLOCKING=1\nCompile with `TORCH_USE_CUDA_DSA` to enable device-side assertions.', 'kilosort.run_kilosort: Sorting /ceph/mrsic_flogel/public/projects/BeJG_20230130_VisDetect/wEPhys/BG_046/concat_sort/shank_split/BG_046_04092025/... (multiple files)\nkilosort.run_kilosort: Interpreting binary file as default dtype=\'int16\'. If data was saved in a different format, specify `data_dtype`.\nkilosort.run_kilosort: Encountered error in `run_kilosort`:\nTraceback (most recent call last):\n  File ""/ceph/mrsic_flogel/public/projects/BeJG_20230130_VisDetect/conda_envs/kilosort4/lib/python3.11/site-packages/kilosort/run_kilosort.py"", line 263, in _sort', 'return torch.cuda.cudart().cudaMemGetInfo(device)\n           ^^^^^^^^^^^^^^^^^^^^^^^^^^^^^^^^^^^^^^^^^^\nRuntimeError: CUDA error: CUDA-capable device(s) is/are busy or unavailable\nCUDA kernel errors might be asynchronously reported at some other API call, so the stacktrace below might be incorrect.\nFor debugging consider passing CUDA_LAUNCH_BLOCKING=1', '^^^^^^^^^^^^^^^^^^^^^^^^^^^^^^^^^^^^^^^^^^\nRuntimeError: CUDA error: CUDA-capable device(s) is/are busy or unavailable\nCUDA kernel errors might be asynchronously reported at some other API call, so the stacktrace below might be incorrect.\nFor debugging consider passing CUDA_LAUNCH_BLOCKING=1\nCompile with `TORCH_USE_CUDA_DSA` to enable device-side assertions.', 'return torch.cuda.cudart().cudaMemGetInfo(device)\n           ^^^^^^^^^^^^^^^^^^^^^^^^^^^^^^^^^^^^^^^^^^\nRuntimeError: CUDA error: CUDA-capable device(s) is/are busy or unavailable\nCUDA kernel errors might be asynchronously reported at some other API call, so the stacktrace below might be incorrect.\nFor debugging consider passing CUDA_LAUNCH_BLOCKING=1', '^^^^^^^^^^^^^^^^^^^^^^^^^^^^^^^^^^^^^^^^^^\nRuntimeError: CUDA error: CUDA-capable device(s) is/are busy or unavailable\nCUDA kernel errors might be asynchronously reported at some other API call, so the stacktrace below might be incorrect.\nFor debugging consider passing CUDA_LAUNCH_BLOCKING=1\nCompile with `TORCH_USE_CUDA_DSA` to enable device-side assertions.']",,,"  !!! CUDA/Runtime ERROR in Window 31 Shank 3 !!!
  RuntimeError: CUDA error: CUDA-capable device(s) is/are busy or unavailable
CUDA kernel errors might be asynchronously reported at some other API call, so the stacktrace below might be incorrect.
For debugging consider passing CUDA_LAUNCH_BLOCKING=1
Compile with `TORCH_USE_CUDA_DSA` to enable device-side assertions."
129,True,True,2372,4004,['kilosort_error'],"['STDERR:\nkilosort.run_kilosort: Kilosort version 4.1.1\nkilosort.run_kilosort: Python version 3.11.13\nkilosort.run_kilosort: ----------------------------------------\nkilosort.run_kilosort: System information:\nkilosort.run_kilosort: Linux-6.8.0-106-generic-x86_64-with-glibc2.39 x86_64\nkilosort.run_kilosort: x86_64\nkilosort.run_kilosort: Using GPU for PyTorch computations. Specify `device` to change this.\nkilosort.run_kilosort: Using CUDA device: NVIDIA A100-SXM4-40GB 39.49GB\nkilosort.run_kilosort: ----------------------------------------\nkilosort.run_kilosort: Sorting /ceph/mrsic_flogel/public/projects/BeJG_20230130_VisDetect/wEPhys/BG_046/concat_sort/shank_split/BG_046_08092025/... (multiple files)\nkilosort.run_kilosort: Interpreting binary file as default dtype=\'int16\'. If data was saved in a different format, specify `data_dtype`.\nkilosort.run_kilosort: Encountered error in `run_kilosort`:\nTraceback (most recent call last):\n  File ""/ceph/mrsic_flogel/public/projects/BeJG_20230130_VisDetect/con', 'Starting Kilosort 4 at 20:03:54 ...\n\n  !!! CUDA/Runtime ERROR in Window 32 Shank 0 !!!\n  RuntimeError: CUDA error: CUDA-capable device(s) is/are busy or unavailable\nCUDA kernel errors might be asynchronously reported at some other API call, so the stacktrace below might be incorrect.', '!!! CUDA/Runtime ERROR in Window 32 Shank 0 !!!\n  RuntimeError: CUDA error: CUDA-capable device(s) is/are busy or unavailable\nCUDA kernel errors might be asynchronously reported at some other API call, so the stacktrace below might be incorrect.\nFor debugging consider passing CUDA_LAUNCH_BLOCKING=1', '!!! CUDA/Runtime ERROR in Window 32 Shank 0 !!!\n  RuntimeError: CUDA error: CUDA-capable device(s) is/are busy or unavailable\nCUDA kernel errors might be asynchronously reported at some other API call, so the stacktrace below might be incorrect.\nFor debugging consider passing CUDA_LAUNCH_BLOCKING=1\nCompile with `TORCH_USE_CUDA_DSA` to enable device-side assertions.', 'kilosort.run_kilosort: Sorting /ceph/mrsic_flogel/public/projects/BeJG_20230130_VisDetect/wEPhys/BG_046/concat_sort/shank_split/BG_046_08092025/... (multiple files)\nkilosort.run_kilosort: Interpreting binary file as default dtype=\'int16\'. If data was saved in a different format, specify `data_dtype`.\nkilosort.run_kilosort: Encountered error in `run_kilosort`:\nTraceback (most recent call last):\n  File ""/ceph/mrsic_flogel/public/projects/BeJG_20230130_VisDetect/conda_envs/kilosort4/lib/python3.11/site-packages/kilosort/run_kilosort.py"", line 263, in _sort', 'return torch.cuda.cudart().cudaMemGetInfo(device)\n           ^^^^^^^^^^^^^^^^^^^^^^^^^^^^^^^^^^^^^^^^^^\nRuntimeError: CUDA error: CUDA-capable device(s) is/are busy or unavailable\nCUDA kernel errors might be asynchronously reported at some other API call, so the stacktrace below might be incorrect.\nFor debugging consider passing CUDA_LAUNCH_BLOCKING=1', '^^^^^^^^^^^^^^^^^^^^^^^^^^^^^^^^^^^^^^^^^^\nRuntimeError: CUDA error: CUDA-capable device(s) is/are busy or unavailable\nCUDA kernel errors might be asynchronously reported at some other API call, so the stacktrace below might be incorrect.\nFor debugging consider passing CUDA_LAUNCH_BLOCKING=1\nCompile with `TORCH_USE_CUDA_DSA` to enable device-side assertions.', 'return torch.cuda.cudart().cudaMemGetInfo(device)\n           ^^^^^^^^^^^^^^^^^^^^^^^^^^^^^^^^^^^^^^^^^^\nRuntimeError: CUDA error: CUDA-capable device(s) is/are busy or unavailable\nCUDA kernel errors might be asynchronously reported at some other API call, so the stacktrace below might be incorrect.\nFor debugging consider passing CUDA_LAUNCH_BLOCKING=1', '^^^^^^^^^^^^^^^^^^^^^^^^^^^^^^^^^^^^^^^^^^\nRuntimeError: CUDA error: CUDA-capable device(s) is/are busy or unavailable\nCUDA kernel errors might be asynchronously reported at some other API call, so the stacktrace below might be incorrect.\nFor debugging consider passing CUDA_LAUNCH_BLOCKING=1\nCompile with `TORCH_USE_CUDA_DSA` to enable device-side assertions.']",,,"  !!! CUDA/Runtime ERROR in Window 32 Shank 0 !!!
  RuntimeError: CUDA error: CUDA-capable device(s) is/are busy or unavailable
CUDA kernel errors might be asynchronously reported at some other API call, so the stacktrace below might be incorrect.
For debugging consider passing CUDA_LAUNCH_BLOCKING=1
Compile with `TORCH_USE_CUDA_DSA` to enable device-side assertions."
130,True,True,2372,4004,['kilosort_error'],"['STDERR:\nkilosort.run_kilosort: Kilosort version 4.1.1\nkilosort.run_kilosort: Python version 3.11.13\nkilosort.run_kilosort: ----------------------------------------\nkilosort.run_kilosort: System information:\nkilosort.run_kilosort: Linux-6.8.0-106-generic-x86_64-with-glibc2.39 x86_64\nkilosort.run_kilosort: x86_64\nkilosort.run_kilosort: Using GPU for PyTorch computations. Specify `device` to change this.\nkilosort.run_kilosort: Using CUDA device: NVIDIA A100-SXM4-40GB 39.49GB\nkilosort.run_kilosort: ----------------------------------------\nkilosort.run_kilosort: Sorting /ceph/mrsic_flogel/public/projects/BeJG_20230130_VisDetect/wEPhys/BG_046/concat_sort/shank_split/BG_046_08092025/... (multiple files)\nkilosort.run_kilosort: Interpreting binary file as default dtype=\'int16\'. If data was saved in a different format, specify `data_dtype`.\nkilosort.run_kilosort: Encountered error in `run_kilosort`:\nTraceback (most recent call last):\n  File ""/ceph/mrsic_flogel/public/projects/BeJG_20230130_VisDetect/con', 'Starting Kilosort 4 at 20:04:01 ...\n\n  !!! CUDA/Runtime ERROR in Window 32 Shank 1 !!!\n  RuntimeError: CUDA error: CUDA-capable device(s) is/are busy or unavailable\nCUDA kernel errors might be asynchronously reported at some other API call, so the stacktrace below might be incorrect.', '!!! CUDA/Runtime ERROR in Window 32 Shank 1 !!!\n  RuntimeError: CUDA error: CUDA-capable device(s) is/are busy or unavailable\nCUDA kernel errors might be asynchronously reported at some other API call, so the stacktrace below might be incorrect.\nFor debugging consider passing CUDA_LAUNCH_BLOCKING=1', '!!! CUDA/Runtime ERROR in Window 32 Shank 1 !!!\n  RuntimeError: CUDA error: CUDA-capable device(s) is/are busy or unavailable\nCUDA kernel errors might be asynchronously reported at some other API call, so the stacktrace below might be incorrect.\nFor debugging consider passing CUDA_LAUNCH_BLOCKING=1\nCompile with `TORCH_USE_CUDA_DSA` to enable device-side assertions.', 'kilosort.run_kilosort: Sorting /ceph/mrsic_flogel/public/projects/BeJG_20230130_VisDetect/wEPhys/BG_046/concat_sort/shank_split/BG_046_08092025/... (multiple files)\nkilosort.run_kilosort: Interpreting binary file as default dtype=\'int16\'. If data was saved in a different format, specify `data_dtype`.\nkilosort.run_kilosort: Encountered error in `run_kilosort`:\nTraceback (most recent call last):\n  File ""/ceph/mrsic_flogel/public/projects/BeJG_20230130_VisDetect/conda_envs/kilosort4/lib/python3.11/site-packages/kilosort/run_kilosort.py"", line 263, in _sort', 'return torch.cuda.cudart().cudaMemGetInfo(device)\n           ^^^^^^^^^^^^^^^^^^^^^^^^^^^^^^^^^^^^^^^^^^\nRuntimeError: CUDA error: CUDA-capable device(s) is/are busy or unavailable\nCUDA kernel errors might be asynchronously reported at some other API call, so the stacktrace below might be incorrect.\nFor debugging consider passing CUDA_LAUNCH_BLOCKING=1', '^^^^^^^^^^^^^^^^^^^^^^^^^^^^^^^^^^^^^^^^^^\nRuntimeError: CUDA error: CUDA-capable device(s) is/are busy or unavailable\nCUDA kernel errors might be asynchronously reported at some other API call, so the stacktrace below might be incorrect.\nFor debugging consider passing CUDA_LAUNCH_BLOCKING=1\nCompile with `TORCH_USE_CUDA_DSA` to enable device-side assertions.', 'return torch.cuda.cudart().cudaMemGetInfo(device)\n           ^^^^^^^^^^^^^^^^^^^^^^^^^^^^^^^^^^^^^^^^^^\nRuntimeError: CUDA error: CUDA-capable device(s) is/are busy or unavailable\nCUDA kernel errors might be asynchronously reported at some other API call, so the stacktrace below might be incorrect.\nFor debugging consider passing CUDA_LAUNCH_BLOCKING=1', '^^^^^^^^^^^^^^^^^^^^^^^^^^^^^^^^^^^^^^^^^^\nRuntimeError: CUDA error: CUDA-capable device(s) is/are busy or unavailable\nCUDA kernel errors might be asynchronously reported at some other API call, so the stacktrace below might be incorrect.\nFor debugging consider passing CUDA_LAUNCH_BLOCKING=1\nCompile with `TORCH_USE_CUDA_DSA` to enable device-side assertions.']",,,"  !!! CUDA/Runtime ERROR in Window 32 Shank 1 !!!
  RuntimeError: CUDA error: CUDA-capable device(s) is/are busy or unavailable
CUDA kernel errors might be asynchronously reported at some other API call, so the stacktrace below might be incorrect.
For debugging consider passing CUDA_LAUNCH_BLOCKING=1
Compile with `TORCH_USE_CUDA_DSA` to enable device-side assertions."
132,True,True,2372,4004,['kilosort_error'],"['STDERR:\nkilosort.run_kilosort: Kilosort version 4.1.1\nkilosort.run_kilosort: Python version 3.11.13\nkilosort.run_kilosort: ----------------------------------------\nkilosort.run_kilosort: System information:\nkilosort.run_kilosort: Linux-6.8.0-106-generic-x86_64-with-glibc2.39 x86_64\nkilosort.run_kilosort: x86_64\nkilosort.run_kilosort: Using GPU for PyTorch computations. Specify `device` to change this.\nkilosort.run_kilosort: Using CUDA device: NVIDIA A100-SXM4-40GB 39.49GB\nkilosort.run_kilosort: ----------------------------------------\nkilosort.run_kilosort: Sorting /ceph/mrsic_flogel/public/projects/BeJG_20230130_VisDetect/wEPhys/BG_046/concat_sort/shank_split/BG_046_08092025/... (multiple files)\nkilosort.run_kilosort: Interpreting binary file as default dtype=\'int16\'. If data was saved in a different format, specify `data_dtype`.\nkilosort.run_kilosort: Encountered error in `run_kilosort`:\nTraceback (most recent call last):\n  File ""/ceph/mrsic_flogel/public/projects/BeJG_20230130_VisDetect/con', 'Starting Kilosort 4 at 22:00:53 ...\n\n  !!! CUDA/Runtime ERROR in Window 32 Shank 3 !!!\n  RuntimeError: CUDA error: CUDA-capable device(s) is/are busy or unavailable\nCUDA kernel errors might be asynchronously reported at some other API call, so the stacktrace below might be incorrect.', '!!! CUDA/Runtime ERROR in Window 32 Shank 3 !!!\n  RuntimeError: CUDA error: CUDA-capable device(s) is/are busy or unavailable\nCUDA kernel errors might be asynchronously reported at some other API call, so the stacktrace below might be incorrect.\nFor debugging consider passing CUDA_LAUNCH_BLOCKING=1', '!!! CUDA/Runtime ERROR in Window 32 Shank 3 !!!\n  RuntimeError: CUDA error: CUDA-capable device(s) is/are busy or unavailable\nCUDA kernel errors might be asynchronously reported at some other API call, so the stacktrace below might be incorrect.\nFor debugging consider passing CUDA_LAUNCH_BLOCKING=1\nCompile with `TORCH_USE_CUDA_DSA` to enable device-side assertions.', 'kilosort.run_kilosort: Sorting /ceph/mrsic_flogel/public/projects/BeJG_20230130_VisDetect/wEPhys/BG_046/concat_sort/shank_split/BG_046_08092025/... (multiple files)\nkilosort.run_kilosort: Interpreting binary file as default dtype=\'int16\'. If data was saved in a different format, specify `data_dtype`.\nkilosort.run_kilosort: Encountered error in `run_kilosort`:\nTraceback (most recent call last):\n  File ""/ceph/mrsic_flogel/public/projects/BeJG_20230130_VisDetect/conda_envs/kilosort4/lib/python3.11/site-packages/kilosort/run_kilosort.py"", line 263, in _sort', 'return torch.cuda.cudart().cudaMemGetInfo(device)\n           ^^^^^^^^^^^^^^^^^^^^^^^^^^^^^^^^^^^^^^^^^^\nRuntimeError: CUDA error: CUDA-capable device(s) is/are busy or unavailable\nCUDA kernel errors might be asynchronously reported at some other API call, so the stacktrace below might be incorrect.\nFor debugging consider passing CUDA_LAUNCH_BLOCKING=1', '^^^^^^^^^^^^^^^^^^^^^^^^^^^^^^^^^^^^^^^^^^\nRuntimeError: CUDA error: CUDA-capable device(s) is/are busy or unavailable\nCUDA kernel errors might be asynchronously reported at some other API call, so the stacktrace below might be incorrect.\nFor debugging consider passing CUDA_LAUNCH_BLOCKING=1\nCompile with `TORCH_USE_CUDA_DSA` to enable device-side assertions.', 'return torch.cuda.cudart().cudaMemGetInfo(device)\n           ^^^^^^^^^^^^^^^^^^^^^^^^^^^^^^^^^^^^^^^^^^\nRuntimeError: CUDA error: CUDA-capable device(s) is/are busy or unavailable\nCUDA kernel errors might be asynchronously reported at some other API call, so the stacktrace below might be incorrect.\nFor debugging consider passing CUDA_LAUNCH_BLOCKING=1', '^^^^^^^^^^^^^^^^^^^^^^^^^^^^^^^^^^^^^^^^^^\nRuntimeError: CUDA error: CUDA-capable device(s) is/are busy or unavailable\nCUDA kernel errors might be asynchronously reported at some other API call, so the stacktrace below might be incorrect.\nFor debugging consider passing CUDA_LAUNCH_BLOCKING=1\nCompile with `TORCH_USE_CUDA_DSA` to enable device-side assertions.']",,,"  !!! CUDA/Runtime ERROR in Window 32 Shank 3 !!!
  RuntimeError: CUDA error: CUDA-capable device(s) is/are busy or unavailable
CUDA kernel errors might be asynchronously reported at some other API call, so the stacktrace below might be incorrect.
For debugging consider passing CUDA_LAUNCH_BLOCKING=1
Compile with `TORCH_USE_CUDA_DSA` to enable device-side assertions."
133,True,True,2372,4004,['kilosort_error'],"['STDERR:\nkilosort.run_kilosort: Kilosort version 4.1.1\nkilosort.run_kilosort: Python version 3.11.13\nkilosort.run_kilosort: ----------------------------------------\nkilosort.run_kilosort: System information:\nkilosort.run_kilosort: Linux-6.8.0-106-generic-x86_64-with-glibc2.39 x86_64\nkilosort.run_kilosort: x86_64\nkilosort.run_kilosort: Using GPU for PyTorch computations. Specify `device` to change this.\nkilosort.run_kilosort: Using CUDA device: NVIDIA A100-SXM4-40GB 39.49GB\nkilosort.run_kilosort: ----------------------------------------\nkilosort.run_kilosort: Sorting /ceph/mrsic_flogel/public/projects/BeJG_20230130_VisDetect/wEPhys/BG_046/concat_sort/shank_split/BG_046_09092025/... (multiple files)\nkilosort.run_kilosort: Interpreting binary file as default dtype=\'int16\'. If data was saved in a different format, specify `data_dtype`.\nkilosort.run_kilosort: Encountered error in `run_kilosort`:\nTraceback (most recent call last):\n  File ""/ceph/mrsic_flogel/public/projects/BeJG_20230130_VisDetect/con', 'Starting Kilosort 4 at 22:01:00 ...\n\n  !!! CUDA/Runtime ERROR in Window 33 Shank 0 !!!\n  RuntimeError: CUDA error: CUDA-capable device(s) is/are busy or unavailable\nCUDA kernel errors might be asynchronously reported at some other API call, so the stacktrace below might be incorrect.', '!!! CUDA/Runtime ERROR in Window 33 Shank 0 !!!\n  RuntimeError: CUDA error: CUDA-capable device(s) is/are busy or unavailable\nCUDA kernel errors might be asynchronously reported at some other API call, so the stacktrace below might be incorrect.\nFor debugging consider passing CUDA_LAUNCH_BLOCKING=1', '!!! CUDA/Runtime ERROR in Window 33 Shank 0 !!!\n  RuntimeError: CUDA error: CUDA-capable device(s) is/are busy or unavailable\nCUDA kernel errors might be asynchronously reported at some other API call, so the stacktrace below might be incorrect.\nFor debugging consider passing CUDA_LAUNCH_BLOCKING=1\nCompile with `TORCH_USE_CUDA_DSA` to enable device-side assertions.', 'kilosort.run_kilosort: Sorting /ceph/mrsic_flogel/public/projects/BeJG_20230130_VisDetect/wEPhys/BG_046/concat_sort/shank_split/BG_046_09092025/... (multiple files)\nkilosort.run_kilosort: Interpreting binary file as default dtype=\'int16\'. If data was saved in a different format, specify `data_dtype`.\nkilosort.run_kilosort: Encountered error in `run_kilosort`:\nTraceback (most recent call last):\n  File ""/ceph/mrsic_flogel/public/projects/BeJG_20230130_VisDetect/conda_envs/kilosort4/lib/python3.11/site-packages/kilosort/run_kilosort.py"", line 263, in _sort', 'return torch.cuda.cudart().cudaMemGetInfo(device)\n           ^^^^^^^^^^^^^^^^^^^^^^^^^^^^^^^^^^^^^^^^^^\nRuntimeError: CUDA error: CUDA-capable device(s) is/are busy or unavailable\nCUDA kernel errors might be asynchronously reported at some other API call, so the stacktrace below might be incorrect.\nFor debugging consider passing CUDA_LAUNCH_BLOCKING=1', '^^^^^^^^^^^^^^^^^^^^^^^^^^^^^^^^^^^^^^^^^^\nRuntimeError: CUDA error: CUDA-capable device(s) is/are busy or unavailable\nCUDA kernel errors might be asynchronously reported at some other API call, so the stacktrace below might be incorrect.\nFor debugging consider passing CUDA_LAUNCH_BLOCKING=1\nCompile with `TORCH_USE_CUDA_DSA` to enable device-side assertions.', 'return torch.cuda.cudart().cudaMemGetInfo(device)\n           ^^^^^^^^^^^^^^^^^^^^^^^^^^^^^^^^^^^^^^^^^^\nRuntimeError: CUDA error: CUDA-capable device(s) is/are busy or unavailable\nCUDA kernel errors might be asynchronously reported at some other API call, so the stacktrace below might be incorrect.\nFor debugging consider passing CUDA_LAUNCH_BLOCKING=1', '^^^^^^^^^^^^^^^^^^^^^^^^^^^^^^^^^^^^^^^^^^\nRuntimeError: CUDA error: CUDA-capable device(s) is/are busy or unavailable\nCUDA kernel errors might be asynchronously reported at some other API call, so the stacktrace below might be incorrect.\nFor debugging consider passing CUDA_LAUNCH_BLOCKING=1\nCompile with `TORCH_USE_CUDA_DSA` to enable device-side assertions.']",,,"  !!! CUDA/Runtime ERROR in Window 33 Shank 0 !!!
  RuntimeError: CUDA error: CUDA-capable device(s) is/are busy or unavailable
CUDA kernel errors might be asynchronously reported at some other API call, so the stacktrace below might be incorrect.
For debugging consider passing CUDA_LAUNCH_BLOCKING=1
Compile with `TORCH_USE_CUDA_DSA` to enable device-side assertions."
134,True,True,2372,4004,['kilosort_error'],"['STDERR:\nkilosort.run_kilosort: Kilosort version 4.1.1\nkilosort.run_kilosort: Python version 3.11.13\nkilosort.run_kilosort: ----------------------------------------\nkilosort.run_kilosort: System information:\nkilosort.run_kilosort: Linux-6.8.0-106-generic-x86_64-with-glibc2.39 x86_64\nkilosort.run_kilosort: x86_64\nkilosort.run_kilosort: Using GPU for PyTorch computations. Specify `device` to change this.\nkilosort.run_kilosort: Using CUDA device: NVIDIA A100-SXM4-40GB 39.49GB\nkilosort.run_kilosort: ----------------------------------------\nkilosort.run_kilosort: Sorting /ceph/mrsic_flogel/public/projects/BeJG_20230130_VisDetect/wEPhys/BG_046/concat_sort/shank_split/BG_046_09092025/... (multiple files)\nkilosort.run_kilosort: Interpreting binary file as default dtype=\'int16\'. If data was saved in a different format, specify `data_dtype`.\nkilosort.run_kilosort: Encountered error in `run_kilosort`:\nTraceback (most recent call last):\n  File ""/ceph/mrsic_flogel/public/projects/BeJG_20230130_VisDetect/con', 'Starting Kilosort 4 at 22:01:07 ...\n\n  !!! CUDA/Runtime ERROR in Window 33 Shank 1 !!!\n  RuntimeError: CUDA error: CUDA-capable device(s) is/are busy or unavailable\nCUDA kernel errors might be asynchronously reported at some other API call, so the stacktrace below might be incorrect.', '!!! CUDA/Runtime ERROR in Window 33 Shank 1 !!!\n  RuntimeError: CUDA error: CUDA-capable device(s) is/are busy or unavailable\nCUDA kernel errors might be asynchronously reported at some other API call, so the stacktrace below might be incorrect.\nFor debugging consider passing CUDA_LAUNCH_BLOCKING=1', '!!! CUDA/Runtime ERROR in Window 33 Shank 1 !!!\n  RuntimeError: CUDA error: CUDA-capable device(s) is/are busy or unavailable\nCUDA kernel errors might be asynchronously reported at some other API call, so the stacktrace below might be incorrect.\nFor debugging consider passing CUDA_LAUNCH_BLOCKING=1\nCompile with `TORCH_USE_CUDA_DSA` to enable device-side assertions.', 'kilosort.run_kilosort: Sorting /ceph/mrsic_flogel/public/projects/BeJG_20230130_VisDetect/wEPhys/BG_046/concat_sort/shank_split/BG_046_09092025/... (multiple files)\nkilosort.run_kilosort: Interpreting binary file as default dtype=\'int16\'. If data was saved in a different format, specify `data_dtype`.\nkilosort.run_kilosort: Encountered error in `run_kilosort`:\nTraceback (most recent call last):\n  File ""/ceph/mrsic_flogel/public/projects/BeJG_20230130_VisDetect/conda_envs/kilosort4/lib/python3.11/site-packages/kilosort/run_kilosort.py"", line 263, in _sort', 'return torch.cuda.cudart().cudaMemGetInfo(device)\n           ^^^^^^^^^^^^^^^^^^^^^^^^^^^^^^^^^^^^^^^^^^\nRuntimeError: CUDA error: CUDA-capable device(s) is/are busy or unavailable\nCUDA kernel errors might be asynchronously reported at some other API call, so the stacktrace below might be incorrect.\nFor debugging consider passing CUDA_LAUNCH_BLOCKING=1', '^^^^^^^^^^^^^^^^^^^^^^^^^^^^^^^^^^^^^^^^^^\nRuntimeError: CUDA error: CUDA-capable device(s) is/are busy or unavailable\nCUDA kernel errors might be asynchronously reported at some other API call, so the stacktrace below might be incorrect.\nFor debugging consider passing CUDA_LAUNCH_BLOCKING=1\nCompile with `TORCH_USE_CUDA_DSA` to enable device-side assertions.', 'return torch.cuda.cudart().cudaMemGetInfo(device)\n           ^^^^^^^^^^^^^^^^^^^^^^^^^^^^^^^^^^^^^^^^^^\nRuntimeError: CUDA error: CUDA-capable device(s) is/are busy or unavailable\nCUDA kernel errors might be asynchronously reported at some other API call, so the stacktrace below might be incorrect.\nFor debugging consider passing CUDA_LAUNCH_BLOCKING=1', '^^^^^^^^^^^^^^^^^^^^^^^^^^^^^^^^^^^^^^^^^^\nRuntimeError: CUDA error: CUDA-capable device(s) is/are busy or unavailable\nCUDA kernel errors might be asynchronously reported at some other API call, so the stacktrace below might be incorrect.\nFor debugging consider passing CUDA_LAUNCH_BLOCKING=1\nCompile with `TORCH_USE_CUDA_DSA` to enable device-side assertions.']",,,"  !!! CUDA/Runtime ERROR in Window 33 Shank 1 !!!
  RuntimeError: CUDA error: CUDA-capable device(s) is/are busy or unavailable
CUDA kernel errors might be asynchronously reported at some other API call, so the stacktrace below might be incorrect.
For debugging consider passing CUDA_LAUNCH_BLOCKING=1
Compile with `TORCH_USE_CUDA_DSA` to enable device-side assertions."
135,True,True,2372,4004,['kilosort_error'],"['STDERR:\nkilosort.run_kilosort: Kilosort version 4.1.1\nkilosort.run_kilosort: Python version 3.11.13\nkilosort.run_kilosort: ----------------------------------------\nkilosort.run_kilosort: System information:\nkilosort.run_kilosort: Linux-6.8.0-106-generic-x86_64-with-glibc2.39 x86_64\nkilosort.run_kilosort: x86_64\nkilosort.run_kilosort: Using GPU for PyTorch computations. Specify `device` to change this.\nkilosort.run_kilosort: Using CUDA device: NVIDIA A100-SXM4-40GB 39.49GB\nkilosort.run_kilosort: ----------------------------------------\nkilosort.run_kilosort: Sorting /ceph/mrsic_flogel/public/projects/BeJG_20230130_VisDetect/wEPhys/BG_046/concat_sort/shank_split/BG_046_09092025/... (multiple files)\nkilosort.run_kilosort: Interpreting binary file as default dtype=\'int16\'. If data was saved in a different format, specify `data_dtype`.\nkilosort.run_kilosort: Encountered error in `run_kilosort`:\nTraceback (most recent call last):\n  File ""/ceph/mrsic_flogel/public/projects/BeJG_20230130_VisDetect/con', 'Starting Kilosort 4 at 22:01:14 ...\n\n  !!! CUDA/Runtime ERROR in Window 33 Shank 2 !!!\n  RuntimeError: CUDA error: CUDA-capable device(s) is/are busy or unavailable\nCUDA kernel errors might be asynchronously reported at some other API call, so the stacktrace below might be incorrect.', '!!! CUDA/Runtime ERROR in Window 33 Shank 2 !!!\n  RuntimeError: CUDA error: CUDA-capable device(s) is/are busy or unavailable\nCUDA kernel errors might be asynchronously reported at some other API call, so the stacktrace below might be incorrect.\nFor debugging consider passing CUDA_LAUNCH_BLOCKING=1', '!!! CUDA/Runtime ERROR in Window 33 Shank 2 !!!\n  RuntimeError: CUDA error: CUDA-capable device(s) is/are busy or unavailable\nCUDA kernel errors might be asynchronously reported at some other API call, so the stacktrace below might be incorrect.\nFor debugging consider passing CUDA_LAUNCH_BLOCKING=1\nCompile with `TORCH_USE_CUDA_DSA` to enable device-side assertions.', 'kilosort.run_kilosort: Sorting /ceph/mrsic_flogel/public/projects/BeJG_20230130_VisDetect/wEPhys/BG_046/concat_sort/shank_split/BG_046_09092025/... (multiple files)\nkilosort.run_kilosort: Interpreting binary file as default dtype=\'int16\'. If data was saved in a different format, specify `data_dtype`.\nkilosort.run_kilosort: Encountered error in `run_kilosort`:\nTraceback (most recent call last):\n  File ""/ceph/mrsic_flogel/public/projects/BeJG_20230130_VisDetect/conda_envs/kilosort4/lib/python3.11/site-packages/kilosort/run_kilosort.py"", line 263, in _sort', 'return torch.cuda.cudart().cudaMemGetInfo(device)\n           ^^^^^^^^^^^^^^^^^^^^^^^^^^^^^^^^^^^^^^^^^^\nRuntimeError: CUDA error: CUDA-capable device(s) is/are busy or unavailable\nCUDA kernel errors might be asynchronously reported at some other API call, so the stacktrace below might be incorrect.\nFor debugging consider passing CUDA_LAUNCH_BLOCKING=1', '^^^^^^^^^^^^^^^^^^^^^^^^^^^^^^^^^^^^^^^^^^\nRuntimeError: CUDA error: CUDA-capable device(s) is/are busy or unavailable\nCUDA kernel errors might be asynchronously reported at some other API call, so the stacktrace below might be incorrect.\nFor debugging consider passing CUDA_LAUNCH_BLOCKING=1\nCompile with `TORCH_USE_CUDA_DSA` to enable device-side assertions.', 'return torch.cuda.cudart().cudaMemGetInfo(device)\n           ^^^^^^^^^^^^^^^^^^^^^^^^^^^^^^^^^^^^^^^^^^\nRuntimeError: CUDA error: CUDA-capable device(s) is/are busy or unavailable\nCUDA kernel errors might be asynchronously reported at some other API call, so the stacktrace below might be incorrect.\nFor debugging consider passing CUDA_LAUNCH_BLOCKING=1', '^^^^^^^^^^^^^^^^^^^^^^^^^^^^^^^^^^^^^^^^^^\nRuntimeError: CUDA error: CUDA-capable device(s) is/are busy or unavailable\nCUDA kernel errors might be asynchronously reported at some other API call, so the stacktrace below might be incorrect.\nFor debugging consider passing CUDA_LAUNCH_BLOCKING=1\nCompile with `TORCH_USE_CUDA_DSA` to enable device-side assertions.']",,,"  !!! CUDA/Runtime ERROR in Window 33 Shank 2 !!!
  RuntimeError: CUDA error: CUDA-capable device(s) is/are busy or unavailable
CUDA kernel errors might be asynchronously reported at some other API call, so the stacktrace below might be incorrect.
For debugging consider passing CUDA_LAUNCH_BLOCKING=1
Compile with `TORCH_USE_CUDA_DSA` to enable device-side assertions."
136,True,True,2372,4004,['kilosort_error'],"['STDERR:\nkilosort.run_kilosort: Kilosort version 4.1.1\nkilosort.run_kilosort: Python version 3.11.13\nkilosort.run_kilosort: ----------------------------------------\nkilosort.run_kilosort: System information:\nkilosort.run_kilosort: Linux-6.8.0-106-generic-x86_64-with-glibc2.39 x86_64\nkilosort.run_kilosort: x86_64\nkilosort.run_kilosort: Using GPU for PyTorch computations. Specify `device` to change this.\nkilosort.run_kilosort: Using CUDA device: NVIDIA A100-SXM4-40GB 39.49GB\nkilosort.run_kilosort: ----------------------------------------\nkilosort.run_kilosort: Sorting /ceph/mrsic_flogel/public/projects/BeJG_20230130_VisDetect/wEPhys/BG_046/concat_sort/shank_split/BG_046_09092025/... (multiple files)\nkilosort.run_kilosort: Interpreting binary file as default dtype=\'int16\'. If data was saved in a different format, specify `data_dtype`.\nkilosort.run_kilosort: Encountered error in `run_kilosort`:\nTraceback (most recent call last):\n  File ""/ceph/mrsic_flogel/public/projects/BeJG_20230130_VisDetect/con', 'Starting Kilosort 4 at 22:01:21 ...\n\n  !!! CUDA/Runtime ERROR in Window 33 Shank 3 !!!\n  RuntimeError: CUDA error: CUDA-capable device(s) is/are busy or unavailable\nCUDA kernel errors might be asynchronously reported at some other API call, so the stacktrace below might be incorrect.', '!!! CUDA/Runtime ERROR in Window 33 Shank 3 !!!\n  RuntimeError: CUDA error: CUDA-capable device(s) is/are busy or unavailable\nCUDA kernel errors might be asynchronously reported at some other API call, so the stacktrace below might be incorrect.\nFor debugging consider passing CUDA_LAUNCH_BLOCKING=1', '!!! CUDA/Runtime ERROR in Window 33 Shank 3 !!!\n  RuntimeError: CUDA error: CUDA-capable device(s) is/are busy or unavailable\nCUDA kernel errors might be asynchronously reported at some other API call, so the stacktrace below might be incorrect.\nFor debugging consider passing CUDA_LAUNCH_BLOCKING=1\nCompile with `TORCH_USE_CUDA_DSA` to enable device-side assertions.', 'kilosort.run_kilosort: Sorting /ceph/mrsic_flogel/public/projects/BeJG_20230130_VisDetect/wEPhys/BG_046/concat_sort/shank_split/BG_046_09092025/... (multiple files)\nkilosort.run_kilosort: Interpreting binary file as default dtype=\'int16\'. If data was saved in a different format, specify `data_dtype`.\nkilosort.run_kilosort: Encountered error in `run_kilosort`:\nTraceback (most recent call last):\n  File ""/ceph/mrsic_flogel/public/projects/BeJG_20230130_VisDetect/conda_envs/kilosort4/lib/python3.11/site-packages/kilosort/run_kilosort.py"", line 263, in _sort', 'return torch.cuda.cudart().cudaMemGetInfo(device)\n           ^^^^^^^^^^^^^^^^^^^^^^^^^^^^^^^^^^^^^^^^^^\nRuntimeError: CUDA error: CUDA-capable device(s) is/are busy or unavailable\nCUDA kernel errors might be asynchronously reported at some other API call, so the stacktrace below might be incorrect.\nFor debugging consider passing CUDA_LAUNCH_BLOCKING=1', '^^^^^^^^^^^^^^^^^^^^^^^^^^^^^^^^^^^^^^^^^^\nRuntimeError: CUDA error: CUDA-capable device(s) is/are busy or unavailable\nCUDA kernel errors might be asynchronously reported at some other API call, so the stacktrace below might be incorrect.\nFor debugging consider passing CUDA_LAUNCH_BLOCKING=1\nCompile with `TORCH_USE_CUDA_DSA` to enable device-side assertions.', 'return torch.cuda.cudart().cudaMemGetInfo(device)\n           ^^^^^^^^^^^^^^^^^^^^^^^^^^^^^^^^^^^^^^^^^^\nRuntimeError: CUDA error: CUDA-capable device(s) is/are busy or unavailable\nCUDA kernel errors might be asynchronously reported at some other API call, so the stacktrace below might be incorrect.\nFor debugging consider passing CUDA_LAUNCH_BLOCKING=1', '^^^^^^^^^^^^^^^^^^^^^^^^^^^^^^^^^^^^^^^^^^\nRuntimeError: CUDA error: CUDA-capable device(s) is/are busy or unavailable\nCUDA kernel errors might be asynchronously reported at some other API call, so the stacktrace below might be incorrect.\nFor debugging consider passing CUDA_LAUNCH_BLOCKING=1\nCompile with `TORCH_USE_CUDA_DSA` to enable device-side assertions.']",,,"  !!! CUDA/Runtime ERROR in Window 33 Shank 3 !!!
  RuntimeError: CUDA error: CUDA-capable device(s) is/are busy or unavailable
CUDA kernel errors might be asynchronously reported at some other API call, so the stacktrace below might be incorrect.
For debugging consider passing CUDA_LAUNCH_BLOCKING=1
Compile with `TORCH_USE_CUDA_DSA` to enable device-side assertions."
